<?xml version="1.0" encoding="utf-8"?>
<COLLADA xmlns="http://www.collada.org/2005/11/COLLADASchema" version="1.4.1" xmlns:xsi="http://www.w3.org/2001/XMLSchema-instance">
  <asset>
    <contributor>
      <author>Blender User</author>
      <authoring_tool>Blender 3.3.1 commit date:2022-10-04, commit time:18:35, hash:b292cfe5a936</authoring_tool>
    </contributor>
    <created>2022-12-16T16:34:01</created>
    <modified>2022-12-16T16:34:01</modified>
    <unit name="meter" meter="1"/>
    <up_axis>Z_UP</up_axis>
  </asset>
  <library_effects>
    <effect id="Color_H03_003-effect">
      <profile_COMMON>
        <technique sid="common">
          <lambert>
            <emission>
              <color sid="emission">0 0 0 1</color>
            </emission>
            <diffuse>
              <color sid="diffuse">0.396078 1 1 1</color>
            </diffuse>
            <index_of_refraction>
              <float sid="ior">1.45</float>
            </index_of_refraction>
          </lambert>
        </technique>
      </profile_COMMON>
    </effect>
    <effect id="Color_K02_003-effect">
      <profile_COMMON>
        <technique sid="common">
          <lambert>
            <emission>
              <color sid="emission">0 0 0 1</color>
            </emission>
            <diffuse>
              <color sid="diffuse">1 0.6 1 1</color>
            </diffuse>
            <index_of_refraction>
              <float sid="ior">1.45</float>
            </index_of_refraction>
          </lambert>
        </technique>
      </profile_COMMON>
    </effect>
    <effect id="Color_M02_003-effect">
      <profile_COMMON>
        <technique sid="common">
          <lambert>
            <emission>
              <color sid="emission">0 0 0 1</color>
            </emission>
            <diffuse>
              <color sid="diffuse">0.776471 0.776471 0.776471 1</color>
            </diffuse>
            <index_of_refraction>
              <float sid="ior">1.45</float>
            </index_of_refraction>
          </lambert>
        </technique>
      </profile_COMMON>
    </effect>
    <effect id="Color_G07_003-effect">
      <profile_COMMON>
        <technique sid="common">
          <lambert>
            <emission>
              <color sid="emission">0 0 0 1</color>
            </emission>
            <diffuse>
              <color sid="diffuse">0 0.6 0 1</color>
            </diffuse>
            <index_of_refraction>
              <float sid="ior">1.45</float>
            </index_of_refraction>
          </lambert>
        </technique>
      </profile_COMMON>
    </effect>
    <effect id="Color_M09_003-effect">
      <profile_COMMON>
        <technique sid="common">
          <lambert>
            <emission>
              <color sid="emission">0 0 0 1</color>
            </emission>
            <diffuse>
              <color sid="diffuse">0 0 0 1</color>
            </diffuse>
            <index_of_refraction>
              <float sid="ior">1.45</float>
            </index_of_refraction>
          </lambert>
        </technique>
      </profile_COMMON>
    </effect>
    <effect id="Color_H06_003-effect">
      <profile_COMMON>
        <technique sid="common">
          <lambert>
            <emission>
              <color sid="emission">0 0 0 1</color>
            </emission>
            <diffuse>
              <color sid="diffuse">0 0.8 0.8 1</color>
            </diffuse>
            <index_of_refraction>
              <float sid="ior">1.45</float>
            </index_of_refraction>
          </lambert>
        </technique>
      </profile_COMMON>
    </effect>
    <effect id="Color_D06_003-effect">
      <profile_COMMON>
        <technique sid="common">
          <lambert>
            <emission>
              <color sid="emission">0 0 0 1</color>
            </emission>
            <diffuse>
              <color sid="diffuse">0.8 0.6 0 1</color>
            </diffuse>
            <index_of_refraction>
              <float sid="ior">1.45</float>
            </index_of_refraction>
          </lambert>
        </technique>
      </profile_COMMON>
    </effect>
    <effect id="Color_M00_003-effect">
      <profile_COMMON>
        <technique sid="common">
          <lambert>
            <emission>
              <color sid="emission">0 0 0 1</color>
            </emission>
            <diffuse>
              <color sid="diffuse">1 1 1 1</color>
            </diffuse>
            <index_of_refraction>
              <float sid="ior">1.45</float>
            </index_of_refraction>
          </lambert>
        </technique>
      </profile_COMMON>
    </effect>
    <effect id="Color_H05_003-effect">
      <profile_COMMON>
        <technique sid="common">
          <lambert>
            <emission>
              <color sid="emission">0 0 0 1</color>
            </emission>
            <diffuse>
              <color sid="diffuse">0 1 1 1</color>
            </diffuse>
            <index_of_refraction>
              <float sid="ior">1.45</float>
            </index_of_refraction>
          </lambert>
        </technique>
      </profile_COMMON>
    </effect>
    <effect id="Color_H02_003-effect">
      <profile_COMMON>
        <technique sid="common">
          <lambert>
            <emission>
              <color sid="emission">0 0 0 1</color>
            </emission>
            <diffuse>
              <color sid="diffuse">0.6 1 1 1</color>
            </diffuse>
            <index_of_refraction>
              <float sid="ior">1.45</float>
            </index_of_refraction>
          </lambert>
        </technique>
      </profile_COMMON>
    </effect>
    <effect id="Color_E02_003-effect">
      <profile_COMMON>
        <technique sid="common">
          <lambert>
            <emission>
              <color sid="emission">0 0 0 1</color>
            </emission>
            <diffuse>
              <color sid="diffuse">1 1 0.6 1</color>
            </diffuse>
            <index_of_refraction>
              <float sid="ior">1.45</float>
            </index_of_refraction>
          </lambert>
        </technique>
      </profile_COMMON>
    </effect>
    <effect id="Color_E01_003-effect">
      <profile_COMMON>
        <technique sid="common">
          <lambert>
            <emission>
              <color sid="emission">0 0 0 1</color>
            </emission>
            <diffuse>
              <color sid="diffuse">1 1 0.8 1</color>
            </diffuse>
            <index_of_refraction>
              <float sid="ior">1.45</float>
            </index_of_refraction>
          </lambert>
        </technique>
      </profile_COMMON>
    </effect>
    <effect id="Color_M07_003-effect">
      <profile_COMMON>
        <technique sid="common">
          <lambert>
            <emission>
              <color sid="emission">0 0 0 1</color>
            </emission>
            <diffuse>
              <color sid="diffuse">0.227451 0.227451 0.227451 1</color>
            </diffuse>
            <index_of_refraction>
              <float sid="ior">1.45</float>
            </index_of_refraction>
          </lambert>
        </technique>
      </profile_COMMON>
    </effect>
    <effect id="Color_D02_003-effect">
      <profile_COMMON>
        <technique sid="common">
          <lambert>
            <emission>
              <color sid="emission">0 0 0 1</color>
            </emission>
            <diffuse>
              <color sid="diffuse">1 0.898039 0.6 1</color>
            </diffuse>
            <index_of_refraction>
              <float sid="ior">1.45</float>
            </index_of_refraction>
          </lambert>
        </technique>
      </profile_COMMON>
    </effect>
    <effect id="Color_B04_003-effect">
      <profile_COMMON>
        <technique sid="common">
          <lambert>
            <emission>
              <color sid="emission">0 0 0 1</color>
            </emission>
            <diffuse>
              <color sid="diffuse">1 0.396078 0.196078 1</color>
            </diffuse>
            <index_of_refraction>
              <float sid="ior">1.45</float>
            </index_of_refraction>
          </lambert>
        </technique>
      </profile_COMMON>
    </effect>
    <effect id="Color_M08_003-effect">
      <profile_COMMON>
        <technique sid="common">
          <lambert>
            <emission>
              <color sid="emission">0 0 0 1</color>
            </emission>
            <diffuse>
              <color sid="diffuse">0.117647 0.117647 0.117647 1</color>
            </diffuse>
            <index_of_refraction>
              <float sid="ior">1.45</float>
            </index_of_refraction>
          </lambert>
        </technique>
      </profile_COMMON>
    </effect>
    <effect id="Niraj_Pant_Shadow_002-effect">
      <profile_COMMON>
        <technique sid="common">
          <lambert>
            <emission>
              <color sid="emission">0 0 0 1</color>
            </emission>
            <diffuse>
              <color sid="diffuse">0.392157 0.584314 0.929412 1</color>
            </diffuse>
            <transparent opaque="A_ONE">
              <color sid="alpha">0 0 0 0.95</color>
            </transparent>
            <index_of_refraction>
              <float sid="ior">1.45</float>
            </index_of_refraction>
          </lambert>
        </technique>
      </profile_COMMON>
    </effect>
    <effect id="Color_M05_003-effect">
      <profile_COMMON>
        <technique sid="common">
          <lambert>
            <emission>
              <color sid="emission">0 0 0 1</color>
            </emission>
            <diffuse>
              <color sid="diffuse">0.447059 0.447059 0.447059 1</color>
            </diffuse>
            <index_of_refraction>
              <float sid="ior">1.45</float>
            </index_of_refraction>
          </lambert>
        </technique>
      </profile_COMMON>
    </effect>
    <effect id="FrontColor_003-effect">
      <profile_COMMON>
        <technique sid="common">
          <lambert>
            <emission>
              <color sid="emission">0 0 0 1</color>
            </emission>
            <diffuse>
              <color sid="diffuse">1 1 1 1</color>
            </diffuse>
            <index_of_refraction>
              <float sid="ior">1.45</float>
            </index_of_refraction>
          </lambert>
        </technique>
      </profile_COMMON>
    </effect>
  </library_effects>
  <library_images/>
  <library_materials>
    <material id="Color_H03_003-material" name="Color_H03.003">
      <instance_effect url="#Color_H03_003-effect"/>
    </material>
    <material id="Color_K02_003-material" name="Color_K02.003">
      <instance_effect url="#Color_K02_003-effect"/>
    </material>
    <material id="Color_M02_003-material" name="Color_M02.003">
      <instance_effect url="#Color_M02_003-effect"/>
    </material>
    <material id="Color_G07_003-material" name="Color_G07.003">
      <instance_effect url="#Color_G07_003-effect"/>
    </material>
    <material id="Color_M09_003-material" name="Color_M09.003">
      <instance_effect url="#Color_M09_003-effect"/>
    </material>
    <material id="Color_H06_003-material" name="Color_H06.003">
      <instance_effect url="#Color_H06_003-effect"/>
    </material>
    <material id="Color_D06_003-material" name="Color_D06.003">
      <instance_effect url="#Color_D06_003-effect"/>
    </material>
    <material id="Color_M00_003-material" name="Color_M00.003">
      <instance_effect url="#Color_M00_003-effect"/>
    </material>
    <material id="Color_H05_003-material" name="Color_H05.003">
      <instance_effect url="#Color_H05_003-effect"/>
    </material>
    <material id="Color_H02_003-material" name="Color_H02.003">
      <instance_effect url="#Color_H02_003-effect"/>
    </material>
    <material id="Color_E02_003-material" name="Color_E02.003">
      <instance_effect url="#Color_E02_003-effect"/>
    </material>
    <material id="Color_E01_003-material" name="Color_E01.003">
      <instance_effect url="#Color_E01_003-effect"/>
    </material>
    <material id="Color_M07_003-material" name="Color_M07.003">
      <instance_effect url="#Color_M07_003-effect"/>
    </material>
    <material id="Color_D02_003-material" name="Color_D02.003">
      <instance_effect url="#Color_D02_003-effect"/>
    </material>
    <material id="Color_B04_003-material" name="Color_B04.003">
      <instance_effect url="#Color_B04_003-effect"/>
    </material>
    <material id="Color_M08_003-material" name="Color_M08.003">
      <instance_effect url="#Color_M08_003-effect"/>
    </material>
    <material id="Niraj_Pant_Shadow_002-material" name="Niraj_Pant_Shadow.002">
      <instance_effect url="#Niraj_Pant_Shadow_002-effect"/>
    </material>
    <material id="Color_M05_003-material" name="Color_M05.003">
      <instance_effect url="#Color_M05_003-effect"/>
    </material>
    <material id="FrontColor_003-material" name="FrontColor.003">
      <instance_effect url="#FrontColor_003-effect"/>
    </material>
  </library_materials>
  <library_geometries>
    <geometry id="Tòa_bò_sữa-mesh" name="Tòa bò sữa">
      <mesh>
        <source id="Tòa_bò_sữa-mesh-positions">
          <float_array id="Tòa_bò_sữa-mesh-positions-array" count="9399">3025.24 980.972 -3995.56 3194.24 980.972 -3995.56 3194.24 980.972 -3219.56 3025.24 980.972 -3219.56 3025.24 3849.14 -3995.56 3194.24 3849.14 -3995.56 3025.24 3849.14 -3219.56 3194.24 3849.14 -3219.56 3025.24 980.972 -6947.56 3194.24 980.972 -6947.56 3194.24 980.972 -6171.56 3025.24 980.972 -6171.56 3025.24 3849.14 -6947.56 3194.24 3849.14 -6947.56 3025.24 3849.14 -6171.56 3194.24 3849.14 -6171.56 7438 0 0 7438 0 -16740 7438 1024 -16740 7438 1024 0 0 0 0 0 0 -16740 1677.24 1024 0 1677.24 835 0 1477.24 835 0 1477.24 718 0 1277.24 718 0 1277.24 611 0 1077.24 611 0 1077.24 520 0 877.238 520 0 877.238 459 0 677.238 459 0 677.238 382 0 477.238 382 0 477.238 250 0 277.238 250 0 277.238 100 0 0 100 0 1677.24 1024 -16740 0 100 -16740 277.238 100 -16740 277.238 250 -16740 477.238 250 -16740 477.238 382 -16740 677.238 382 -16740 677.238 459 -16740 877.238 459 -16740 877.238 520 -16740 1077.24 520 -16740 1077.24 611 -16740 1277.24 611 -16740 1277.24 718 -16740 1477.24 718 -16740 1477.24 835 -16740 1677.24 835 -16740 3194.24 980.972 -12448.4 3194.24 980.972 -11412.4 2711.24 980.972 -11412.4 2711.24 980.972 -12448.4 3194.24 3849.14 -12448.4 3194.24 3849.14 -11412.4 2711.24 4109.13 -12448.4 2951.24 4109.13 -12448.4 2951.24 3849.14 -12448.4 2711.24 3849.14 -11412.4 2711.24 3849.14 -8313.401 2711.24 4109.13 -7820.4 2951.24 3849.14 -11412.4 2951.24 4109.13 -7820.4 2951.24 3849.14 -8313.401 2951.24 6906.74 -14160.5 2951.24 7089.49 -14091.3 2951.24 7048.99 -14166.7 2951.24 7018.53 -14248.5 2951.24 6998.82 -14334.8 2951.24 6990.31 -14423.7 2951.24 6993.19 -14513.1 2951.24 7007.41 -14600.9 2951.24 7032.62 -14685.2 2951.24 7068.26 -14764 2951.24 7113.49 -14835.4 2951.24 7167.29 -14897.9 2951.24 7228.4 -14949.9 2951.24 7295.43 -14990.4 2951.24 5597.78 -14152.1 2951.24 5620.48 -14085.2 2951.24 5852.57 -14085.3 2951.24 6146.15 -14179.2 2951.24 6335.71 -14213.7 2951.24 6527.35 -14222.1 2951.24 6718.53 -14204.3 2951.24 6171.57 -13887.9 2951.24 6249.5 -13909 2951.24 6329.11 -13917.4 2951.24 6408.94 -13912.7 2951.24 6487.49 -13895.1 2951.24 6563.27 -13864.8 2951.24 6634.89 -13822.6 2951.24 6701 -13769.1 2951.24 6760.35 -13705.4 2951.24 6811.85 -13632.6 2951.24 6854.53 -13552.2 2951.24 6887.58 -13465.6 2951.24 6910.4 -13374.4 2951.24 6889.97 -13195.7 2951.24 6909.08 -13016.7 2951.24 6966.45 -12849.8 2951.24 7058.15 -12706.2 2951.24 7177.94 -12595.8 2951.24 7317.66 -12526 2951.24 7467.78 -12501.7 2951.24 7618.08 -12524.5 2951.24 7758.3 -12592.8 2951.24 7878.9 -12701.9 2951.24 7971.66 -12844.5 2951.24 8030.25 -13010.9 2951.24 7945.35 -13215.6 2951.24 7841.3 -13407.3 2951.24 7719.46 -13583.6 2951.24 7581.45 -13742.1 2951.24 7429.08 -13880.8 2951.24 7264.37 -13997.7 2951.24 8030.25 -11400.3 2951.24 8030.25 -11879.8 2951.24 7786.27 -11917.3 2951.24 7547.92 -11989.8 2951.24 7318.72 -12096.2 2951.24 7102.07 -12234.9 2951.24 6901.18 -12403.9 2951.24 6719.01 -12600.7 2951.24 6558.26 -12822.4 2951.24 6421.3 -13065.7 2951.24 6310.18 -13327 2951.24 6226.52 -13602.4 2951.24 6362.62 -11898.8 7438 8030.25 0 7438 8030.25 -16740 2951.24 8030.25 -16740 2951.24 8030.25 -15553.2 2951.24 8030.25 -15353.2 2951.24 8030.25 -14182 2951.24 8030.25 -11209.4 2951.24 8030.25 -9697.88 2951.24 8030.25 -9355.361 2951.24 8030.25 -6985.78 2951.24 8030.25 -6885.78 2951.24 8030.25 -5782.73 2951.24 8030.25 -5671.48 2951.24 8030.25 -3142.43 2951.24 8030.25 -2912.88 2951.24 8030.25 -2824.46 2951.24 8030.25 -1466.16 2951.24 8030.25 -1219.48 2951.24 8030.25 0 7438 3332.97 0 7438 3332.97 -16740 7438 980.972 0 7438 980.972 -16740 3179.24 980.972 0 3179.24 980.972 -6171.56 3194.24 980.972 -6947.56 3179.24 980.972 -11412.4 3179.24 980.972 -15633.1 2951.24 980.972 -15633.1 2951.24 980.972 -16186.6 2951.24 980.972 -16740 3179.24 3332.97 0 2951.24 6022.27 0 2951.24 5939.69 0 2951.24 3849.14 0 3179.24 3849.14 0 2951.24 7950.02 -253.588 2951.24 7861.09 -238.845 2951.24 7771.59 -230.214 2951.24 7681.83 -227.724 2951.24 7592.1 -231.384 2951.24 7502.69 -241.182 2951.24 7413.9 -257.085 2951.24 7326.02 -279.04 2951.24 7239.35 -306.975 2951.24 7154.18 -340.797 2951.24 7070.78 -380.394 2951.24 6989.43 -425.636 2951.24 6910.4 -476.373 2951.24 6890.33 -534.946 2951.24 6862.67 -588.953 2951.24 6828.12 -637.01 2951.24 6787.56 -677.884 2951.24 6742.05 -710.526 2951.24 6692.74 -734.098 2951.24 6640.9 -747.997 2951.24 6587.86 -751.865 2951.24 6534.99 -745.604 2951.24 6483.63 -729.373 2951.24 6446.25 -709.513 2951.24 6390.66 -668.915 2951.24 6227.31 -480.205 2951.24 6102.51 -253.588 2951.24 6435.11 -703.59 2951.24 6584.69 -810.614 2951.24 6800.02 -898.464 2951.24 7026.26 -928.226 2951.24 7252.51 -898.464 2951.24 7467.84 -810.614 2951.24 7661.86 -668.915 2951.24 7825.22 -480.205 2951.24 7816.81 -1436.01 2951.24 7697.02 -1371.4 2951.24 7571.48 -1324.74 2951.24 7442.08 -1296.74 2951.24 7310.78 -1287.83 2951.24 7179.55 -1298.15 2951.24 7050.36 -1327.52 2951.24 6925.18 -1375.52 2951.24 6805.88 -1441.42 2951.24 6694.26 -1524.22 2951.24 6592.01 -1622.68 2951.24 6500.65 -1735.31 2951.24 6421.58 -1860.42 2951.24 7017.4 -2487.24 2951.24 6839.1 -2427.88 2951.24 6946.77 -2558.45 2951.24 6768.03 -2499.98 2951.24 6543.06 -2426.39 2951.24 6520.62 -2321.85 2951.24 6456.65 -2398.12 2951.24 6433.99 -2293 2951.24 3849.14 -1545.13 2951.24 3849.14 -1432.4 2951.24 5950.28 -2232.47 2951.24 5152.89 -1971.63 2951.24 3849.14 -13488.6 2951.24 3849.14 -13973.4 3179.24 3849.14 -13973.4 3179.24 3849.14 -11412.4 3194.24 3849.14 -11412.4 3194.24 3849.14 -6947.56 3179.24 3849.14 -6171.56 2951.24 3849.14 -4134.73 2951.24 3849.14 -5461.13 2951.24 3849.14 -5681.24 2951.24 3849.14 -6573.52 2951.24 3849.14 -7465.79 2951.24 3849.14 -7606.13 2951.24 3849.14 -7899.02 2951.24 3849.14 -12557.9 2951.24 3849.14 -12650 2951.24 3849.14 -13288.6 2951.24 3849.14 -13388.6 2951.24 3849.14 -13438.6 2951.24 5251.44 -14181.1 2951.24 4991.63 -14359.4 2951.24 4869.9 -14504.2 2951.24 4747.05 -14440.9 2951.24 4546.09 -14361.9 2951.24 4340.01 -14304.5 2951.24 4130.45 -14269.3 2951.24 3919.08 -14256.5 2951.24 3707.6 -14266.2 2951.24 3497.7 -14298.4 2951.24 3291.04 -14352.7 2951.24 3089.29 -14428.8 2951.24 2894.05 -14526.1 2951.24 3918.18 -13322.7 2951.24 4484.93 -13602.6 2951.24 5496.1 -14101.9 2951.24 5254.95 -14178.6 2951.24 4411.47 -12482 2951.24 4439.19 -12578.8 2951.24 4452.71 -12679.8 2951.24 4451.62 -12782.1 2951.24 4435.96 -12882.7 2951.24 4406.18 -12978.7 2951.24 4363.15 -13067.3 2951.24 4308.12 -13145.8 2951.24 4242.68 -13212.1 2951.24 4168.74 -13264.3 2951.24 4088.43 -13300.7 2951.24 4004.1 -13320.4 2951.24 5101.83 -12153.9 2951.24 6354.52 -11749.8 2951.24 6296.39 -11918.6 2951.24 5316.44 -12211.5 2951.24 4716.64 -12390.8 2951.24 4334.92 -12221.9 2951.24 4350.16 -12206.5 2951.24 4437 -12249.3 2951.24 4537.64 -12265.1 2951.24 4638.28 -12249.3 2951.24 4732.06 -12203.1 2951.24 4812.6 -12129.5 2951.24 4874.39 -12033.6 2951.24 4913.24 -11922 2951.24 4919.88 -11861.9 2951.24 4938.88 -11846.1 2951.24 5299.29 -11456.3 2951.24 5615.5 -11015.6 2951.24 5882.45 -10530.8 2951.24 6095.86 -10009.8 2951.24 6125.07 -9907.371 2951.24 6170.05 -9864.281 2951.24 6198.95 -9866.951 2951.24 6460.13 -9952 2951.24 6703.18 -10094.1 2951.24 6685.41 -10224.7 2951.24 6651.52 -10350.8 2951.24 6602.25 -10469.5 2951.24 6538.71 -10578.1 2951.24 6462.31 -10674.3 2951.24 6374.74 -10755.9 2951.24 6277.95 -10821.1 2951.24 6174.1 -10868.4 2951.24 6049.17 -10919.8 2951.24 5928.25 -10983.3 2951.24 5812.16 -11058.5 2951.24 5701.71 -11144.9 2951.24 5597.65 -11241.9 2951.24 5500.71 -11348.9 2951.24 5411.55 -11465 2951.24 5330.78 -11589.6 2951.24 5258.97 -11721.7 2951.24 5196.59 -11860.4 2951.24 5144.09 -12004.8 2951.24 3914.38 -12526 2951.24 3978.52 -12491.2 2951.24 4041.47 -12453.3 2951.24 4103.12 -12412.6 2951.24 4163.39 -12369 2951.24 4222.17 -12322.6 2951.24 4279.37 -12273.6 2951.24 4532.47 -11339.3 2951.24 4532.44 -11340.1 2951.24 4529.52 -11418.1 2951.24 4522.51 -11480.3 2951.24 4525.13 -11535.9 2951.24 4519.14 -11696.1 2951.24 4490.76 -12051.8 2951.24 4440.7 -12110.9 2951.24 4388.72 -12167.6 2951.24 3981.96 -8219.35 2951.24 4101.08 -8547.22 2951.24 4206.21 -8881.8 2951.24 4257.43 -9073.691 2951.24 4297.08 -9222.26 2951.24 4373.45 -9567.72 2951.24 4435.14 -9917.321 2951.24 4446.81 -10005.2 2951.24 4481.29 -10265 2951.24 4481.98 -10270.2 2951.24 4513.87 -10625.4 2951.24 4530.71 -10982 2951.24 4531.57 -11157 2951.24 4558.54 -11160.9 2951.24 4538.41 -11339.4 2951.24 4537.64 -11339.3 2951.24 4560.91 -11152.4 2951.24 4572.19 -11150.7 2951.24 4557.39 -11342.3 2951.24 4540.04 -12178.5 2951.24 4538.84 -11990.3 2951.24 4537.64 -11802.2 2951.24 4550.92 -11426.1 2951.24 4615.66 -11143.8 2951.24 4706.82 -11098.9 2951.24 4785.1 -11027.4 2951.24 4845.17 -10934.2 2951.24 4882.93 -10825.7 2951.24 4895.8 -10709.2 2951.24 4882.93 -10592.7 2951.24 4845.17 -10484.2 2951.24 4843.19 -10481.2 2951.24 4951.92 -10328 2951.24 5162.49 -10125.3 2951.24 5401.33 -9973.491 2951.24 5659.92 -9877.89 2951.24 5929 -9841.951 2951.24 6138.2 -9861.331 2951.24 4777.15 -10574.2 2951.24 4576.27 -11097.8 2951.24 4644.45 -10855.2 2951.24 4684.34 -10309.2 2951.24 4684.48 -10308.5 2951.24 4706.82 -10319.5 2951.24 4785.1 -10391 2951.24 4579.86 -11051.3 2951.24 4624.37 -10678.7 2951.24 4684.44 -10308.5 2951.24 4684.14 -10308.3 2951.24 4501.67 -10028.6 2951.24 4554.9 -10066 2951.24 4601.28 -10114.7 2951.24 4639.16 -10172.9 2951.24 4667.18 -10238.5 2951.24 4720 -10059.4 2951.24 4288.42 -9103.22 2951.24 4323.32 -9125.731 2951.24 4361.03 -9140.51 2951.24 4400.34 -9147.09 2951.24 4440 -9145.26 2951.24 4478.77 -9135.071 2951.24 4515.4 -9116.861 2951.24 4548.73 -9091.201 2951.24 4577.71 -9058.911 2951.24 4601.41 -9021 2951.24 4619.09 -8978.691 2951.24 4630.18 -8933.31 2951.24 4662.14 -9054.121 2951.24 4706.6 -9301.871 2951.24 4731.17 -9553.5 2951.24 4735.65 -9806.781 2951.24 4759.64 -9943.63 2951.24 4850.08 -9582.981 2951.24 4794.37 -9542.541 2951.24 4955.42 -9228.121 2951.24 4895.76 -9201.02 2951.24 5075.42 -8879.911 2951.24 5016.96 -8849.321 2951.24 5209.78 -8539.22 2951.24 5152.67 -8505.22 2951.24 5358.17 -8206.88 2951.24 5302.54 -8169.54 2951.24 5433.69 -7907.99 2951.24 5520.22 -7883.71 2951.24 5243.03 -7762.65 2951.24 5272.81 -7695.11 2951.24 4982.29 -7632.44 2951.24 5001.9 -7559.82 2951.24 4706.65 -7557.41 2951.24 4424.29 -7539.76 2951.24 4130.46 -7505.36 2951.24 4715.51 -7481.85 2951.24 4422.13 -7463.52 2951.24 4420.64 -7410.97 2951.24 5267.73 -7043.26 2951.24 6098.56 -6680.94 2951.24 6126.67 -6612.89 2951.24 6121.03 -6490.82 2951.24 5735.54 -6271.18 2951.24 5750.7 -6134.13 2951.24 5769.79 -6124.71 2951.24 5894.7 -6010.61 2951.24 5990.55 -5861.91 2951.24 6050.8 -5688.74 2951.24 6071.35 -5502.91 2951.24 6050.8 -5317.08 2951.24 6045.07 -5300.59 2951.24 6062.93 -5279.44 2951.24 6244.87 -5025.75 2951.24 6408.85 -4755.27 2951.24 6553.78 -4469.78 2951.24 6397.31 -4794.44 2951.24 6273.22 -5138.36 2951.24 6183.15 -5496.97 2951.24 6128.3 -5865.53 2951.24 6109.39 -6239.15 2951.24 4126.96 -6530.17 2951.24 4400.9 -6460.04 2951.24 4660.44 -6366.7 2951.24 4684.52 -6435.9 2951.24 4775.69 -6577.36 2951.24 4894.51 -6685.9 2951.24 5032.88 -6754.13 2951.24 5181.37 -6777.4 2951.24 5329.86 -6754.13 2951.24 5468.23 -6685.9 2951.24 5587.06 -6577.36 2951.24 5678.23 -6435.9 2951.24 4929.86 -6241.43 2951.24 5152.18 -6111.47 2951.24 5166.67 -6124.71 2951.24 5312.14 -6196.44 2951.24 5468.23 -6220.91 2951.24 5624.33 -6196.44 2951.24 4669.12 -6363.58 2951.24 4775.69 -5611.45 2951.24 4867.81 -5527.3 2951.24 4865.11 -5502.91 2951.24 4885.66 -5317.08 2951.24 4945.92 -5143.91 2951.24 5041.76 -4995.21 2951.24 5166.67 -4881.1 2951.24 5312.14 -4809.37 2951.24 5468.23 -4784.91 2951.24 5624.33 -4809.37 2951.24 5769.79 -4881.1 2951.24 5894.7 -4995.21 2951.24 5990.55 -5143.91 2951.24 5864.24 -5514.64 2951.24 5658.14 -5721.74 2951.24 5650.12 -5729.8 2951.24 5421.99 -5923.48 2951.24 5181.37 -6094.4 2951.24 4627.2 -6271.18 2951.24 4607.65 -6094.4 2951.24 4627.2 -5917.63 2951.24 4684.52 -5752.9 2951.24 4736.94 -5565.31 2951.24 4810.87 -5497.77 2951.24 4832.72 -5300.19 2951.24 4898.45 -5111.28 2951.24 5003.01 -4949.07 2951.24 5139.27 -4824.59 2951.24 5638.52 -4746.35 2951.24 5297.95 -4746.35 2951.24 5468.23 -4719.66 2951.24 6198.27 -4459.73 2951.24 6370.36 -4488.18 2951.24 6468.02 -4513.64 2951.24 6363.49 -4719.55 2951.24 6202.1 -4985.75 2951.24 6062.21 -5180.81 2951.24 6038.02 -5111.28 2951.24 5933.46 -4949.07 2951.24 5797.2 -4824.59 2951.24 4637.05 -5720.28 2951.24 4574.26 -5900.74 2951.24 4552.84 -6094.4 2951.24 4574.26 -6288.07 2951.24 4587.26 -6325.43 2951.24 4387.3 -6397.35 2951.24 4117.7 -6466.37 2951.24 3903.48 -6499.79 2951.24 3903.48 -5711.23 2951.24 4573.83 -5035.43 2951.24 4713.62 -4911.83 2951.24 4860.72 -4801.76 2951.24 5014.55 -4705.61 2951.24 5174.19 -4623.96 2951.24 5338.67 -4557.3 2951.24 5506.99 -4506.04 2951.24 5678.15 -4470.49 2951.24 5851.12 -4450.86 2951.24 6024.84 -4447.26 2951.24 6379.93 -4424.45 2951.24 5495.57 -4442.75 2951.24 5670.89 -4406.33 2951.24 6203.65 -4395.3 2951.24 5848.06 -4386.22 2951.24 6026 -4382.54 2951.24 5636.05 -4316.51 2951.24 5323.15 -4495.25 2951.24 5154.68 -4563.53 2951.24 4991.16 -4647.16 2951.24 5549.6 -4313.42 2951.24 5464.58 -4294.57 2951.24 4833.59 -4745.65 2951.24 5382.99 -4260.42 2951.24 4682.91 -4858.4 2951.24 5306.77 -4211.77 2951.24 4540.04 -4984.73 2951.24 5415.05 -3872.54 2951.24 5972.8 -3306.72 2951.24 6530.55 -2740.9 2951.24 6572.54 -2935.71 2951.24 3978.3 -4195.99 2951.24 4111.73 -4242.49 2951.24 4248.25 -4273.82 2951.24 4386.65 -4289.7 2951.24 4525.68 -4290 2951.24 4664.12 -4274.7 2951.24 4800.73 -4243.95 2951.24 4934.31 -4198.01 2951.24 5063.65 -4137.3 2951.24 5187.61 -4062.35 2951.24 5305.1 -3973.84 2951.24 4264.39 -4140.63 2951.24 4138.34 -4111.7 2951.24 4015.13 -4068.77 2951.24 3966.09 -4045.5 2951.24 3971.9 -3912.23 2951.24 3859.45 -3898.29 2951.24 4000.9 -3692.12 2951.24 3890.27 -3664.4 2951.24 4048.89 -3476.78 2951.24 3941.26 -3435.56 2951.24 4115.36 -3268.5 2951.24 4011.89 -3214.24 2951.24 4199.58 -3069.54 2951.24 4101.39 -3002.82 2951.24 4300.66 -2882.03 2951.24 4208.8 -2803.56 2951.24 4417.5 -2707.99 2951.24 4332.96 -2618.62 2951.24 4548.85 -2549.28 2951.24 4472.54 -2449.97 2951.24 4693.3 -2407.63 2951.24 4626.03 -2299.44 2951.24 4849.29 -2284.53 2951.24 5015.16 -2181.33 2951.24 4791.8 -2168.64 2951.24 5159.42 -2113.16 2951.24 4968.05 -2058.98 2951.24 5504.26 -2225.97 2951.24 5323.29 -2327.92 2951.24 5752.06 -2271.66 2951.24 5946.03 -2330.12 2951.24 6390.52 -2475.53 2951.24 6596.26 -2674.24 2951.24 6638.18 -2869.55 2951.24 7735.87 -3273.88 2951.24 7596 -3359.31 2951.24 7456.13 -3444.74 2951.24 7194.73 -3652.74 2951.24 6955.15 -3895.13 2951.24 6879.11 -3992.06 2951.24 7306.25 -5982.18 2951.24 7189.23 -5436.96 2951.24 7320.35 -5318.73 2951.24 7437.93 -5181.8 2951.24 7540.12 -5028.36 2951.24 7625.28 -4860.84 2951.24 7692.07 -4681.89 2951.24 7739.43 -4494.37 2951.24 7766.6 -4301.24 2951.24 7773.15 -4105.58 2951.24 7758.98 -3910.5 2951.24 7724.31 -3719.08 2951.24 7669.69 -3534.37 2951.24 7235.78 -6012.42 2951.24 7026.52 -5041.66 2951.24 6817.25 -4070.9 2951.24 6233.32 -5496.53 2951.24 6283.26 -5490.76 2951.24 6332.56 -5479.69 2951.24 6380.84 -5463.41 2951.24 6427.7 -5442.06 2951.24 6472.77 -5415.81 2951.24 6515.68 -5384.87 2951.24 6556.1 -5349.49 2951.24 6593.7 -5309.94 2951.24 6628.18 -5266.55 2951.24 6659.26 -5219.66 2951.24 6686.7 -5169.65 2951.24 6696.77 -5128.25 2951.24 6712.86 -5089.63 2951.24 6734.46 -5055.04 2951.24 6760.87 -5025.56 2951.24 6791.27 -5002.14 2951.24 6824.68 -4985.52 2951.24 6860.04 -4976.24 2951.24 6896.22 -4974.58 2951.24 6932.07 -4980.61 2951.24 6966.46 -4994.12 2951.24 6998.28 -5014.69 2951.24 7223.92 -5971.64 2951.24 7206.66 -5933.69 2951.24 7184.45 -5899.59 2951.24 7157.88 -5870.22 2951.24 7127.66 -5846.38 2951.24 7094.6 -5828.7 2951.24 7059.56 -5817.64 2951.24 7023.48 -5813.5 2951.24 6987.31 -5816.39 2951.24 6952.01 -5826.22 2951.24 6918.52 -5842.75 2951.24 6887.74 -5865.53 2951.24 6871.16 -5895.46 2951.24 6850.36 -5921.38 2951.24 6826 -5942.46 2951.24 6798.87 -5958.02 2951.24 6769.85 -5967.56 2951.24 6739.86 -5970.78 2951.24 6709.87 -5967.56 2951.24 6680.84 -5958.02 2951.24 6653.71 -5942.46 2951.24 6629.36 -5921.38 2951.24 6608.56 -5895.46 2951.24 6591.98 -5865.53 2951.24 6565.99 -5818.61 2951.24 6533.38 -5777.98 2951.24 6495.2 -5744.93 2951.24 6452.67 -5720.53 2951.24 6407.16 -5705.57 2951.24 6360.14 -5700.53 2951.24 6313.12 -5705.57 2951.24 6267.61 -5720.53 2951.24 6225.08 -5744.93 2951.24 6186.9 -5777.98 2951.24 6154.29 -5818.61 2951.24 6255.72 -5430.04 2951.24 6323.52 -5160.09 2951.24 6445.18 -4822.91 2951.24 6598.58 -4504.62 2951.24 6781.69 -4209.41 2951.24 6789.74 -4199.15 2951.24 6740.55 -4168.68 2951.24 6478.49 -4231.34 2951.24 6602.27 -4031.8 2951.24 6618.9 -4010.6 2951.24 6599.3 -3919.7 2951.24 6585 -3874.41 2951.24 6770.79 -3855.35 2951.24 6568.2 -3843.61 2951.24 6546.22 -3817.83 2951.24 6520.11 -3798.27 2951.24 6491.08 -3785.85 2951.24 6746.2 -3777.46 2951.24 6460.48 -3781.15 2951.24 6199.23 -4180.86 2951.24 6222.29 -4146.67 2951.24 6279.28 -4028.86 2951.24 6314.4 -3920.54 2951.24 6332.91 -3868.38 2951.24 6350.74 -3838.41 2951.24 6373.57 -3813.7 2951.24 6400.32 -3795.4 2951.24 6429.75 -3784.38 2951.24 6411.53 -4213.88 2951.24 6221.43 -4182.46 2951.24 5955.62 -4175.44 2951.24 6019.47 -4106 2951.24 6073.62 -4025.71 2951.24 6116.77 -3936.49 2951.24 6147.92 -3840.44 2951.24 6175.12 -3763.8 2951.24 6708.13 -3707.69 2951.24 6215.51 -3695.9 2951.24 6658.35 -3649.29 2951.24 6267.22 -3639.93 2951.24 6599.19 -3604.98 2951.24 6327.82 -3598.49 2951.24 6533.42 -3576.85 2951.24 6394.49 -3573.52 2951.24 6464.11 -3566.19 2951.24 5883.57 -4232.39 2951.24 5805.03 -4275.51 2951.24 5721.87 -4303.77 2951.24 6944.84 -4918.65 2951.24 6808.5 -4924.64 2951.24 6766.26 -4945.65 2951.24 6727.83 -4975.26 2951.24 6694.43 -5012.53 2951.24 6667.13 -5056.27 2951.24 6646.78 -5105.09 2951.24 6637.6 -5142.83 2951.24 6615.84 -5182.5 2951.24 6587.72 -5224.91 2951.24 6556.53 -5264.16 2951.24 6522.52 -5299.94 2951.24 6485.96 -5331.95 2951.24 6447.14 -5359.94 2951.24 6406.37 -5383.68 2951.24 6363.98 -5402.99 2951.24 6320.31 -5417.72 2951.24 6275.71 -5427.73 2951.24 6944.28 -4918.43 2951.24 6898.95 -4910.81 2951.24 6853.21 -4912.91 2951.24 6505.69 -5993.03 2951.24 6482.62 -5951.38 2951.24 6463.12 -5916.19 2951.24 6446.81 -5895.86 2951.24 6427.7 -5879.33 2951.24 6406.43 -5867.12 2951.24 6383.66 -5859.64 2951.24 6360.14 -5857.12 2951.24 6336.62 -5859.64 2951.24 6313.85 -5867.12 2951.24 6542.78 -6039.26 2951.24 6586.22 -6076.86 2951.24 6634.6 -6104.61 2951.24 6634.64 -6104.62 2951.24 6242.16 -6273.06 2951.24 6240.61 -6239.56 2951.24 6256.96 -5916.56 2951.24 6257.16 -5916.19 2951.24 6273.47 -5895.86 2951.24 6292.58 -5879.33 2951.24 7258.79 -6119.16 2951.24 7188.56 -6278.13 2951.24 6252.3 -6686.44 2951.24 6692.2 -8260.121 2951.24 6647.83 -8295.691 2951.24 6599.87 -8323.901 2951.24 6549.17 -8344.241 2951.24 6496.65 -8356.35 2951.24 6484.27 -8357.201 2951.24 6486.82 -8316.191 2951.24 6460.61 -7722.1 2951.24 6371.62 -7136.7 2951.24 7420.96 -7356.2 2951.24 7449.13 -7539.13 2951.24 7408.45 -7515.29 2951.24 7315.56 -7489.22 2951.24 7220.12 -7488.56 2951.24 7126.98 -7513.37 2951.24 7040.87 -7562.37 2951.24 6966.16 -7633.08 2951.24 6906.66 -7721.92 2951.24 6865.37 -7824.36 2951.24 6846.41 -7924.58 2951.24 6835.48 -7997.96 2951.24 6819.19 -8058.63 2951.24 6796.26 -8116.16 2951.24 6767.09 -8169.54 2951.24 6732.19 -8217.821 2951.24 6804.49 -8302.541 2951.24 6848.23 -8242.031 2951.24 6884.8 -8175.11 2951.24 6913.55 -8102.99 2951.24 6933.96 -8026.95 2951.24 6945.67 -7948.35 2951.24 6961.6 -7864.17 2951.24 6992.95 -7786.37 2951.24 7038.15 -7718.9 2951.24 7094.88 -7665.2 2951.24 7160.28 -7627.98 2951.24 7231.01 -7609.14 2951.24 7560.98 -7597.22 2951.24 7519.88 -7330.33 2951.24 7657.37 -7968.13 2951.24 7329.08 -6088.51 2951.24 7703.66 -7833.76 2951.24 7570.44 -7868.33 2951.24 7548.06 -8138.37 2951.24 7494.3 -8402.06 2951.24 7410.2 -8654.25 2951.24 7672.69 -8039.19 2951.24 7046.54 -9883.901 2951.24 6420.38 -11728.6 2951.24 7503.63 -11379.2 2951.24 7600.2 -11254.2 2951.24 7674.15 -11109 2951.24 7722.56 -10949.2 2951.24 7743.55 -10781.2 2951.24 7736.27 -10611.6 2951.24 7701.01 -10447.1 2951.24 7639.18 -10294 2951.24 7553.18 -10158.5 2951.24 7446.41 -10045.8 2951.24 7323.07 -9960.481 2951.24 7188.01 -9905.791 2951.24 5549.98 -14085.2 2951.24 5923.18 -13001.9 2951.24 6155.17 -12328.5 2951.24 5537.22 -14122.2 2951.24 5548.6 -14085.2 2951.24 5478.34 -14293.1 2951.24 4941.27 -14541 2951.24 5303.39 -14800.9 2951.24 5127.22 -14661.3 2951.24 4783.01 -16311.4 2951.24 4775.89 -16302.9 2951.24 4624.03 -15989.4 2951.24 4545.5 -15639.8 2951.24 4545.65 -15278 2951.24 4624.47 -14928.5 2951.24 4776.58 -14615.2 2951.24 5539.64 -14323.4 2951.24 5012.29 -15877 2951.24 4841.27 -16380.8 2951.24 5685.03 -14736.5 2951.24 5307.46 -15848.8 2951.24 5452.52 -16024.3 2951.24 5391.39 -15964.4 2951.24 5336.84 -15896 2951.24 6742.58 -15258.7 2951.24 6587.4 -15267.8 2951.24 6369.92 -15351.1 2951.24 6177.96 -15498.5 2951.24 6024.6 -15700 2951.24 5920.28 -15942 2951.24 5879.17 -16168.8 2951.24 5822.47 -16171.7 2951.24 5743.52 -16164.3 2951.24 5665.91 -16145.5 2951.24 5590.81 -16115.5 2951.24 5519.33 -16075 2951.24 5067.3 -15992.5 2951.24 6146.15 -16422.4 2951.24 6138.32 -16233.7 2951.24 6203.41 -16186.6 2951.24 6275.75 -16158.2 2951.24 6351.61 -16149.8 2951.24 6427.09 -16162.1 2951.24 6498.32 -16194.2 2951.24 6561.64 -16244.6 2951.24 6613.79 -16310.7 2951.24 6652.1 -16389.1 2951.24 6674.6 -16475.8 2951.24 6680.13 -16566.2 2951.24 6668.4 -16655.8 2951.24 6640.03 -16740 2951.24 5253.9 -16740 2951.24 4990.72 -16558.9 2951.24 5133.72 -16099.2 2951.24 5210.54 -16195.5 2951.24 5296.64 -16279.9 2951.24 5390.73 -16351.2 2951.24 5491.41 -16408.4 2951.24 5597.19 -16450.5 2951.24 5706.49 -16477 2951.24 5817.69 -16487.5 2951.24 5929.13 -16481.8 2951.24 6039.16 -16460 2951.24 6171.78 -16049 2951.24 6244.26 -15880.9 2951.24 6350.82 -15740.9 2951.24 6484.19 -15638.5 2951.24 6635.28 -15580.6 2951.24 6793.8 -15571.3 2951.24 7924.84 -15165.3 2951.24 7339.52 -14876.3 2951.24 7283.22 -14842.3 2951.24 7235.15 -14801.4 2951.24 7192.84 -14752.2 2951.24 7157.26 -14696 2951.24 7129.23 -14634.1 2951.24 7109.4 -14567.8 2951.24 7105.95 -14546.5 2951.24 7132.27 -14507.6 2951.24 7192.66 -14436.7 2951.24 7053.97 -14423.2 2951.24 7259.47 -14374.6 2951.24 7122.99 -14342.3 2951.24 7331.82 -14321.9 2951.24 7408.74 -14279.5 2951.24 7199.33 -14271.3 2951.24 7489.25 -14247.8 2951.24 7572.27 -14227.3 2951.24 7282 -14211.1 2951.24 7656.72 -14218.2 2951.24 7369.91 -14162.6 2951.24 7939.87 -14140.5 2951.24 7461.9 -14126.4 2951.24 7846.09 -14111.5 2951.24 7556.78 -14102.9 2951.24 7750.14 -14095.4 2951.24 7653.28 -14092.6 2951.24 7741.48 -14220.7 2951.24 7825.45 -14234.7 2951.24 7907.52 -14260.1 2951.24 7924.84 -14268.1 2951.24 7360.82 -15563.9 2951.24 8017.14 -15647.7 2951.24 7693.07 -15728 2951.24 7993.12 -15739.2 2951.24 6948.95 -15611.1 2951.24 7090.14 -15697.4 2951.24 7207.77 -15824.3 2951.24 7293.81 -15983 2951.24 7342.4 -16162.9 2951.24 7422.23 -16175.1 2951.24 7502.7 -16173.9 2951.24 7582.25 -16159.4 2951.24 7659.34 -16131.9 2951.24 7732.46 -16091.9 2951.24 7800.2 -16040.1 2951.24 7861.25 -15977.7 2951.24 7914.41 -15905.8 2951.24 7958.65 -15825.8 2951.24 3332.97 -16740 2951.24 4635.35 -16740 2951.24 4719.35 -16740 2951.24 2295.36 -16740 2951.24 1777.7 -15929.4 2951.24 1928.29 -15833.1 2951.24 1928.91 -15838.7 2951.24 1985.47 -16001.3 2951.24 2075.44 -16140.8 2951.24 2192.69 -16248 2951.24 2329.24 -16315.3 2951.24 2475.77 -16338.3 2951.24 2613.56 -16316.7 2951.24 2596.43 -16383.6 2951.24 2544.98 -16497.7 2951.24 2475.77 -16597.6 2951.24 2391.48 -16679.4 2951.24 1186.73 -16155.1 2951.24 1389.23 -16101.4 2951.24 1586.76 -16026 2951.24 2701.1 -14962.8 2951.24 2659.68 -15031.7 2951.24 2622.31 -15013.2 2951.24 2475.77 -14990.3 2951.24 2329.24 -15013.2 2951.24 2192.69 -15080.6 2951.24 2075.44 -15187.7 2951.24 1985.47 -15327.3 2951.24 1928.91 -15489.8 2951.24 1909.61 -15664.3 2951.24 2805.95 -14749.7 2951.24 2744.89 -15026.8 2951.24 2795.3 -15083.4 2951.24 4109.72 -15273.7 2951.24 3997.01 -15296.8 2951.24 4007.35 -15208 2951.24 3998.02 -15119 2951.24 3969.67 -15036 2951.24 3924.22 -14964.4 2951.24 3864.77 -14909.4 2951.24 3795.38 -14874.5 2951.24 3720.77 -14862.2 2951.24 3646.02 -14873.3 2951.24 3576.24 -14907.1 2951.24 3516.17 -14961.2 2951.24 3469.92 -15031.9 2951.24 3440.62 -15114.5 2951.24 3381.35 -15157.4 2951.24 3317.91 -15190.7 2951.24 3251.37 -15213.9 2951.24 3182.87 -15226.6 2951.24 3113.55 -15228.7 2951.24 3044.6 -15220 2951.24 2977.18 -15200.7 2951.24 2912.44 -15171.1 2951.24 2851.47 -15131.8 2951.24 4497.56 -15516.2 2951.24 4424.37 -15411.6 2951.24 4330.93 -15333.1 2951.24 4223.61 -15286.1 2951.24 3893.18 -15353.9 2951.24 4113.59 -15389.1 2951.24 4202.26 -15398.7 2951.24 4285.82 -15435.3 2951.24 4358.57 -15496.5 2951.24 4415.55 -15577.9 2951.24 4454.72 -15678.9 2951.24 4534.39 -16033.6 2951.24 4674.87 -16323.6 2951.24 4570.84 -16625.5 2951.24 3332.97 -16625.5 2951.24 3154.65 -16625.5 2951.24 3248.24 -16588.9 2951.24 2880.07 -16561.8 2951.24 2766.5 -16556.3 2951.24 2654.27 -16534.9 2951.24 3104.81 -16524.5 2951.24 3212.81 -16482.3 2951.24 2878.19 -16447.1 2951.24 2776.08 -16442.2 2951.24 2686.37 -16425 2951.24 2691.47 -16405.1 2951.24 2807.36 -16348 2951.24 2622.31 -16315.3 2951.24 2758.85 -16248 2951.24 2944.71 -16222.5 2951.24 2876.11 -16140.8 2951.24 3050.1 -16059 2951.24 2966.08 -16001.3 2951.24 3116.35 -15868.6 2951.24 3022.64 -15838.7 2951.24 3041.93 -15664.3 2951.24 3138.94 -15664.3 2951.24 3022.64 -15489.8 2951.24 3116.35 -15459.9 2951.24 3074.22 -15338.9 2951.24 2966.08 -15327.3 2951.24 2580.35 -15163.6 2951.24 2758.85 -15080.6 2951.24 2876.11 -15187.7 2951.24 2628.11 -16259.8 2951.24 2638.81 -16130.9 2951.24 2628.11 -16002.1 2951.24 2596.43 -15878.2 2951.24 2544.98 -15764.1 2951.24 2475.77 -15664.3 2951.24 2391.48 -15582.4 2951.24 2295.36 -15521.9 2951.24 2444.73 -15350.5 2951.24 1960.45 -15812.5 2951.24 2133.48 -15676.3 2951.24 3425.9 -15259.1 2951.24 3517.13 -15193.2 2951.24 3553.6 -15090.3 2951.24 3584.3 -15043.4 2951.24 3624.18 -15007.5 2951.24 3670.5 -14985 2951.24 3720.11 -14977.7 2951.24 3769.64 -14985.8 2951.24 3815.7 -15009 2951.24 3855.16 -15045.6 2951.24 3885.33 -15093 2951.24 3904.15 -15148.2 2951.24 3910.34 -15207.2 2951.24 3908.96 -15219.1 2951.24 3841.36 -15256.3 2951.24 3734.02 -15362.7 2951.24 3805.3 -15441 2951.24 4025.84 -15407.1 2951.24 3361.65 -16526 2951.24 3467.99 -16447.5 2951.24 3565.73 -16354.5 2951.24 3653.51 -16248.4 2951.24 3730.08 -16130.6 2951.24 3809.73 -15972.2 2951.24 3786.38 -15811 2951.24 3794.47 -15705.5 2951.24 3825.23 -15606 2951.24 3876.58 -15519.4 2951.24 3945 -15451.5 2951.24 3315.83 -16425.1 2951.24 3412.42 -16353.8 2951.24 3501.21 -16269.3 2951.24 3580.95 -16172.9 2951.24 3650.5 -16065.9 2951.24 3708.88 -15949.8 2951.24 3689.44 -15815.6 2951.24 3699.84 -15680 2951.24 3739.35 -15552.3 2951.24 3653.47 -15498.6 2951.24 3605.21 -15654.6 2951.24 3592.51 -15820.2 2951.24 3608.04 -15927.4 2951.24 3570.92 -16001.2 2951.24 3508.39 -16097.4 2951.24 3436.69 -16184.1 2951.24 3356.86 -16260.1 2951.24 3270.01 -16324.2 2951.24 3177.38 -16375.6 2951.24 3080.27 -16413.5 2951.24 2980.07 -16437.5 2951.24 3109.65 -15343.3 2951.24 3191.51 -15340.9 2951.24 3272.41 -15325.9 2951.24 3350.99 -15298.5 2951.24 2993.37 -16551.1 3179.24 1063.33 -15476.5 3179.24 3766.78 -13912.1 3179.24 3766.78 -11510.4 3179.24 1063.33 -11510.4 3179.24 1063.33 -13912.1 3179.24 1122.29 -11580.6 3179.24 3707.81 -11580.6 3179.24 3707.81 -13841.9 3179.24 1122.29 -13841.9 3194.24 1122.29 -11580.6 3194.24 1122.29 -13841.9 3194.24 3707.81 -11580.6 3194.24 3707.81 -13841.9 3194.24 3766.78 -13912.1 3194.24 1063.33 -13912.1 3194.24 1063.33 -15476.5 3194.24 1062.48 -11315.4 3194.24 1062.48 -10575.1 3194.24 1062.48 -9692.451 3194.24 1062.48 -8809.831 3194.24 1062.48 -7927.21 3194.24 1062.48 -7044.59 3194.24 3767.63 -7044.59 3194.24 3767.63 -7927.21 3194.24 3767.63 -8809.831 3194.24 3767.63 -9692.451 3194.24 3767.63 -10575.1 3194.24 3767.63 -11315.4 3194.24 3118.34 -11315.4 3179.24 3118.34 -11315.4 3179.24 1062.48 -11315.4 3179.24 3118.34 -11231.3 3194.24 3118.34 -11231.3 3179.24 1133.14 -11231.3 3179.24 1062.48 -10575.1 3179.24 3118.34 -10575.1 3179.24 3118.34 -10659.2 3179.24 1133.14 -10659.2 3194.24 3118.34 -10659.2 3194.24 1133.14 -10659.2 3194.24 1133.14 -11231.3 3194.24 3118.34 -10575.1 3179.24 3118.34 -10491 3194.24 3118.34 -10491 3194.24 1133.14 -10491 3179.24 1133.14 -10491 3194.24 3696.97 -9776.571 3194.24 3696.97 -10575.1 3194.24 1133.14 -9776.571 3179.24 3696.97 -9776.571 3179.24 3696.97 -10575.1 3179.24 1133.14 -9776.571 3179.24 3767.63 -10575.1 3179.24 1062.48 -9692.451 3179.24 3767.63 -9692.451 3194.24 3696.97 -11231.3 3194.24 3696.97 -10659.2 3179.24 3767.63 -8809.831 3179.24 3696.97 -8893.951 3179.24 1062.48 -8809.831 3179.24 1133.14 -8893.951 3179.24 1133.14 -9608.34 3194.24 1133.14 -8893.951 3194.24 1133.14 -9608.34 3194.24 3696.97 -9608.34 3194.24 3696.97 -8893.951 3179.24 3696.97 -9608.34 3179.24 1062.48 -7927.21 3179.24 1062.48 -7044.59 3179.24 3767.63 -7044.59 3179.24 3767.63 -7927.21 3179.24 3696.97 -8011.33 3179.24 1133.14 -8011.33 3179.24 1133.14 -8725.72 3194.24 1133.14 -8011.33 3194.24 1133.14 -8725.72 3194.24 3696.97 -8725.72 3194.24 3696.97 -8011.33 3179.24 3696.97 -8725.72 3179.24 1133.14 -7843.1 3179.24 1133.14 -7128.71 3179.24 3696.97 -7128.71 3179.24 3696.97 -7843.1 3194.24 1133.14 -7843.1 3194.24 3696.97 -7843.1 3194.24 1133.14 -7128.71 3194.24 3696.97 -7128.71 3179.24 1035.85 -6106.22 3179.24 1035.85 -5090.22 3179.24 1035.85 -4074.22 3179.24 1035.85 -3058.22 3179.24 1035.85 -2042.22 3179.24 1035.85 -1026.22 3179.24 1035.85 -65.3365 3179.24 3332.97 -65.3365 3179.24 3794.25 -65.3365 3179.24 3794.25 -1026.22 3179.24 3794.25 -2042.22 3179.24 3794.25 -3058.22 3179.24 3794.25 -4074.22 3179.24 3794.25 -5090.22 3179.24 3794.25 -6106.22 3179.24 1090.74 -6040.89 3179.24 1090.74 -5155.56 3179.24 3739.37 -5155.56 3179.24 3739.37 -6040.89 3194.24 1090.74 -6040.89 3194.24 3739.37 -6040.89 3194.24 1090.74 -5155.56 3194.24 3739.37 -5155.56 3179.24 1090.74 -5024.89 3179.24 1090.74 -4139.56 3179.24 3739.37 -4139.56 3179.24 3739.37 -5024.89 3194.24 1090.74 -5024.89 3194.24 3739.37 -5024.89 3194.24 3739.37 -4139.56 3194.24 1090.74 -4139.56 3179.24 1090.74 -4008.89 3179.24 1090.74 -3123.56 3179.24 3739.37 -3123.56 3179.24 3739.37 -4008.89 3194.24 1090.74 -4008.89 3194.24 3739.37 -4008.89 3194.24 1090.74 -3123.56 3194.24 3739.37 -3123.56 3179.24 1090.74 -2992.89 3179.24 1090.74 -2107.56 3179.24 3739.37 -2107.56 3179.24 3739.37 -2992.89 3194.24 1090.74 -2992.89 3194.24 3739.37 -2992.89 3194.24 3739.37 -2107.56 3194.24 1090.74 -2107.56 3179.24 1090.74 -1976.89 3179.24 1090.74 -1091.56 3179.24 3739.37 -1091.56 3179.24 3739.37 -1976.89 3194.24 1090.74 -1976.89 3194.24 3739.37 -1976.89 3194.24 3739.37 -1091.56 3194.24 1090.74 -1091.56 3179.24 1090.74 -960.885 3179.24 1090.74 -130.673 3179.24 3332.97 -130.673 3179.24 3739.37 -130.673 3179.24 3739.37 -960.885 3194.24 1090.74 -960.885 3194.24 3739.37 -960.885 3194.24 1090.74 -130.673 3194.24 3332.97 -130.673 3194.24 3739.37 -130.673 2951.24 7411.39 -15618.5 2951.24 7535.24 -15847 2951.24 7535.23 -15847 2951.24 7674.65 -15752.9 2951.24 7641.67 -15786.7 2951.24 7605.07 -15814.6 2951.24 7565.56 -15836.2 2951.24 5484.88 -13972.4 2951.24 4611.14 -13540.9 2951.24 4627.54 -13494.6 2951.24 4541.76 -13442.1 2951.24 4696.43 -13361 2951.24 4618.3 -13293.7 2951.24 4781.49 -13241.4 2951.24 4712.8 -13160.8 2951.24 4880.76 -13138.5 2951.24 4991.95 -13054.5 2951.24 4823.09 -13046.4 2951.24 5112.52 -12991.6 2951.24 4946.63 -12953.2 2951.24 5239.7 -12951.1 2951.24 5370.56 -12933.9 2951.24 5080.59 -12883.2 2951.24 5794.61 -12918.8 2951.24 5656.97 -12859.9 2951.24 5221.89 -12838.2 2951.24 5513.42 -12826.4 2951.24 5440.35 -12822.8 2951.24 5367.28 -12819.1 2951.24 5359.82 -12241.6 2951.24 5399.05 -12278.9 2951.24 5433.28 -12322.6 2951.24 5461.78 -12371.8 2951.24 5483.92 -12425.5 2951.24 5499.24 -12482.4 2951.24 5507.42 -12541.4 2951.24 5508.26 -12601.1 2951.24 5501.76 -12660.4 2951.24 5488.05 -12717.9 2951.24 5467.44 -12772.4 2951.24 5025.93 -12888.7 2951.24 4971.27 -12883.1 2951.24 4918.2 -12866.6 2951.24 4868.23 -12839.7 2951.24 4822.79 -12803.1 2951.24 4783.2 -12757.9 2951.24 4750.59 -12705.4 2951.24 4725.89 -12647.1 2951.24 4709.82 -12584.6 2951.24 4702.83 -12519.8 2951.24 4705.13 -12454.6 2951.24 6119.28 -12389.8 2951.24 6076.59 -12444.5 2951.24 6027.92 -12491.6 2951.24 5974.21 -12530.2 2951.24 5916.52 -12559.6 2951.24 5855.96 -12579.1 2951.24 5793.71 -12588.4 2951.24 5730.97 -12587.3 2951.24 5668.98 -12575.8 2951.24 5608.92 -12554.2 2951.24 5551.98 -12522.9 2951.24 5502.1 -12940.4 2951.24 5436.33 -12937.2 2951.24 5631.29 -12970.6 2951.24 5755.18 -13023.6 2951.24 5801.44 -13053.5 2951.24 7718.68 -7903.71 2951.24 7297.39 -8890.041 2951.24 7227.94 -9080.42 2951.24 6322.96 -11707.3 2951.24 5167.98 -12079.8 2951.24 5184.05 -12023.1 2951.24 5235.14 -11882.5 2951.24 5295.84 -11747.5 2951.24 5365.72 -11619 2951.24 5444.32 -11497.8 2951.24 5531.09 -11384.8 2951.24 5625.42 -11280.7 2951.24 5726.68 -11186.3 2951.24 5834.16 -11102.2 2951.24 5947.13 -11029 2951.24 6064.81 -10967.2 2951.24 6188.73 -10916.3 2951.24 6296.23 -10867.3 2951.24 6398.58 -10798.4 2951.24 6491.19 -10712.1 2951.24 6571.99 -10610.4 2951.24 6639.18 -10495.5 2951.24 6691.28 -10370 2951.24 6727.13 -10236.6 2951.24 6745.92 -10098.4 2951.24 6704.43 -9961.691 2951.24 6747.24 -9958.451 2951.24 6689.13 -9830.571 2951.24 6731.06 -9819.791 2951.24 6657.63 -9703.611 2951.24 6697.74 -9685.531 2951.24 6666.45 -9605.691 2951.24 6610.62 -9583.64 2951.24 6834.23 -9498.17 2951.24 6811.31 -9455.02 2951.24 7022.74 -9333.291 2951.24 6995 -9294.371 2951.24 7190.11 -9138.75 2951.24 7158.08 -9104.8 2951.24 6349.37 -8892.93 2951.24 6375.44 -8474.71 2951.24 6442.3 -8480.781 2951.24 6509.25 -8476.191 2951.24 6575.08 -8461.01 2951.24 6638.62 -8435.51 2951.24 6698.74 -8400.151 2951.24 6754.36 -8355.56 2951.24 7303.5 -7609.64 2951.24 7374.05 -7629.44 2951.24 7439.08 -7667.55 2951.24 7495.29 -7722.03 2951.24 7539.83 -7790.11 2951.24 6396.82 -9677.71 2951.24 6278.13 -9708.451 2951.24 6293.32 -9683.71 2951.24 6350.33 -9508.451 2951.24 6367.3 -9321.59 2951.24 6343.06 -9135.871 2951.24 6318.97 -9070.92 2951.24 6305.69 -8885.75 2951.24 6331.56 -8470.831 2951.24 6385.4 -8314.88 2951.24 6341.31 -8314.321 2951.24 6316.06 -7742.11 2951.24 6359.86 -7736.04 2951.24 6230.35 -7178.27 2951.24 6273.15 -7165.67 2951.24 6023.41 -8527.46 2951.24 5953.27 -8368.68 2951.24 5769.32 -8084.47 2951.24 5547.15 -7842.03 2951.24 5293.34 -7648.55 2951.24 5015.41 -7509.76 2951.24 4721.61 -7429.78 2951.24 6301.09 -8912.67 2951.24 6210.93 -8779.321 2951.24 6087.04 -8671.491 2951.24 5916.1 -8397.071 2951.24 5736.78 -8120.03 2951.24 5855.65 -8627.63 2951.24 5849.82 -8631.56 2951.24 5748.66 -8618.541 2951.24 5592.65 -8647.39 2951.24 5448.23 -8723.331 2951.24 5325.25 -8841.17 2951.24 5232.07 -8992.901 2951.24 5175.06 -9168.161 2951.24 5167.08 -9255.981 2951.24 5077.97 -9375.491 2951.24 4988.64 -9509.47 2951.24 4905.64 -9649.111 2951.24 4829.23 -9793.97 2951.24 5984.47 -8551.84 2951.24 6052.84 -8706.611 2951.24 5905.62 -8638.741 2951.24 6180.29 -8817.531 2951.24 6279.28 -8963.951 2951.24 6142.96 -9039.491 2951.24 6252.34 -9460.941 2951.24 6174.1 -9735.39 2951.24 6183.78 -9385.84 2951.24 6012.75 -8751.661 2951.24 5893.75 -8696.8 2951.24 5860.37 -8692.5 2951.24 5730.54 -8711.76 2951.24 5173.36 -9247.571 2951.24 5609.51 -8803.96 2951.24 5492.94 -8903.951 2951.24 5381.16 -9011.441 2951.24 5274.53 -9126.1 2951.24 5209.66 -9288.121 2951.24 5308.9 -9168.97 2951.24 5413.5 -9056.5 2951.24 5523.14 -8951.06 2951.24 5637.49 -8852.981 2951.24 5756.21 -8762.541 2951.24 5649.68 -9819.64 2951.24 5382.06 -9918.581 2951.24 5134.88 -10075.7 2951.24 4916.96 -10285.4 2951.24 4845.06 -10386.7 2951.24 4820.59 -10348.8 2951.24 4742.18 -10277.1 2951.24 4806.4 -9965.411 2951.24 4872.11 -9824.1 2951.24 4947.06 -9681.991 2951.24 5028.47 -9545.02 2951.24 5116.09 -9413.6 2951.24 5204.3 -9295.31 2951.24 6094.27 -9052.791 2951.24 6133.9 -9389 2951.24 6124.61 -9724.661 2951.24 6103.5 -9798.691 2951.24 5928.15 -9782.451 2951.24 6200.14 -9835.441 2951.24 6440.39 -2706.88 2951.24 5922.92 -3231.85 2951.24 5841.59 -3303.26 2951.24 5755.14 -3358.79 2951.24 5884.65 -3384.11 2951.24 4734.32 -3333.04 2951.24 4819.04 -3116.13 2951.24 4886.16 -3219.17 2951.24 4964.74 -3309.99 2951.24 5053.24 -3386.81 2951.24 5149.91 -3448.1 2951.24 5252.84 -3492.66 2951.24 5360 -3519.61 2951.24 5469.28 -3528.41 2951.24 5578.51 -3518.9 2951.24 5685.54 -3491.26 2951.24 5788.27 -3446.03 2951.24 4640.16 -4037.2 2951.24 4644 -3798.04 2951.24 4675.59 -3561.8 2951.24 4628.63 -3284.83 2951.24 4719.97 -3050.99 2951.24 4928.15 -2915.26 2951.24 4837.59 -2834.43 2951.24 5059.53 -2734.27 2951.24 4979.23 -2639.32 2951.24 5210.67 -2576.65 2951.24 5142.17 -2469.39 2951.24 5378.67 -2445.42 2951.24 5560.3 -2343.1 2951.24 5770.7 -2364.79 2951.24 5663.01 -3399.35 2951.24 5567.02 -3424.14 2951.24 5469.06 -3432.67 2951.24 5371.05 -3424.78 2951.24 5274.95 -3400.61 2951.24 5182.64 -3360.65 2951.24 5095.94 -3305.68 2951.24 5016.57 -3236.79 2951.24 4946.09 -3155.33 2951.24 4917.29 -3111.12 2951.24 4992.49 -2972.69 2951.24 5116.58 -2801.74 2951.24 5259.34 -2652.86 2951.24 5418.02 -2528.91 2951.24 5589.58 -2432.27 2951.24 4565.32 -3531.45 2951.24 4531.27 -3786.13 2951.24 4527.12 -4043.96 2951.24 4538.18 -4153.62 2951.24 4520.55 -4155.57 2951.24 4392.18 -4155.3 2951.24 4143.57 -7580.03 2951.24 4723.94 -9034.731 2951.24 4691.07 -8910.481 2951.24 4658.2 -8786.231 2951.24 4573.01 -8546.241 2951.24 4469.14 -8316.92 2951.24 4347.53 -8100.32 2951.24 4209.25 -7898.38 2951.24 4055.56 -7712.91 2951.24 3980.81 -7638.33 2951.24 4769.66 -9289.51 2951.24 4598.21 -8812.5 2951.24 4515.38 -8579.151 2951.24 4414.38 -8356.161 2951.24 4296.13 -8145.55 2951.24 4161.68 -7949.19 2951.24 4012.23 -7768.85 2951.24 5942.72 -14.0245 2951.24 5812.22 -37.0279 2951.24 5604.65 -90.2719 2951.24 5400.43 -159.506 2951.24 5200.43 -244.435 2951.24 5005.51 -344.698 2951.24 4816.49 -459.87 2951.24 4634.17 -589.46 2951.24 4459.34 -732.919 2951.24 4292.73 -889.635 2951.24 4135.05 -1058.94 2951.24 3986.98 -1240.12 2951.24 6167.97 -1058.94 2951.24 4283.36 -1187.3 2951.24 4442.99 -1294.69 2951.24 4611.87 -1379.7 2951.24 4787.79 -1441.23 2951.24 4968.45 -1478.47 2951.24 5151.51 -1490.94 2951.24 5334.57 -1478.47 2951.24 5515.24 -1441.23 2951.24 5691.16 -1379.7 2951.24 5860.03 -1294.69 2951.24 6019.67 -1187.3 2951.24 4518.51 -688.331 2951.24 4582.43 -654.278 2951.24 4649.78 -631.459 2951.24 4719.18 -620.344 2951.24 4789.21 -621.161 2951.24 4858.41 -633.893 2951.24 4925.38 -658.279 2951.24 4988.72 -693.817 2951.24 5047.15 -739.776 2951.24 5099.45 -795.212 2951.24 5144.55 -858.983 2951.24 5181.53 -929.779 2951.24 5218.93 -974.492 2951.24 5261.31 -1012.39 2951.24 5307.79 -1042.71 2951.24 5357.44 -1064.82 2951.24 5409.22 -1078.27 2951.24 5462.09 -1082.78 2951.24 5514.96 -1078.27 2951.24 5566.74 -1064.82 2951.24 5616.39 -1042.71 2951.24 5662.87 -1012.39 2951.24 5705.25 -974.492 2951.24 5742.65 -929.779 2951.24 5775.23 -892.41 2951.24 5813.03 -862.807 2951.24 5854.76 -841.977 2951.24 5898.99 -830.629 2951.24 5944.22 -829.151 2951.24 5988.9 -837.592 2951.24 6031.52 -855.665 2951.24 6070.63 -882.755 2951.24 6104.89 -917.938 2951.24 6133.13 -960.017 2951.24 6154.4 -1007.56 2951.24 7948.85 -11990 2951.24 7801.61 -12012.7 2951.24 7572.87 -12082.2 2951.24 7948.85 -12651.2 2951.24 7936.7 -12632.5 2951.24 7799.04 -12507.9 2951.24 7638.98 -12430 2951.24 7467.42 -12404 2951.24 7296.06 -12431.8 2951.24 7136.58 -12511.4 2951.24 6999.84 -12637.4 2951.24 6895.17 -12801.3 2951.24 6829.69 -12991.9 2951.24 6807.87 -13196.1 2951.24 6827.38 -13366.7 2951.24 6811.17 -13431.5 2951.24 6782.73 -13506.1 2951.24 6746.01 -13575.3 2951.24 6701.7 -13637.9 2951.24 6650.63 -13692.7 2951.24 6593.76 -13738.7 2951.24 6532.14 -13775.1 2951.24 6466.93 -13801.1 2951.24 6399.35 -13816.2 2951.24 6330.67 -13820.2 2951.24 6269.33 -13813.8 2951.24 6304.76 -13629.8 2951.24 6385.04 -13365.5 2951.24 6491.68 -13114.8 2951.24 6623.11 -12881.3 2951.24 6777.38 -12668.5 2951.24 6952.21 -12479.7 2951.24 7145 -12317.5 2951.24 7352.92 -12184.3 2711.24 1256.52 -11726.2 2711.24 1221.59 -11729.5 2711.24 1189.78 -11739.4 2711.24 1161.66 -11756 2711.24 1137.81 -11779.5 2711.24 1118.65 -11810 2711.24 1104.56 -11846.9 2711.24 1095.9 -11890 2711.24 1093.01 -11939.3 2711.24 1095.93 -11986.2 2711.24 1104.68 -12027.9 2711.24 1118.85 -12064.2 2711.24 1138.05 -12094.9 2711.24 1161.49 -12118.7 2711.24 1189.78 -12136.4 2711.24 1221.93 -12147.3 2711.24 1256.98 -12150.9 2711.24 1290.23 -12147.9 2711.24 1320.72 -12139.7 2711.24 1346.46 -12128.3 2711.24 1369.44 -12115.8 2711.24 1369.44 -12050.1 2711.24 1365.52 -12050.1 2711.24 1347.85 -12067.2 2711.24 1322.1 -12084.7 2711.24 1290.23 -12098.4 2711.24 1251.43 -12103.9 2711.24 1227.8 -12101.2 2711.24 1206.55 -12092.8 2711.24 1187.67 -12078.9 2711.24 1171.18 -12059.4 2711.24 1157.8 -12035.3 2711.24 1148.24 -12007.5 2711.24 1142.5 -11976 2711.24 1140.59 -11940.9 2711.24 1142.61 -11902.3 2711.24 1148.67 -11868.9 2711.24 1158.54 -11840.4 2711.24 1171.99 -11816.6 2711.24 1188.3 -11798 2711.24 1207.67 -11784.3 2711.24 1229.87 -11776 2711.24 1254.67 -11773.2 2711.24 1293.23 -11776.5 2711.24 1325.57 -11786.4 2711.24 1325.57 -11892.2 2711.24 1246.12 -11892.2 2711.24 1246.12 -11940.1 2711.24 1370.83 -11940.1 2711.24 1370.83 -11761.4 2711.24 1347.39 -11749.6 2711.24 1320.02 -11738.3 2711.24 1289.54 -11729.2 2668.87 1256.52 -11726.2 2668.87 1221.59 -11729.5 2668.87 1289.54 -11729.2 2668.87 1320.02 -11738.3 2668.87 1347.39 -11749.6 2668.87 1370.83 -11761.4 2668.87 1370.83 -11940.1 2668.87 1246.12 -11940.1 2668.87 1246.12 -11892.2 2668.87 1325.57 -11892.2 2668.87 1325.57 -11786.4 2668.87 1293.23 -11776.5 2668.87 1254.67 -11773.2 2668.87 1229.87 -11776 2668.87 1207.67 -11784.3 2668.87 1188.3 -11798 2668.87 1171.99 -11816.6 2668.87 1158.54 -11840.4 2668.87 1148.67 -11868.9 2668.87 1142.61 -11902.3 2668.87 1140.59 -11940.9 2668.87 1142.5 -11976 2668.87 1148.24 -12007.5 2668.87 1157.8 -12035.3 2668.87 1171.18 -12059.4 2668.87 1187.67 -12078.9 2668.87 1206.55 -12092.8 2668.87 1227.8 -12101.2 2668.87 1251.43 -12103.9 2668.87 1290.23 -12098.4 2668.87 1322.1 -12084.7 2668.87 1347.85 -12067.2 2668.87 1365.52 -12050.1 2668.87 1369.44 -12050.1 2668.87 1369.44 -12115.8 2668.87 1346.46 -12128.3 2668.87 1320.72 -12139.7 2668.87 1290.23 -12147.9 2668.87 1256.98 -12150.9 2668.87 1221.93 -12147.3 2668.87 1189.78 -12136.4 2668.87 1161.49 -12118.7 2668.87 1138.05 -12094.9 2668.87 1118.85 -12064.2 2668.87 1104.68 -12027.9 2668.87 1095.93 -11986.2 2668.87 1093.01 -11939.3 2668.87 1095.9 -11890 2668.87 1104.56 -11846.9 2668.87 1118.65 -11810 2668.87 1137.81 -11779.5 2668.87 1161.66 -11756 2668.87 1189.78 -11739.4 2711.24 1507.08 -12143.5 2711.24 1437.34 -11734.2 2711.24 1391.15 -11734.2 2711.24 1468.51 -11848.5 2711.24 1481.22 -11895 2711.24 1534.1 -12088 2711.24 1563.43 -12143.5 2668.87 1507.08 -12143.5 2668.87 1563.43 -12143.5 2668.87 1391.15 -11734.2 2668.87 1437.34 -11734.2 2668.87 1468.51 -11848.5 2711.24 1599.92 -11848.5 2668.87 1599.92 -11848.5 2711.24 1587.22 -11895 2668.87 1481.22 -11895 2668.87 1587.22 -11895 2668.87 1534.1 -12088 2711.24 1679.36 -11734.2 2668.87 1679.36 -11734.2 2668.87 1631.09 -11734.2 2711.24 1631.09 -11734.2 2711.24 1911.22 -11734.2 2711.24 1711.92 -11734.2 2711.24 1711.92 -12143.5 2711.24 1757.65 -12143.5 2711.24 1757.65 -11782.6 2711.24 1911.22 -11782.6 2668.87 1911.22 -11734.2 2668.87 1711.92 -11734.2 2668.87 1911.22 -11782.6 2668.87 1757.65 -11782.6 2668.87 1757.65 -12143.5 2668.87 1711.92 -12143.5 2711.24 2146.54 -11734.2 2711.24 1947.24 -11734.2 2711.24 1947.24 -12143.5 2711.24 1992.97 -12143.5 2711.24 1992.97 -11782.6 2711.24 2146.54 -11782.6 2668.87 2146.54 -11734.2 2668.87 1947.24 -11734.2 2668.87 2146.54 -11782.6 2668.87 1992.97 -11782.6 2668.87 1992.97 -12143.5 2668.87 1947.24 -12143.5 2711.24 2182.57 -11734.2 2711.24 2182.57 -12143.5 2711.24 2397.57 -12143.5 2711.24 2397.57 -12095.1 2711.24 2228.29 -12095.1 2711.24 2228.29 -11983 2711.24 2386.02 -11983 2711.24 2386.02 -11934.6 2711.24 2228.29 -11934.6 2711.24 2228.29 -11782.6 2711.24 2397.57 -11782.6 2711.24 2397.57 -11734.2 2668.87 2182.57 -11734.2 2668.87 2182.57 -12143.5 2668.87 2397.57 -11734.2 2668.87 2397.57 -11782.6 2668.87 2228.29 -11782.6 2668.87 2228.29 -11934.6 2668.87 2386.02 -11934.6 2668.87 2386.02 -11983 2668.87 2228.29 -11983 2668.87 2228.29 -12095.1 2668.87 2397.57 -12095.1 2668.87 2397.57 -12143.5 2711.24 2447.91 -12143.5 2711.24 2493.64 -12096.8 2711.24 2447.91 -11734.2 2711.24 2536.59 -12143.5 2668.87 2447.91 -12143.5 2668.87 2536.59 -12143.5 2668.87 2447.91 -11734.2 2711.24 2493.64 -11734.2 2668.87 2493.64 -11734.2 2711.24 2493.64 -11942.3 2668.87 2493.64 -12096.8 2668.87 2493.64 -11942.3 2711.24 2538.9 -12096.8 2668.87 2538.9 -12096.8 2711.24 2586.13 -12139.7 2668.87 2586.13 -12139.7 2668.87 2493.64 -11896.9 2711.24 2493.64 -11896.9 2711.24 2533.82 -11942.3 2711.24 2545.83 -11896.9 2711.24 2569.15 -11946.4 2668.87 2533.82 -11942.3 2668.87 2569.15 -11946.4 2668.87 2545.83 -11896.9 2711.24 2654.83 -11734.2 2668.87 2654.83 -11734.2 2711.24 2591.79 -11912.3 2711.24 2583.7 -11952.7 2668.87 2583.7 -11952.7 2668.87 2591.79 -11912.3 2668.87 2714.18 -11734.2 2711.24 2714.18 -11734.2 2711.24 2621.35 -11930.8 2668.87 2621.35 -11930.8 2711.24 2595.94 -11963.5 2668.87 2595.94 -11963.5 2668.87 2604.57 -11976.1 2668.87 2610.61 -11990.9 2668.87 2615.34 -12028.3 2668.87 2624.12 -12121.8 2668.87 2614.01 -12045.2 2668.87 2610.03 -12060.1 2668.87 2605.61 -12133.3 2668.87 2603.27 -12072.7 2668.87 2593.63 -12082.8 2668.87 2571 -12093.6 2711.24 2571 -12093.6 2711.24 2593.63 -12082.8 2711.24 2605.61 -12133.3 2711.24 2624.12 -12121.8 2711.24 2610.03 -12060.1 2711.24 2603.27 -12072.7 2711.24 2614.01 -12045.2 2711.24 2615.34 -12028.3 2711.24 2643.98 -11957.1 2711.24 2640.25 -12106.1 2668.87 2640.25 -12106.1 2668.87 2643.98 -11957.1 2711.24 2652.36 -11973.2 2668.87 2652.36 -11973.2 2711.24 2652.64 -12086.3 2668.87 2652.64 -12086.3 2668.87 2658.35 -11991.1 2711.24 2658.35 -11991.1 2711.24 2660.52 -12062 2668.87 2660.52 -12062 2668.87 2663.14 -12032.5 2711.24 2663.14 -12032.5 2711.24 2610.61 -11990.9 2711.24 2604.57 -11976.1 2711.24 2982.07 -12143.5 2711.24 2865.91 -11915.3 2711.24 2865.91 -11734.2 2711.24 2820.18 -11734.2 2711.24 2820.18 -11909.6 2711.24 2704.02 -12143.5 2711.24 2754.83 -12143.5 2711.24 2843.51 -11962.9 2711.24 2933.57 -12143.5 2668.87 2982.07 -12143.5 2668.87 2865.91 -11915.3 2668.87 2933.57 -12143.5 2668.87 2843.51 -11962.9 2668.87 2754.83 -12143.5 2668.87 2704.02 -12143.5 2668.87 2820.18 -11909.6 2668.87 2820.18 -11734.2 2668.87 2865.91 -11734.2 2711.24 3240.48 -12143.5 2711.24 3170.74 -11734.2 2711.24 3124.55 -11734.2 2711.24 3201.92 -11848.5 2711.24 3214.62 -11895 2711.24 3267.5 -12088 2711.24 3296.83 -12143.5 2668.87 3240.48 -12143.5 2668.87 3296.83 -12143.5 2668.87 3124.55 -11734.2 2668.87 3170.74 -11734.2 2668.87 3201.92 -11848.5 2711.24 3333.32 -11848.5 2668.87 3333.32 -11848.5 2711.24 3320.62 -11895 2668.87 3214.62 -11895 2668.87 3320.62 -11895 2668.87 3267.5 -12088 2711.24 3412.76 -11734.2 2668.87 3412.76 -11734.2 2668.87 3364.5 -11734.2 2711.24 3364.5 -11734.2 2711.24 3445.32 -12143.5 2711.24 3491.05 -12096.8 2711.24 3445.32 -11734.2 2711.24 3534 -12143.5 2668.87 3445.32 -12143.5 2668.87 3534 -12143.5 2668.87 3445.32 -11734.2 2711.24 3491.05 -11734.2 2668.87 3491.05 -11734.2 2711.24 3491.05 -11942.3 2668.87 3491.05 -12096.8 2668.87 3491.05 -11942.3 2711.24 3536.31 -12096.8 2668.87 3536.31 -12096.8 2711.24 3583.54 -12139.7 2668.87 3583.54 -12139.7 2668.87 3491.05 -11896.9 2711.24 3491.05 -11896.9 2711.24 3531.23 -11942.3 2711.24 3543.24 -11896.9 2711.24 3566.56 -11946.4 2668.87 3531.23 -11942.3 2668.87 3566.56 -11946.4 2668.87 3543.24 -11896.9 2711.24 3652.24 -11734.2 2668.87 3652.24 -11734.2 2711.24 3589.2 -11912.3 2711.24 3581.11 -11952.7 2668.87 3581.11 -11952.7 2668.87 3589.2 -11912.3 2668.87 3711.59 -11734.2 2711.24 3711.59 -11734.2 2711.24 3618.76 -11930.8 2668.87 3618.76 -11930.8 2711.24 3593.35 -11963.5 2668.87 3593.35 -11963.5 2668.87 3601.98 -11976.1 2668.87 3608.02 -11990.9 2668.87 3612.75 -12028.3 2668.87 3621.53 -12121.8 2668.87 3611.42 -12045.2 2668.87 3607.44 -12060.1 2668.87 3603.02 -12133.3 2668.87 3600.69 -12072.7 2668.87 3591.04 -12082.8 2668.87 3568.41 -12093.6 2711.24 3568.41 -12093.6 2711.24 3591.04 -12082.8 2711.24 3603.02 -12133.3 2711.24 3621.53 -12121.8 2711.24 3607.44 -12060.1 2711.24 3600.69 -12072.7 2711.24 3611.42 -12045.2 2711.24 3612.75 -12028.3 2711.24 3641.39 -11957.1 2711.24 3637.66 -12106.1 2668.87 3637.66 -12106.1 2668.87 3641.39 -11957.1 2711.24 3649.77 -11973.2 2668.87 3649.77 -11973.2 2711.24 3650.05 -12086.3 2668.87 3650.05 -12086.3 2668.87 3655.76 -11991.1 2711.24 3655.76 -11991.1 2711.24 3657.93 -12062 2668.87 3657.93 -12062 2668.87 3660.56 -12032.5 2711.24 3660.56 -12032.5 2711.24 3608.02 -11990.9 2711.24 3601.98 -11976.1 2711.24 3819.21 -11734.2 2711.24 3819.21 -12095.1 2711.24 3703.74 -12095.1 2711.24 3703.74 -12143.5 2711.24 3980.4 -12143.5 2711.24 3980.4 -12095.1 2711.24 3864.93 -12095.1 2711.24 3864.93 -11734.2 2668.87 3819.21 -11734.2 2668.87 3819.21 -12095.1 2668.87 3864.93 -11734.2 2668.87 3864.93 -12095.1 2668.87 3980.4 -12095.1 2668.87 3980.4 -12143.5 2668.87 3703.74 -12143.5 2668.87 3703.74 -12095.1 3025.24 1331.47 -6339.72 3025.24 1298.61 -6343.14 3025.24 1268.51 -6353.4 3025.24 1241.74 -6370.43 3025.24 1218.91 -6394.16 3025.24 1200.38 -6424.59 3025.24 1186.55 -6461.72 3025.24 1177.93 -6505.2 3025.24 1175.06 -6554.68 3025.24 1177.84 -6603.54 3025.24 1186.19 -6645.7 3025.24 1199.88 -6681.99 3025.24 1218.67 -6713.26 3025.24 1241.48 -6737.86 3025.24 1268.15 -6755.83 3025.24 1298.46 -6766.82 3025.24 1332.17 -6770.49 3025.24 1365.12 -6767.42 3025.24 1393.62 -6759.6 3025.24 1416.71 -6749.13 3025.24 1440.05 -6735.31 3025.24 1440.05 -6668.59 3025.24 1436.3 -6668.59 3025.24 1420.58 -6684.78 3025.24 1397.13 -6703.48 3025.24 1368.05 -6717.72 3025.24 1331.71 -6723.31 3025.24 1310.01 -6720.58 3025.24 1289.49 -6712.42 3025.24 1270.79 -6698.95 3025.24 1254.55 -6680.31 3025.24 1241.42 -6656.37 3025.24 1231.57 -6626.99 3025.24 1225.42 -6592.86 3025.24 1223.36 -6554.68 3025.24 1225.53 -6514.94 3025.24 1232.04 -6481.12 3025.24 1242.3 -6452.68 3025.24 1255.73 -6429.06 3025.24 1271.55 -6410.94 3025.24 1289.96 -6397.93 3025.24 1310.25 -6390.08 3025.24 1331.71 -6387.46 3025.24 1368.99 -6393.32 3025.24 1399.48 -6408.12 3025.24 1421.76 -6425.85 3025.24 1436.53 -6441.34 3025.24 1440.05 -6441.34 3025.24 1440.05 -6375.45 3025.24 1418.36 -6363.17 3025.24 1393.62 -6351.72 3025.24 1365.36 -6342.79 2982.21 1331.47 -6339.72 2982.21 1298.61 -6343.14 2982.21 1365.36 -6342.79 2982.21 1393.62 -6351.72 2982.21 1418.36 -6363.17 2982.21 1440.05 -6375.45 2982.21 1440.05 -6441.34 2982.21 1436.53 -6441.34 2982.21 1421.76 -6425.85 2982.21 1399.48 -6408.12 2982.21 1368.99 -6393.32 2982.21 1331.71 -6387.46 2982.21 1310.25 -6390.08 2982.21 1289.96 -6397.93 2982.21 1271.55 -6410.94 2982.21 1255.73 -6429.06 2982.21 1242.3 -6452.68 2982.21 1232.04 -6481.12 2982.21 1225.53 -6514.94 2982.21 1223.36 -6554.68 2982.21 1225.42 -6592.86 2982.21 1231.57 -6626.99 2982.21 1241.42 -6656.37 2982.21 1254.55 -6680.31 2982.21 1270.79 -6698.95 2982.21 1289.49 -6712.42 2982.21 1310.01 -6720.58 2982.21 1331.71 -6723.31 2982.21 1368.05 -6717.72 2982.21 1397.13 -6703.48 2982.21 1420.58 -6684.78 2982.21 1436.3 -6668.59 2982.21 1440.05 -6668.59 2982.21 1440.05 -6735.31 2982.21 1416.71 -6749.13 2982.21 1393.62 -6759.6 2982.21 1365.12 -6767.42 2982.21 1332.17 -6770.49 2982.21 1298.46 -6766.82 2982.21 1268.15 -6755.83 2982.21 1241.48 -6737.86 2982.21 1218.67 -6713.26 2982.21 1199.88 -6681.99 2982.21 1186.19 -6645.7 2982.21 1177.84 -6603.54 2982.21 1175.06 -6554.68 2982.21 1177.93 -6505.2 2982.21 1186.55 -6461.72 2982.21 1200.38 -6424.59 2982.21 1218.91 -6394.16 2982.21 1241.74 -6370.43 2982.21 1268.51 -6353.4 3025.24 1685.81 -6347.26 3025.24 1684.64 -6347.26 3025.24 1483.43 -6347.26 3025.24 1483.43 -6762.95 3025.24 1529.86 -6762.95 3025.24 1529.86 -6396.39 3025.24 1685.81 -6396.39 3025.24 1802.36 -6762.95 3025.24 1731.54 -6347.26 3025.24 1763.2 -6463.39 3025.24 1776.1 -6510.57 3025.24 1829.8 -6706.56 3025.24 1859.58 -6762.95 2982.21 1802.36 -6762.95 2982.21 1859.58 -6762.95 2982.21 1684.64 -6347.26 2982.21 1685.81 -6351.4 2982.21 1483.43 -6347.26 2982.21 1685.81 -6347.26 2982.21 1685.81 -6396.39 2982.21 1529.86 -6396.39 2982.21 1529.86 -6762.95 2982.21 1483.43 -6762.95 2982.21 1731.54 -6347.26 2982.21 1763.2 -6463.39 3025.24 1896.63 -6463.39 2982.21 1896.63 -6463.39 3025.24 1883.73 -6510.57 2982.21 1776.1 -6510.57 2982.21 1883.73 -6510.57 2982.21 1829.8 -6706.56 3025.24 1977.3 -6347.26 2982.21 1977.3 -6347.26 2982.21 1928.29 -6347.26 3025.24 1928.29 -6347.26 3025.24 2107.69 -6339.72 3025.24 2072.54 -6342.06 3025.24 2043.08 -6349.07 3025.24 1993.01 -6372.1 3025.24 1993.01 -6441.34 3025.24 1996.3 -6441.34 3025.24 2020.8 -6418.55 3025.24 2048.36 -6401.56 3025.24 2076.91 -6390.98 3025.24 2104.41 -6387.46 3025.24 2138.17 -6392.24 3025.24 2151.54 -6398.22 3025.24 2162.56 -6406.58 3025.24 2177.34 -6428.74 3025.24 2182.26 -6456.97 3025.24 2179.68 -6479.52 3025.24 2171.94 -6497.45 3025.24 2158.58 -6511.06 3025.24 2139.11 -6520.62 3025.24 2109.56 -6529.84 3025.24 2076.03 -6539.61 3025.24 2043.67 -6553.85 3025.24 2030.18 -6563.83 3025.24 2018.34 -6576.46 3025.24 2008.76 -6591.36 3025.24 2001.57 -6608.7 3025.24 1997.09 -6628.7 3025.24 1995.59 -6651.56 3025.24 1997.66 -6675.8 3025.24 2003.86 -6698.01 3025.24 2014.19 -6718.17 3025.24 2028.66 -6736.29 3025.24 2046.34 -6751.25 3025.24 2066.3 -6761.94 3025.24 2088.55 -6768.35 3025.24 2113.08 -6770.49 3025.24 2141.6 -6768.74 3025.24 2168.54 -6763.51 3025.24 2193.72 -6755.06 3025.24 2216.97 -6743.69 3025.24 2216.97 -6677.52 3025.24 2213.45 -6677.52 3025.24 2194.46 -6694.52 3025.24 2170.77 -6709.21 3025.24 2144.1 -6719.36 3025.24 2116.13 -6722.75 3025.24 2086.88 -6718.25 3025.24 2063.84 -6704.74 3025.24 2048.89 -6683.91 3025.24 2043.9 -6657.42 3025.24 2046.83 -6633.62 3025.24 2055.63 -6615.27 3025.24 2069.99 -6601.73 3025.24 2089.63 -6592.37 3025.24 2125.75 -6581.62 3025.24 2161.16 -6570.6 3025.24 2192.4 -6554.13 3025.24 2213.92 -6530.95 3025.24 2226.41 -6501.36 3025.24 2230.57 -6465.63 3025.24 2228.49 -6441.48 3025.24 2222.24 -6417.61 3025.24 2212.25 -6395.69 3025.24 2198.91 -6377.41 3025.24 2180.94 -6361.36 3025.24 2160.8 -6349.49 3025.24 2136.91 -6342.16 2982.21 2107.69 -6339.72 2982.21 2072.54 -6342.06 2982.21 2136.91 -6342.16 2982.21 2160.8 -6349.49 2982.21 2180.94 -6361.36 2982.21 2198.91 -6377.41 2982.21 2212.25 -6395.69 2982.21 2222.24 -6417.61 2982.21 2228.49 -6441.48 2982.21 2230.57 -6465.63 2982.21 2226.41 -6501.36 2982.21 2213.92 -6530.95 2982.21 2192.4 -6554.13 2982.21 2161.16 -6570.6 2982.21 2125.75 -6581.62 2982.21 2089.63 -6592.37 2982.21 2069.99 -6601.73 2982.21 2055.63 -6615.27 2982.21 2046.83 -6633.62 2982.21 2043.9 -6657.42 2982.21 2048.89 -6683.91 2982.21 2063.84 -6704.74 2982.21 2086.88 -6718.25 2982.21 2116.13 -6722.75 2982.21 2144.1 -6719.36 2982.21 2170.77 -6709.21 2982.21 2194.46 -6694.52 2982.21 2213.45 -6677.52 2982.21 2216.97 -6677.52 2982.21 2216.97 -6743.69 2982.21 2193.72 -6755.06 2982.21 2168.54 -6763.51 2982.21 2141.6 -6768.74 2982.21 2113.08 -6770.49 2982.21 2088.55 -6768.35 2982.21 2066.3 -6761.94 2982.21 2046.34 -6751.25 2982.21 2028.66 -6736.29 2982.21 2014.19 -6718.17 2982.21 2003.86 -6698.01 2982.21 1997.66 -6675.8 2982.21 1995.59 -6651.56 2982.21 1997.09 -6628.7 2982.21 2001.57 -6608.7 2982.21 2008.76 -6591.36 2982.21 2018.34 -6576.46 2982.21 2030.18 -6563.83 2982.21 2043.67 -6553.85 2982.21 2076.03 -6539.61 2982.21 2109.56 -6529.84 2982.21 2139.11 -6520.62 2982.21 2158.58 -6511.06 2982.21 2171.94 -6497.45 2982.21 2179.68 -6479.52 2982.21 2182.26 -6456.97 2982.21 2177.34 -6428.74 2982.21 2162.56 -6406.58 2982.21 2151.54 -6398.22 2982.21 2138.17 -6392.24 2982.21 2104.41 -6387.46 2982.21 2076.91 -6390.98 2982.21 2048.36 -6401.56 2982.21 2020.8 -6418.55 2982.21 1996.3 -6441.34 2982.21 1993.01 -6441.34 2982.21 1993.01 -6372.1 2982.21 2043.08 -6349.07 3025.24 2375.26 -6339.72 3025.24 2340.11 -6342.06 3025.24 2310.65 -6349.07 3025.24 2260.59 -6372.1 3025.24 2260.59 -6441.34 3025.24 2263.87 -6441.34 3025.24 2288.38 -6418.55 3025.24 2315.93 -6401.56 3025.24 2344.48 -6390.98 3025.24 2371.98 -6387.46 3025.24 2405.75 -6392.24 3025.24 2419.11 -6398.22 3025.24 2430.13 -6406.58 3025.24 2444.91 -6428.74 3025.24 2449.83 -6456.97 3025.24 2447.25 -6479.52 3025.24 2439.52 -6497.45 3025.24 2426.15 -6511.06 3025.24 2406.68 -6520.62 3025.24 2377.14 -6529.84 3025.24 2343.6 -6539.61 3025.24 2311.24 -6553.85 3025.24 2297.76 -6563.83 3025.24 2285.91 -6576.46 3025.24 2276.33 -6591.36 3025.24 2269.15 -6608.7 3025.24 2264.66 -6628.7 3025.24 2263.17 -6651.56 3025.24 2265.23 -6675.8 3025.24 2271.43 -6698.01 3025.24 2281.77 -6718.17 3025.24 2296.23 -6736.29 3025.24 2313.91 -6751.25 3025.24 2333.87 -6761.94 3025.24 2356.12 -6768.35 3025.24 2380.65 -6770.49 3025.24 2409.18 -6768.74 3025.24 2436.11 -6763.51 3025.24 2461.3 -6755.06 3025.24 2484.54 -6743.69 3025.24 2484.54 -6677.52 3025.24 2481.02 -6677.52 3025.24 2462.03 -6694.52 3025.24 2438.34 -6709.21 3025.24 2411.67 -6719.36 3025.24 2383.7 -6722.75 3025.24 2354.45 -6718.25 3025.24 2331.41 -6704.74 3025.24 2316.46 -6683.91 3025.24 2311.47 -6657.42 3025.24 2314.41 -6633.62 3025.24 2323.2 -6615.27 3025.24 2337.56 -6601.73 3025.24 2357.2 -6592.37 3025.24 2393.32 -6581.62 3025.24 2428.73 -6570.6 3025.24 2459.98 -6554.13 3025.24 2481.49 -6530.95 3025.24 2493.98 -6501.36 3025.24 2498.14 -6465.63 3025.24 2496.06 -6441.48 3025.24 2489.82 -6417.61 3025.24 2479.82 -6395.69 3025.24 2466.48 -6377.41 3025.24 2448.51 -6361.36 3025.24 2428.38 -6349.49 3025.24 2404.49 -6342.16 2982.21 2375.26 -6339.72 2982.21 2340.11 -6342.06 2982.21 2404.49 -6342.16 2982.21 2428.38 -6349.49 2982.21 2448.51 -6361.36 2982.21 2466.48 -6377.41 2982.21 2479.82 -6395.69 2982.21 2489.82 -6417.61 2982.21 2496.06 -6441.48 2982.21 2498.14 -6465.63 2982.21 2493.98 -6501.36 2982.21 2481.49 -6530.95 2982.21 2459.98 -6554.13 2982.21 2428.73 -6570.6 2982.21 2393.32 -6581.62 2982.21 2357.2 -6592.37 2982.21 2337.56 -6601.73 2982.21 2323.2 -6615.27 2982.21 2314.41 -6633.62 2982.21 2311.47 -6657.42 2982.21 2316.46 -6683.91 2982.21 2331.41 -6704.74 2982.21 2354.45 -6718.25 2982.21 2383.7 -6722.75 2982.21 2411.67 -6719.36 2982.21 2438.34 -6709.21 2982.21 2462.03 -6694.52 2982.21 2481.02 -6677.52 2982.21 2484.54 -6677.52 2982.21 2484.54 -6743.69 2982.21 2461.3 -6755.06 2982.21 2436.11 -6763.51 2982.21 2409.18 -6768.74 2982.21 2380.65 -6770.49 2982.21 2356.12 -6768.35 2982.21 2333.87 -6761.94 2982.21 2313.91 -6751.25 2982.21 2296.23 -6736.29 2982.21 2281.77 -6718.17 2982.21 2271.43 -6698.01 2982.21 2265.23 -6675.8 2982.21 2263.17 -6651.56 2982.21 2264.66 -6628.7 2982.21 2269.15 -6608.7 2982.21 2276.33 -6591.36 2982.21 2285.91 -6576.46 2982.21 2297.76 -6563.83 2982.21 2311.24 -6553.85 2982.21 2343.6 -6539.61 2982.21 2377.14 -6529.84 2982.21 2406.68 -6520.62 2982.21 2426.15 -6511.06 2982.21 2439.52 -6497.45 2982.21 2447.25 -6479.52 2982.21 2449.83 -6456.97 2982.21 2444.91 -6428.74 2982.21 2430.13 -6406.58 2982.21 2419.11 -6398.22 2982.21 2405.75 -6392.24 2982.21 2371.98 -6387.46 2982.21 2344.48 -6390.98 2982.21 2315.93 -6401.56 2982.21 2288.38 -6418.55 2982.21 2263.87 -6441.34 2982.21 2260.59 -6441.34 2982.21 2260.59 -6372.1 2982.21 2310.65 -6349.07 3025.24 2667.46 -6347.26 3025.24 2531.91 -6347.26 3025.24 2531.91 -6389.69 3025.24 2576.47 -6389.69 3025.24 2576.47 -6720.51 3025.24 2531.91 -6720.51 3025.24 2531.91 -6762.95 3025.24 2667.46 -6762.95 3025.24 2667.46 -6720.51 3025.24 2622.9 -6720.51 3025.24 2622.9 -6389.69 3025.24 2667.46 -6389.69 2982.21 2667.46 -6347.26 2982.21 2531.91 -6347.26 2982.21 2667.46 -6389.69 2982.21 2622.9 -6389.69 2982.21 2622.9 -6720.51 2982.21 2667.46 -6720.51 2982.21 2667.46 -6762.95 2982.21 2531.91 -6762.95 2982.21 2531.91 -6720.51 2982.21 2576.47 -6720.51 2982.21 2576.47 -6389.69 2982.21 2531.91 -6389.69 3025.24 2861.16 -6339.72 3025.24 2828.3 -6343.14 3025.24 2798.19 -6353.4 3025.24 2771.43 -6370.43 3025.24 2748.6 -6394.16 3025.24 2730.07 -6424.59 3025.24 2716.23 -6461.72 3025.24 2707.62 -6505.2 3025.24 2704.74 -6554.68 3025.24 2707.53 -6603.54 3025.24 2715.88 -6645.7 3025.24 2729.57 -6681.99 3025.24 2748.36 -6713.26 3025.24 2771.17 -6737.86 3025.24 2797.84 -6755.83 3025.24 2828.15 -6766.82 3025.24 2861.86 -6770.49 3025.24 2894.81 -6767.42 3025.24 2923.3 -6759.6 3025.24 2946.4 -6749.13 3025.24 2969.73 -6735.31 3025.24 2969.73 -6668.59 3025.24 2965.98 -6668.59 3025.24 2950.27 -6684.78 3025.24 2926.82 -6703.48 3025.24 2897.74 -6717.72 3025.24 2861.39 -6723.31 3025.24 2839.7 -6720.58 3025.24 2819.18 -6712.42 3025.24 2800.48 -6698.95 3025.24 2784.24 -6680.31 3025.24 2771.11 -6656.37 3025.24 2761.26 -6626.99 3025.24 2755.1 -6592.86 3025.24 2753.05 -6554.68 3025.24 2755.22 -6514.94 3025.24 2761.73 -6481.12 3025.24 2771.99 -6452.68 3025.24 2785.41 -6429.06 3025.24 2801.24 -6410.94 3025.24 2819.65 -6397.93 3025.24 2839.94 -6390.08 3025.24 2861.39 -6387.46 3025.24 2898.68 -6393.32 3025.24 2929.17 -6408.12 3025.24 2951.44 -6425.85 3025.24 2966.22 -6441.34 3025.24 2969.73 -6441.34 3025.24 2969.73 -6375.45 3025.24 2948.04 -6363.17 3025.24 2923.3 -6351.72 3025.24 2895.04 -6342.79 2982.21 2861.16 -6339.72 2982.21 2828.3 -6343.14 2982.21 2895.04 -6342.79 2982.21 2923.3 -6351.72 2982.21 2948.04 -6363.17 2982.21 2969.73 -6375.45 2982.21 2969.73 -6441.34 2982.21 2966.22 -6441.34 2982.21 2951.44 -6425.85 2982.21 2929.17 -6408.12 2982.21 2898.68 -6393.32 2982.21 2861.39 -6387.46 2982.21 2839.94 -6390.08 2982.21 2819.65 -6397.93 2982.21 2801.24 -6410.94 2982.21 2785.41 -6429.06 2982.21 2771.99 -6452.68 2982.21 2761.73 -6481.12 2982.21 2755.22 -6514.94 2982.21 2753.05 -6554.68 2982.21 2755.1 -6592.86 2982.21 2761.26 -6626.99 2982.21 2771.11 -6656.37 2982.21 2784.24 -6680.31 2982.21 2800.48 -6698.95 2982.21 2819.18 -6712.42 2982.21 2839.7 -6720.58 2982.21 2861.39 -6723.31 2982.21 2897.74 -6717.72 2982.21 2926.82 -6703.48 2982.21 2950.27 -6684.78 2982.21 2965.98 -6668.59 2982.21 2969.73 -6668.59 2982.21 2969.73 -6735.31 2982.21 2946.4 -6749.13 2982.21 2923.3 -6759.6 2982.21 2894.81 -6767.42 2982.21 2861.86 -6770.49 2982.21 2828.15 -6766.82 2982.21 2797.84 -6755.83 2982.21 2771.17 -6737.86 2982.21 2748.36 -6713.26 2982.21 2729.57 -6681.99 2982.21 2715.88 -6645.7 2982.21 2707.53 -6603.54 2982.21 2704.74 -6554.68 2982.21 2707.62 -6505.2 2982.21 2716.23 -6461.72 2982.21 2730.07 -6424.59 2982.21 2748.6 -6394.16 2982.21 2771.43 -6370.43 2982.21 2798.19 -6353.4 3025.24 3093.09 -6762.95 3025.24 3022.26 -6347.26 3025.24 2975.36 -6347.26 3025.24 3053.92 -6463.39 3025.24 3066.82 -6510.57 3025.24 3120.52 -6706.56 3025.24 3150.3 -6762.95 2982.21 3093.09 -6762.95 2982.21 3150.3 -6762.95 2982.21 2975.36 -6347.26 2982.21 3022.26 -6347.26 2982.21 3053.92 -6463.39 3025.24 3187.36 -6463.39 2982.21 3187.36 -6463.39 3025.24 3174.46 -6510.57 2982.21 3066.82 -6510.57 2982.21 3174.46 -6510.57 2982.21 3120.52 -6706.56 3025.24 3268.03 -6347.26 2982.21 3268.03 -6347.26 2982.21 3219.02 -6347.26 3025.24 3219.02 -6347.26 3025.24 3503.47 -6347.26 3025.24 3301.09 -6347.26 3025.24 3301.09 -6762.95 3025.24 3347.53 -6762.95 3025.24 3347.53 -6396.39 3025.24 3503.47 -6396.39 2982.21 3503.47 -6347.26 2982.21 3301.09 -6347.26 2982.21 3503.47 -6396.39 2982.21 3347.53 -6396.39 2982.21 3347.53 -6762.95 2982.21 3301.09 -6762.95 3025.24 1370.22 -3449.08 3025.24 1326.86 -3449.08 3025.24 1326.86 -3783.58 3025.24 1241.89 -3555.98 3025.24 1215.61 -3555.98 3025.24 1131.29 -3783.58 3025.24 1131.29 -3449.08 3025.24 1090.78 -3449.08 3025.24 1090.78 -3837.29 3025.24 1149.91 -3837.29 3025.24 1231.37 -3621.15 3025.24 1309.99 -3837.29 3025.24 1370.22 -3837.29 2985.06 1370.22 -3449.08 2985.06 1326.86 -3449.08 2985.06 1370.22 -3837.29 2985.06 1309.99 -3837.29 2985.06 1231.37 -3621.15 2985.06 1149.91 -3837.29 2985.06 1090.78 -3837.29 2985.06 1090.78 -3449.08 2985.06 1131.29 -3449.08 2985.06 1131.29 -3783.58 2985.06 1215.61 -3555.98 2985.06 1241.89 -3555.98 2985.06 1326.86 -3783.58 3025.24 1436.36 -3837.29 3025.24 1479.72 -3792.97 3025.24 1436.36 -3449.08 3025.24 1518.26 -3837.29 2985.06 1436.36 -3837.29 2985.06 1518.26 -3837.29 2985.06 1436.36 -3449.08 3025.24 1479.72 -3449.08 2985.06 1479.72 -3449.08 3025.24 1479.72 -3637.84 2985.06 1479.72 -3792.97 2985.06 1479.72 -3637.84 3025.24 1515.64 -3792.97 2985.06 1515.64 -3792.97 3025.24 1549.69 -3789.58 3025.24 1545.04 -3835.85 2985.06 1545.04 -3835.85 2985.06 1549.69 -3789.58 2985.06 1479.72 -3593.78 3025.24 1479.72 -3593.78 3025.24 1509.29 -3637.84 3025.24 1516.51 -3593.78 3025.24 1533.05 -3639.11 2985.06 1509.29 -3637.84 2985.06 1533.05 -3639.11 2985.06 1516.51 -3593.78 3025.24 1548.32 -3596.32 2985.06 1548.32 -3596.32 3025.24 1551.77 -3642.92 2985.06 1551.77 -3642.92 2985.06 1574.11 -3603.95 3025.24 1574.11 -3603.95 3025.24 1566.61 -3650 2985.06 1566.61 -3650 2985.06 1578.71 -3661.04 2985.06 1595.41 -3616.53 3025.24 1595.41 -3616.53 3025.24 1578.71 -3661.04 3025.24 1587.03 -3673.3 2985.06 1587.03 -3673.3 3025.24 1592.72 -3686.59 2985.06 1592.72 -3686.59 2985.06 1597.1 -3718.92 2985.06 1613.75 -3633.93 3025.24 1613.75 -3633.93 3025.24 1597.1 -3718.92 3025.24 1595.65 -3737.69 2985.06 1595.65 -3737.69 3025.24 1603.46 -3813.04 3025.24 1591.3 -3753.86 3025.24 1586.7 -3824.06 3025.24 1583.99 -3767.35 3025.24 1573.67 -3778.1 3025.24 1567.54 -3831.55 2985.06 1567.54 -3831.55 2985.06 1573.67 -3778.1 2985.06 1583.99 -3767.35 2985.06 1591.3 -3753.86 2985.06 1603.46 -3813.04 2985.06 1586.7 -3824.06 3025.24 1619.66 -3796.19 2985.06 1619.66 -3796.19 3025.24 1625.66 -3651.49 3025.24 1631.93 -3775.37 2985.06 1631.93 -3775.37 2985.06 1625.66 -3651.49 3025.24 1634.66 -3672.38 2985.06 1634.66 -3672.38 3025.24 1639.65 -3750.18 2985.06 1639.65 -3750.18 2985.06 1640.33 -3695.62 3025.24 1640.33 -3695.62 3025.24 1642.22 -3720.23 2985.06 1642.22 -3720.23 3025.24 1683.61 -3837.29 3025.24 1726.97 -3792.97 3025.24 1683.61 -3449.08 3025.24 1767.71 -3837.29 2985.06 1683.61 -3837.29 2985.06 1767.71 -3837.29 2985.06 1683.61 -3449.08 3025.24 1726.97 -3449.08 2985.06 1726.97 -3449.08 3025.24 1726.97 -3646.44 2985.06 1726.97 -3792.97 2985.06 1726.97 -3646.44 3025.24 1769.9 -3792.97 2985.06 1769.9 -3792.97 3025.24 1814.68 -3833.64 2985.06 1814.68 -3833.64 2985.06 1726.97 -3603.43 3025.24 1726.97 -3603.43 3025.24 1765.08 -3646.44 3025.24 1776.47 -3603.43 3025.24 1798.59 -3650.35 2985.06 1765.08 -3646.44 2985.06 1798.59 -3650.35 2985.06 1776.47 -3603.43 3025.24 1879.83 -3449.08 2985.06 1879.83 -3449.08 3025.24 1820.05 -3618.03 3025.24 1812.38 -3656.35 2985.06 1812.38 -3656.35 2985.06 1820.05 -3618.03 2985.06 1936.12 -3449.08 3025.24 1936.12 -3449.08 3025.24 1848.08 -3635.56 2985.06 1848.08 -3635.56 3025.24 1823.99 -3666.52 2985.06 1823.99 -3666.52 2985.06 1832.17 -3678.51 2985.06 1837.9 -3692.59 2985.06 1842.39 -3728.05 2985.06 1850.71 -3816.69 2985.06 1841.13 -3744.05 2985.06 1837.35 -3758.16 2985.06 1833.16 -3827.58 2985.06 1830.94 -3770.12 2985.06 1821.8 -3779.67 2985.06 1800.34 -3789.97 3025.24 1800.34 -3789.97 3025.24 1821.8 -3779.67 3025.24 1833.16 -3827.58 3025.24 1850.71 -3816.69 3025.24 1837.35 -3758.16 3025.24 1830.94 -3770.12 3025.24 1841.13 -3744.05 3025.24 1842.39 -3728.05 3025.24 1869.54 -3660.52 3025.24 1866.01 -3801.76 2985.06 1866.01 -3801.76 2985.06 1869.54 -3660.52 3025.24 1877.49 -3675.74 2985.06 1877.49 -3675.74 3025.24 1877.75 -3783.06 2985.06 1877.75 -3783.06 2985.06 1883.17 -3692.72 3025.24 1883.17 -3692.72 3025.24 1885.23 -3759.98 2985.06 1885.23 -3759.98 2985.06 1887.72 -3731.96 3025.24 1887.72 -3731.96 3025.24 1837.9 -3692.59 3025.24 1832.17 -3678.51 3025.24 1961.96 -3449.08 3025.24 1961.96 -3837.29 3025.24 2165.85 -3837.29 3025.24 2165.85 -3791.4 3025.24 2005.32 -3791.4 3025.24 2005.32 -3685.03 3025.24 2154.9 -3685.03 3025.24 2154.9 -3639.14 3025.24 2005.32 -3639.14 3025.24 2005.32 -3494.97 3025.24 2165.85 -3494.97 3025.24 2165.85 -3449.08 2985.06 1961.96 -3449.08 2985.06 1961.96 -3837.29 2985.06 2165.85 -3449.08 2985.06 2165.85 -3494.97 2985.06 2005.32 -3494.97 2985.06 2005.32 -3639.14 2985.06 2154.9 -3639.14 2985.06 2154.9 -3685.03 2985.06 2005.32 -3685.03 2985.06 2005.32 -3791.4 2985.06 2165.85 -3791.4 2985.06 2165.85 -3837.29 3025.24 2304.48 -3442.04 3025.24 2271.65 -3444.23 3025.24 2244.14 -3450.78 3025.24 2197.39 -3472.29 3025.24 2197.39 -3536.94 3025.24 2200.45 -3536.94 3025.24 2223.34 -3515.66 3025.24 2249.07 -3499.79 3025.24 2275.73 -3489.92 3025.24 2301.41 -3486.63 3025.24 2332.95 -3491.09 3025.24 2345.43 -3496.67 3025.24 2355.72 -3504.48 3025.24 2369.52 -3525.18 3025.24 2374.12 -3551.54 3025.24 2371.71 -3572.6 3025.24 2364.48 -3589.35 3025.24 2352 -3602.06 3025.24 2333.82 -3610.99 3025.24 2306.23 -3619.59 3025.24 2274.91 -3628.71 3025.24 2244.69 -3642.01 3025.24 2232.1 -3651.33 3025.24 2221.04 -3663.13 3025.24 2212.09 -3677.04 3025.24 2205.38 -3693.24 3025.24 2201.19 -3711.92 3025.24 2199.79 -3733.26 3025.24 2201.72 -3755.9 3025.24 2207.51 -3776.64 3025.24 2217.16 -3795.47 3025.24 2230.67 -3812.39 3025.24 2247.18 -3826.36 3025.24 2265.82 -3836.34 3025.24 2286.6 -3842.33 3025.24 2309.51 -3844.33 3025.24 2336.15 -3842.7 3025.24 2361.31 -3837.81 3025.24 2384.82 -3829.92 3025.24 2406.53 -3819.3 3025.24 2406.53 -3757.51 3025.24 2403.25 -3757.51 3025.24 2385.51 -3773.38 3025.24 2363.39 -3787.1 3025.24 2338.48 -3796.58 3025.24 2312.36 -3799.74 3025.24 2285.04 -3795.54 3025.24 2263.52 -3782.93 3025.24 2249.56 -3763.47 3025.24 2244.91 -3738.74 3025.24 2247.65 -3716.51 3025.24 2255.86 -3699.37 3025.24 2269.27 -3686.72 3025.24 2287.61 -3677.99 3025.24 2321.34 -3667.95 3025.24 2354.41 -3657.65 3025.24 2383.59 -3642.27 3025.24 2403.68 -3620.63 3025.24 2415.35 -3593 3025.24 2419.23 -3559.63 3025.24 2417.29 -3537.07 3025.24 2411.46 -3514.78 3025.24 2402.12 -3494.32 3025.24 2389.67 -3477.24 3025.24 2372.89 -3462.25 3025.24 2354.08 -3451.17 3025.24 2331.77 -3444.32 2985.06 2304.48 -3442.04 2985.06 2271.65 -3444.23 2985.06 2331.77 -3444.32 2985.06 2354.08 -3451.17 2985.06 2372.89 -3462.25 2985.06 2389.67 -3477.24 2985.06 2402.12 -3494.32 2985.06 2411.46 -3514.78 2985.06 2417.29 -3537.07 2985.06 2419.23 -3559.63 2985.06 2415.35 -3593 2985.06 2403.68 -3620.63 2985.06 2383.59 -3642.27 2985.06 2354.41 -3657.65 2985.06 2321.34 -3667.95 2985.06 2287.61 -3677.99 2985.06 2269.27 -3686.72 2985.06 2255.86 -3699.37 2985.06 2247.65 -3716.51 2985.06 2244.91 -3738.74 2985.06 2249.56 -3763.47 2985.06 2263.52 -3782.93 2985.06 2285.04 -3795.54 2985.06 2312.36 -3799.74 2985.06 2338.48 -3796.58 2985.06 2363.39 -3787.1 2985.06 2385.51 -3773.38 2985.06 2403.25 -3757.51 2985.06 2406.53 -3757.51 2985.06 2406.53 -3819.3 2985.06 2384.82 -3829.92 2985.06 2361.31 -3837.81 2985.06 2336.15 -3842.7 2985.06 2309.51 -3844.33 2985.06 2286.6 -3842.33 2985.06 2265.82 -3836.34 2985.06 2247.18 -3826.36 2985.06 2230.67 -3812.39 2985.06 2217.16 -3795.47 2985.06 2207.51 -3776.64 2985.06 2201.72 -3755.9 2985.06 2199.79 -3733.26 2985.06 2201.19 -3711.92 2985.06 2205.38 -3693.24 2985.06 2212.09 -3677.04 2985.06 2221.04 -3663.13 2985.06 2232.1 -3651.33 2985.06 2244.69 -3642.01 2985.06 2274.91 -3628.71 2985.06 2306.23 -3619.59 2985.06 2333.82 -3610.99 2985.06 2352 -3602.06 2985.06 2364.48 -3589.35 2985.06 2371.71 -3572.6 2985.06 2374.12 -3551.54 2985.06 2369.52 -3525.18 2985.06 2355.72 -3504.48 2985.06 2345.43 -3496.67 2985.06 2332.95 -3491.09 2985.06 2301.41 -3486.63 2985.06 2275.73 -3489.92 2985.06 2249.07 -3499.79 2985.06 2223.34 -3515.66 2985.06 2200.45 -3536.94 2985.06 2197.39 -3536.94 2985.06 2197.39 -3472.29 2985.06 2244.14 -3450.78 3025.24 2554.36 -3442.04 3025.24 2521.53 -3444.23 3025.24 2494.02 -3450.78 3025.24 2447.26 -3472.29 3025.24 2447.26 -3536.94 3025.24 2450.33 -3536.94 3025.24 2473.22 -3515.66 3025.24 2498.95 -3499.79 3025.24 2525.61 -3489.92 3025.24 2551.29 -3486.63 3025.24 2582.83 -3491.09 3025.24 2595.31 -3496.67 3025.24 2605.6 -3504.48 3025.24 2619.4 -3525.18 3025.24 2624 -3551.54 3025.24 2621.59 -3572.6 3025.24 2614.36 -3589.35 3025.24 2601.88 -3602.06 3025.24 2583.7 -3610.99 3025.24 2556.11 -3619.59 3025.24 2524.79 -3628.71 3025.24 2494.57 -3642.01 3025.24 2481.98 -3651.33 3025.24 2470.92 -3663.13 3025.24 2461.97 -3677.04 3025.24 2455.26 -3693.24 3025.24 2451.07 -3711.92 3025.24 2449.67 -3733.26 3025.24 2451.6 -3755.9 3025.24 2457.39 -3776.64 3025.24 2467.04 -3795.47 3025.24 2480.55 -3812.39 3025.24 2497.06 -3826.36 3025.24 2515.7 -3836.34 3025.24 2536.48 -3842.33 3025.24 2559.39 -3844.33 3025.24 2586.03 -3842.7 3025.24 2611.19 -3837.81 3025.24 2634.7 -3829.92 3025.24 2656.41 -3819.3 3025.24 2656.41 -3757.51 3025.24 2653.13 -3757.51 3025.24 2635.39 -3773.38 3025.24 2613.27 -3787.1 3025.24 2588.36 -3796.58 3025.24 2562.24 -3799.74 3025.24 2534.92 -3795.54 3025.24 2513.4 -3782.93 3025.24 2499.44 -3763.47 3025.24 2494.79 -3738.74 3025.24 2497.53 -3716.51 3025.24 2505.74 -3699.37 3025.24 2519.15 -3686.72 3025.24 2537.49 -3677.99 3025.24 2571.22 -3667.95 3025.24 2604.29 -3657.65 3025.24 2633.47 -3642.27 3025.24 2653.56 -3620.63 3025.24 2665.23 -3593 3025.24 2669.11 -3559.63 3025.24 2667.17 -3537.07 3025.24 2661.34 -3514.78 3025.24 2652 -3494.32 3025.24 2639.55 -3477.24 3025.24 2622.77 -3462.25 3025.24 2603.96 -3451.17 3025.24 2581.65 -3444.32 2985.06 2554.36 -3442.04 2985.06 2521.53 -3444.23 2985.06 2581.65 -3444.32 2985.06 2603.96 -3451.17 2985.06 2622.77 -3462.25 2985.06 2639.55 -3477.24 2985.06 2652 -3494.32 2985.06 2661.34 -3514.78 2985.06 2667.17 -3537.07 2985.06 2669.11 -3559.63 2985.06 2665.23 -3593 2985.06 2653.56 -3620.63 2985.06 2633.47 -3642.27 2985.06 2604.29 -3657.65 2985.06 2571.22 -3667.95 2985.06 2537.49 -3677.99 2985.06 2519.15 -3686.72 2985.06 2505.74 -3699.37 2985.06 2497.53 -3716.51 2985.06 2494.79 -3738.74 2985.06 2499.44 -3763.47 2985.06 2513.4 -3782.93 2985.06 2534.92 -3795.54 2985.06 2562.24 -3799.74 2985.06 2588.36 -3796.58 2985.06 2613.27 -3787.1 2985.06 2635.39 -3773.38 2985.06 2653.13 -3757.51 2985.06 2656.41 -3757.51 2985.06 2656.41 -3819.3 2985.06 2634.7 -3829.92 2985.06 2611.19 -3837.81 2985.06 2586.03 -3842.7 2985.06 2559.39 -3844.33 2985.06 2536.48 -3842.33 2985.06 2515.7 -3836.34 2985.06 2497.06 -3826.36 2985.06 2480.55 -3812.39 2985.06 2467.04 -3795.47 2985.06 2457.39 -3776.64 2985.06 2451.6 -3755.9 2985.06 2449.67 -3733.26 2985.06 2451.07 -3711.92 2985.06 2455.26 -3693.24 2985.06 2461.97 -3677.04 2985.06 2470.92 -3663.13 2985.06 2481.98 -3651.33 2985.06 2494.57 -3642.01 2985.06 2524.79 -3628.71 2985.06 2556.11 -3619.59 2985.06 2583.7 -3610.99 2985.06 2601.88 -3602.06 2985.06 2614.36 -3589.35 2985.06 2621.59 -3572.6 2985.06 2624 -3551.54 2985.06 2619.4 -3525.18 2985.06 2605.6 -3504.48 2985.06 2595.31 -3496.67 2985.06 2582.83 -3491.09 2985.06 2551.29 -3486.63 2985.06 2525.61 -3489.92 2985.06 2498.95 -3499.79 2985.06 2473.22 -3515.66 2985.06 2450.33 -3536.94 2985.06 2447.26 -3536.94 2985.06 2447.26 -3472.29 2985.06 2494.02 -3450.78 3025.24 2827.23 -3449.08 3025.24 2700.65 -3449.08 3025.24 2700.65 -3488.71 3025.24 2742.26 -3488.71 3025.24 2742.26 -3797.66 3025.24 2700.65 -3797.66 3025.24 2700.65 -3837.29 3025.24 2827.23 -3837.29 3025.24 2827.23 -3797.66 3025.24 2785.62 -3797.66 3025.24 2785.62 -3488.71 3025.24 2827.23 -3488.71 2985.06 2827.23 -3449.08 2985.06 2700.65 -3449.08 2985.06 2827.23 -3488.71 2985.06 2785.62 -3488.71 2985.06 2785.62 -3797.66 2985.06 2827.23 -3797.66 2985.06 2827.23 -3837.29 2985.06 2700.65 -3837.29 2985.06 2700.65 -3797.66 2985.06 2742.26 -3797.66 2985.06 2742.26 -3488.71 2985.06 2700.65 -3488.71 3025.24 3116.97 -3837.29 3025.24 3004.84 -3449.08 3025.24 2957.97 -3449.08 3025.24 2845.85 -3837.29 3025.24 2892.27 -3837.29 3025.24 2982.5 -3515.04 3025.24 3072.73 -3837.29 2985.06 3116.97 -3837.29 2985.06 3004.84 -3449.08 2985.06 3072.73 -3837.29 2985.06 2982.5 -3515.04 2985.06 2892.27 -3837.29 2985.06 2845.85 -3837.29 2985.06 2957.97 -3449.08 3025.24 3148.29 -3449.08 3025.24 3148.29 -3837.29 3025.24 3352.17 -3837.29 3025.24 3352.17 -3791.4 3025.24 3191.65 -3791.4 3025.24 3191.65 -3685.03 3025.24 3341.22 -3685.03 3025.24 3341.22 -3639.14 3025.24 3191.65 -3639.14 3025.24 3191.65 -3494.97 3025.24 3352.17 -3494.97 3025.24 3352.17 -3449.08 2985.06 3148.29 -3449.08 2985.06 3148.29 -3837.29 2985.06 3352.17 -3449.08 2985.06 3352.17 -3494.97 2985.06 3191.65 -3494.97 2985.06 3191.65 -3639.14 2985.06 3341.22 -3639.14 2985.06 3341.22 -3685.03 2985.06 3191.65 -3685.03 2985.06 3191.65 -3791.4 2985.06 3352.17 -3791.4 2985.06 3352.17 -3837.29 2711.24 755.075 -7722.04 2951.24 755.075 -7722.04 2951.24 856.372 -7527.36 2711.24 856.372 -7527.36 2711.24 980.972 -7888.63 2711.24 3207.31 -9530.42 2951.24 3207.31 -9530.42 2711.24 980.972 -7619.25 2951.24 3308.85 -9335.93 2711.24 3308.85 -9335.93 2951.24 3233.21 -9481.3 2711.24 3233.21 -9481.3 2951.24 3207.56 -9530.611 2711.24 3207.56 -9530.611 2951.24 3849.14 -8563.531 2834.24 3849.14 -8742.201 2711.24 3849.14 -8563.531 2711.24 3849.14 -8742.201 2711.24 3369.51 -9651.661 2951.24 3369.51 -9651.661 2711.24 3207.43 -9530.52 2951.24 3207.43 -9530.52 2834.24 3849.14 -11412.4 3077.24 3118.34 -11412.4 3077.24 3118.34 -9399.201 2964.83 3456.42 -9399.201 2964.83 3456.42 -9147.201 2901.36 3647.28 -9147.201 2901.36 3647.28 -8742.201 3194.24 3849.14 -8742.201 3194.24 3647.28 -8742.201 3194.24 3647.28 -9147.201 3194.24 3456.42 -9147.201 3194.24 3456.42 -9399.201</float_array>
          <technique_common>
            <accessor source="#Tòa_bò_sữa-mesh-positions-array" count="3133" stride="3">
              <param name="X" type="float"/>
              <param name="Y" type="float"/>
              <param name="Z" type="float"/>
            </accessor>
          </technique_common>
        </source>
        <source id="Tòa_bò_sữa-mesh-normals">
          <float_array id="Tòa_bò_sữa-mesh-normals-array" count="14169">0 -1 0 0 0 -1 -1 0 0 0 0 1 1 0 0 0 1 0 1 2.48229e-6 0 0 -0.8009814 0.5986893 0.02106118 -0.8016479 0.5974254 7.44885e-6 -0.8009814 0.5986892 -1 3.17345e-6 0 -1 -4.81093e-6 0 -1 0 0 -1 -1.83363e-6 0 -1 -1.45684e-6 0 -1 7.44143e-6 0 -1 1.60452e-6 0 -1 -1.26224e-5 0 -1 -5.05827e-6 0 -1 -3.36329e-6 0 -1 -7.11936e-7 0 -1 6.5161e-6 0 -1 -5.25373e-5 0 -1 -5.24461e-5 0 -1 -5.26102e-5 0 -1 7.61998e-6 0 -1 -5.40587e-6 0 -1 5.20264e-6 0 -1 -5.15087e-6 0 -1 -3.21385e-6 0 -1 9.0812e-7 0 -1 -2.15505e-7 0 -1 1.11799e-6 0 -1 2.41334e-6 0 -1 -4.74289e-6 0 -1 7.72845e-6 0 -1 1.22729e-5 0 -1 5.62442e-6 0 -1 -5.62556e-6 0 -1 6.13633e-6 0 -1 2.81256e-6 0 -1 1.4516e-6 0 -1 2.69397e-7 0 -1 4.45944e-7 0 -1 -1.33581e-6 0 -1 -1.88094e-6 0 -1 3.67296e-6 0 -1 -1.42894e-5 0 -1 -3.23387e-5 0 -1 -3.33445e-5 0 -1 -3.28418e-5 0 -1 -3.19377e-7 0 -1 -1.40581e-6 0 -1 -1.39962e-5 0 -1 1.87441e-6 0 -1 2.23824e-5 0 -1 -2.35442e-6 0 -1 1.84208e-5 0 -1 3.72789e-6 0 -1 1.86403e-6 0 -1 7.78739e-7 0 -1 -4.39932e-6 0 -1 8.61938e-7 0 -1 -1.11793e-6 0 -1 2.18963e-7 0 -1 -7.10995e-6 0 -1 -5.88807e-6 0 -1 -5.88831e-6 0 -1 -6.45091e-6 0 -1 -1.93862e-6 0 -1 -2.20156e-6 0 -1 4.14798e-6 0 -1 -4.96906e-6 0 -1 -4.67609e-6 0 -1 4.96879e-6 0 -1 -4.96896e-6 0 -1 -2.33812e-6 0 -1 2.33812e-6 0 -1 -1.16903e-6 0 -1 -1.75351e-6 0 -1 2.48434e-6 0 -1 -3.03881e-6 0 -1 1.2087e-6 0 -1 -2.65132e-7 0 -1 0 0 -1 5.93203e-7 0 -1 -7.09837e-7 0 -1 -3.41529e-6 0 -1 6.02774e-7 0 -1 -5.67229e-6 0 -1 2.22204e-6 0 -1 1.52825e-5 0 -1 1.46096e-5 0 -1 -4.86988e-6 0 -1 2.95013e-6 0 -1 -1.26181e-6 0 -1 -6.25145e-6 0 -1 9.37295e-5 0 -1 9.36626e-5 0 -1 9.36944e-5 0 -1 6.09697e-6 0 -1 -1.86003e-6 0 -1 1.30926e-6 0 -1 -3.00026e-6 0 -1 -1.29293e-6 0 -1 1.57363e-6 0 -1 4.57825e-6 0 -1 -2.14555e-5 0 -1 2.10541e-6 0 -1 -1.84822e-6 0 -1 6.3396e-7 0 -1 2.99803e-6 0 -1 3.1209e-6 0 -1 -1.67661e-6 0 -1 2.58588e-6 0 -1 -4.57668e-6 0 -1 5.36573e-6 0 -1 2.68526e-6 0 -1 7.94685e-7 0 -1 1.34247e-6 0 -1 -2.60216e-6 0 -1 7.69923e-6 0 -1 -7.77088e-7 0 -1 -1.49468e-5 0 -1 2.23334e-6 0 -1 -1.15662e-6 0 -1 -2.18626e-6 0 -1 -1.57471e-6 0 -1 -2.459e-5 0 -1 1.1978e-5 0 -1 -1.5396e-5 0 -1 -4.79028e-6 0 -1 8.00294e-6 0 -1 -3.72157e-6 0 -1 -3.08627e-6 0 -1 1.35334e-6 0 -1 -3.04456e-6 0 -1 -2.95466e-6 0 -1 -2.9548e-6 0 -1 -4.43304e-6 0 -1 3.61481e-6 0 -1 1.35493e-6 0 -1 -5.86811e-5 0 -1 2.20117e-6 0 -1 4.45005e-7 0 -1 -2.74852e-6 0 -1 -2.0431e-6 0 -1 2.71798e-6 0 -1 -5.92777e-7 0 -1 -3.71931e-6 0 -1 5.46329e-7 0 -1 6.85668e-7 0 -1 1.08548e-6 0 -1 -5.05786e-6 0 -1 2.62229e-6 0 -1 -2.26714e-6 0 -1 -6.54716e-5 0 -1 -6.55658e-5 0 -1 -6.55383e-5 0 -1 -2.94877e-6 0 -1 3.78566e-6 0 -1 -1.06646e-5 0 -1 -2.5422e-5 0 -1 0 1.24052e-6 -1 -1.39192e-6 5.90691e-7 -1 6.87432e-6 0 -1 1.92312e-6 0 -1 1.72063e-6 0 -1 -1.99417e-6 0 -1 2.65856e-6 0 -1 6.06008e-7 0 -1 -3.86745e-6 0 -1 2.42408e-6 0 -1 -3.57773e-6 0 -1 2.71721e-6 0 -1 -4.53576e-6 0 -1 2.34144e-6 0 -1 2.26731e-6 0 -1 -2.36994e-6 0 -1 4.41397e-7 0 -1 5.93768e-7 0 -1 -1.66009e-6 0 -1 -1.38698e-6 0 -1 -9.87628e-7 0 -1 -2.38523e-5 0 -1 5.5252e-6 0 -1 2.43113e-6 0 -1 4.90172e-5 0 -1 1.29224e-6 0 -1 1.55804e-6 0 -1 -5.95862e-6 0 -1 -1.39679e-6 0 -1 1.71286e-6 0 -1 1.47883e-6 0 -1 -4.16567e-7 0 -1 -3.43739e-7 0 -1 1.01727e-6 0 -1 -1.2492e-6 0 -1 1.60888e-6 0 -1 -1.58372e-6 0 -1 1.54446e-7 0 -1 -2.2044e-7 0 -1 6.85833e-7 0 -1 -3.46287e-7 0 -1 -2.94095e-7 0 -1 -4.71458e-6 0 -1 4.21088e-6 0 -1 -3.31143e-6 0 -1 4.21255e-6 0 -1 3.31547e-6 0 -1 -2.35157e-6 0 -1 -2.14482e-6 0 -1 -1.95692e-6 0 -1 8.30498e-7 0 -1 -4.6321e-7 0 -1 6.09168e-7 0 -1 4.20027e-7 0 -1 1.59319e-6 0 -1 2.64344e-6 0 -1 -1.80349e-5 0 -1 3.51281e-6 0 -1 4.95073e-7 0 -1 -3.91315e-7 0 -1 -3.28991e-6 0 -1 1.10902e-6 0 -1 -6.16356e-6 0 -1 2.56506e-6 0 -1 3.42113e-7 0 -1 8.60716e-7 0 -1 -2.61288e-6 0 -1 -2.216e-6 0 -1 -1.10455e-6 0 -1 -3.06628e-6 0 -1 -1.46021e-6 0 -1 3.59118e-6 0 -1 -7.27799e-7 0 -1 -7.76566e-6 0 -1 -5.61205e-6 0 -1 1.99127e-6 0 -1 6.47373e-7 0 -1 2.18263e-7 0 -1 2.87267e-6 0 -1 -1.74518e-6 0 -1 1.27906e-5 0 -1 -5.23013e-6 0 -1 1.15732e-6 0 -1 9.22727e-7 0 -1 1.8478e-6 0 -1 -1.01071e-6 0 -1 -1.07592e-6 0 -1 5.19232e-6 0 -1 -7.26786e-6 0 -1 4.83005e-6 0 -1 -4.46435e-6 0 -1 5.31693e-6 0 -1 -8.85771e-7 0 -1 -5.65304e-6 0 -1 1.63151e-6 0 -1 -1.86916e-6 0 -1 -1.96609e-6 0 -1 -6.85928e-6 0 -1 3.19383e-6 0 -1 -6.67557e-6 0 -1 -1.69303e-6 0 -1 -1.28485e-6 0 -1 6.70889e-6 0 -1 -2.56442e-6 0 -1 3.42879e-6 0 -1 -2.7264e-6 0 -1 -7.24472e-6 0 -1 2.22004e-6 0 -1 1.40193e-6 0 -1 -1.57035e-5 0 -1 4.79175e-7 0 -1 -1.05031e-6 0 -1 -1.20054e-6 0 -1 1.19288e-6 0 -1 -2.38759e-6 0 -1 3.06519e-6 0 -1 2.21584e-6 0 -1 3.80947e-6 0 -1 3.90796e-6 0 -1 -4.77199e-6 0 -1 2.98693e-6 0 -1 -2.67071e-6 0 -1 6.67507e-7 0 -1 2.32954e-6 0 -1 -7.76977e-7 0 -1 8.53266e-7 0 -1 0 0 -1 -1.53806e-6 0 0.0275225 -0.3804768 0.9243808 -9.44048e-5 -0.3780319 0.9257926 -0.1079223 -0.4237367 0.8993331 -1 1.10589e-6 0 -1 -2.34348e-6 0 -1 7.76152e-6 0 -6.5567e-4 -0.6143365 0.789044 6.55666e-4 -0.3779936 0.925808 0 -0.3779922 0.9258088 -1 -8.28631e-6 0 -1 6.94996e-6 0 -1 -1.39003e-5 0 -1 1.39004e-5 0 -1 -5.49571e-6 0 -1 5.49558e-6 0 -1 -2.78001e-5 0 -1 1.39e-5 0 -1 -6.94978e-6 0 -1 7.25035e-6 0 -1 2.47629e-6 0 -1 -8.96763e-6 0 -1 8.96764e-6 0 -1 2.69029e-5 0 -1 -8.96764e-6 0 -1 -2.84461e-5 0 -1 3.79199e-5 0 -1 -3.58628e-5 0 -1 -1.79314e-5 0 -1 8.96568e-6 0 -1 -1.68107e-6 0 -1 -4.50225e-6 0 -1 0 -4.77711e-5 -1 0 4.77711e-5 -1 -6.85879e-7 0 -1 9.05482e-7 0 -1 -6.23325e-7 0 -1 -1.24964e-6 0 -1 -4.01826e-7 0 -1 5.31643e-6 0 -1 4.83447e-7 0 -1 -7.60415e-7 0 -1 1.30165e-6 0 -1 -1.01752e-6 0 -1 7.71264e-7 0 -1 -8.90707e-7 0 -1 -7.07614e-7 0 -1 2.02985e-6 0 -1 -1.50082e-6 0 -1 2.46987e-6 0 -1 4.98477e-6 0 -1 -8.9463e-6 0 -1 1.49588e-6 0 -1 -2.30691e-6 0 -1 6.46789e-6 0 -1 -3.73101e-6 0 -1 1.86612e-6 0 -1 -2.68725e-6 0 -1 -3.09329e-6 0 -1 -2.88391e-7 0 -1 6.03795e-7 0 -1 -2.04248e-6 0 -1 -4.98501e-7 0 -1 -1.15378e-6 0 -1 -8.23582e-7 0 -1 -1.89944e-4 0 -1 -1.9012e-4 0 -1 -1.90032e-4 0 -1 3.27499e-6 0 -1 4.43947e-6 0 -1 -6.54261e-7 0 -1 1.78611e-6 0 -1 1.02065e-6 0 -1 1.35448e-6 0 -1 5.40496e-7 0 -1 -3.8072e-6 0 -1 -5.23341e-5 0 -1 -3.34733e-6 0 -1 -4.64149e-6 0 -1 2.32256e-6 0 -1 3.47931e-6 0 -1 -1.72461e-7 0 -1 2.75731e-6 0 -1 -5.51219e-6 0 -1 5.51876e-6 0 -1 -1.10456e-5 0 -1 -4.48241e-6 0 -1 -3.449e-6 0 -1 -4.82854e-6 0 -1 8.29325e-6 0 -1 -2.69222e-6 0 -1 -1.04952e-5 0 -1 -4.06668e-6 0 -1 -9.29462e-6 0 -1 9.80229e-6 0 -1 3.0642e-6 0 -1 -4.90076e-6 0 -1 5.2308e-6 0 -1 -3.99456e-7 0 -1 3.99463e-7 0 -1 3.85256e-6 0 -1 3.75284e-6 0 -1 -5.22991e-7 0 -1 7.92922e-7 0 -1 -1.6456e-6 0 -1 -3.70239e-6 0 -1 6.09216e-6 0 -1 2.03043e-6 0 -1 2.0304e-6 0 -1 -1.01537e-6 0 -1 9.89707e-7 0 -1 4.06151e-6 0 -1 2.03094e-6 0 -1 -3.77876e-6 0 -1 -1.43072e-5 0 -1 -5.23644e-7 0 -1 7.18184e-6 0 -1 1.09495e-5 0 -1 -5.86111e-6 0 -1 7.48559e-6 0 -1 3.67096e-6 0 -1 3.67118e-6 0 -1 -3.67129e-6 0 -1 1.83548e-6 0 -1 2.82345e-6 0 -1 6.28419e-7 0 -1 7.01233e-7 0 -1 -6.82047e-6 0 -1 -2.97692e-6 0 -1 1.70987e-5 0 -1 2.1795e-6 0 -1 -3.7654e-6 0 -1 -6.25735e-6 0 -1 2.67511e-6 0 -1 7.34063e-6 0 -1 -7.34214e-6 0 -1 -7.48469e-6 0 -1 -4.89844e-5 0 -1 2.13534e-6 0 -1 7.89846e-6 0 -1 6.16322e-7 0 -1 -4.38855e-7 0 -1 -5.00096e-7 0 -1 1.60224e-6 0 -1 8.15419e-7 0 -1 2.63088e-6 0 -1 -2.55002e-6 0 -1 -1.98627e-6 0 -1 2.14658e-6 0 -1 -2.31416e-6 0 -1 1.07325e-6 0 -1 -3.14944e-6 0 -1 -1.57487e-6 0 -1 -1.40797e-6 0 -1 -2.54995e-6 0 -1 2.05972e-6 0 -1 9.69218e-7 0 -1 2.55007e-6 0 -1 1.27491e-6 0 -1 -3.33108e-6 0 -1 2.98755e-6 0 -1 -3.48159e-6 0 -1 3.44822e-6 0 -1 1.62847e-6 0 -1 1.62844e-6 0 -1 -2.63701e-6 0 -1 1.22705e-6 0 -1 2.51367e-7 0 -1 4.0928e-7 0 -1 -1.95264e-6 0 -1 -3.06093e-7 0 -1 4.62813e-6 0 -1 -4.62809e-6 0 -1 1.89128e-7 0 -1 1.20517e-6 0 -1 -3.60231e-6 0 -1 -2.24218e-6 0 -1 -8.36588e-6 0 -1 -6.89555e-6 0 -1 -4.48398e-6 0 -1 -1.53392e-6 0 -1 5.62468e-6 0 -1 -3.06784e-6 0 -1 -5.62455e-6 0 -1 -4.21699e-6 0 -1 1.93201e-6 0 -1 -7.51501e-6 0 -1 9.66087e-7 0 -1 3.86421e-6 0 -1 -5.79692e-6 0 -1 7.51484e-6 0 -1 -4.21557e-6 0 -1 0 0 -1 1.93235e-6 0 -1 6.27985e-6 0 -1 -3.14002e-6 0 -1 -9.93483e-6 0 -1 3.82169e-6 0 -1 -8.17547e-7 0 -1 8.95806e-7 0 -1 -2.16091e-6 0 -1 2.06593e-6 0 -1 -4.64497e-6 0 -1 4.25815e-6 0 -1 2.1294e-6 0 -1 -2.36099e-6 0 -1 1.76817e-7 0 -1 -2.51889e-6 0 -1 3.72951e-6 0 -1 -4.25655e-6 0 -1 -4.25945e-6 0 -1 7.46157e-6 0 -1 -8.51013e-6 0 -1 8.51535e-6 0 -1 -4.46014e-6 0 -1 2.34267e-6 0 -1 -2.34566e-6 0 -1 -3.81198e-6 0 -1 1.17283e-6 0 -1 6.76231e-7 0 -1 1.35422e-6 0 -1 7.0663e-7 0 -1 -3.25878e-7 0 -1 3.77707e-6 0 -1 8.1366e-6 0 -1 -5.46364e-6 0 -1 5.24384e-6 0 -1 5.46496e-6 0 -1 2.62044e-6 0 -1 -1.31035e-6 0 -1 -1.54424e-6 0 -0.0414077 -0.01067483 0.9990853 -0.01350855 -0.1385267 0.9902666 -2.23429e-6 -0.1405112 0.9900792 -0.019216 0.1307537 0.9912287 -0.02722769 0.003122866 0.9996244 -3.06961e-5 -0.001005887 0.9999996 0 0.2423328 0.9701932 -0.04682499 0.1420411 0.9887527 -7.35836e-6 0.135056 0.9908381 0 0.3071971 0.951646 -0.04602432 0.2492294 0.9673502 -6.98478e-6 0.2423592 0.9701867 0 0.3352819 0.9421179 -0.05100506 0.3150171 0.9477145 -7.33347e-6 0.3072275 0.9516361 0 -0.1357723 -0.9907401 -0.02480816 -0.2147219 -0.9763602 -4.02346e-6 -0.211149 -0.977454 0 0.009357988 -0.9999563 0.03750294 -0.119285 -0.9921516 0 -0.1357622 -0.9907416 0 0.1678995 -0.9858042 0.08864891 0.05969864 -0.9942724 0 0.009351253 -0.9999564 0 0.3514026 -0.9362245 0.1640262 0.2580074 -0.9521175 0 0.1679065 -0.9858029 -0.01582103 0.5403231 -0.8413088 0.2214114 0.4573226 -0.8612973 0 0.3513671 -0.9362378 -0.02268248 0.7095674 -0.7042724 0.2408895 0.6292911 -0.7388944 0 0.5381093 -0.8428751 -0.02002614 0.8448249 -0.5346682 0.2252044 0.7672618 -0.6004936 0 0.7068921 -0.7073214 -0.008820056 0.9381117 -0.3462205 0.1894961 0.8748752 -0.4457408 0 0.8428986 -0.5380725 0 0.9867059 -0.1625159 0.1365967 0.949209 -0.2834497 0 0.9374988 -0.3479886 0 0.9999989 0.001504302 0.08181792 0.9885897 -0.1264764 0 0.9867027 -0.1625355 0 0.9863628 0.1645854 0.0406754 0.9989608 0.02056157 0 0.999999 0.001484215 0 0.9378702 0.3469865 0.01189398 0.985302 0.1704069 0 0.9863634 0.1645829 0 0.846243 0.5327973 -0.007312536 0.938248 0.3458862 -1.10601e-6 0.9378626 0.3470069 0 0.7157127 0.6983948 -0.01792168 0.8476794 0.530206 -2.63225e-6 0.8462252 0.5328254 0 0.5525542 0.8334769 -0.02390348 0.7183871 0.6952329 -3.39788e-6 0.7157158 0.6983916 0 0.3650418 0.9309912 -0.01709264 0.5550202 0.8316614 -2.34867e-6 0.5525503 0.8334795 0 0.1751669 0.9845388 -9.76025e-4 0.3652058 0.9309263 -1.32824e-7 0.3650412 0.9309914 0 -0.008370697 0.999965 0.05426657 0.1435757 0.9881504 0 0.1751402 0.9845436 0 -0.1955376 0.9806962 0.096955 -0.05033338 0.9940153 0 -0.008359789 0.9999651 -0.01585423 -0.3650829 0.9308401 0.1606914 -0.265446 0.9506401 0 -0.195518 0.9807001 -0.03034371 -0.5047286 0.8627447 0.1812358 -0.4375434 0.8807437 0 -0.3616757 0.932304 -0.05728 -0.5731445 0.8174499 0.2107617 -0.5865654 0.7819978 0 -0.499352 0.8663993 -0.05865168 0.3381542 -0.9392613 0.1115247 0.4132215 -0.9037755 0 0.3585714 -0.9335023 -0.06501698 0.2548259 -0.9647988 0.06836026 0.3620685 -0.9296416 0 0.3285549 -0.944485 -0.05638599 0.1376213 -0.9888787 0.01379901 0.2497466 -0.968213 0 0.243058 -0.9700117 -0.04062843 0.004600465 -0.9991638 -0.01073133 0.1242188 -0.9921969 -1.72863e-6 0.1258401 -0.9920506 -0.0229634 -0.1478694 -0.9887403 -0.02813553 -0.008694529 -0.9995663 -4.6643e-6 -0.004574596 -0.9999896 0 -0.3185684 -0.9479 -0.0506069 -0.1604434 -0.9857469 -8.2237e-6 -0.1532394 -0.9881891 0 -0.4943459 -0.8692653 -0.06903868 -0.3274099 -0.942357 -1.11185e-5 -0.3185294 -0.9479131 0 -0.6678831 -0.7442662 -0.08077293 -0.5029354 -0.8605416 -1.3015e-5 -0.4943402 -0.8692686 0 -0.8152304 -0.5791369 -0.07859325 -0.6739241 -0.7346084 -9.29018e-5 -0.6678849 -0.7442647 0 -0.9217805 -0.3877122 -0.06615376 -0.818574 -0.5705791 -8.15482e-5 -0.815237 -0.5791276 -0.009065985 -0.9817371 -0.1900265 -0.04903411 -0.9230991 -0.3814234 -9.08402e-6 -0.9217785 -0.3877171 -0.03161334 -0.9994341 -0.01149278 -0.03056824 -0.9824658 -0.1839204 -6.03194e-6 -0.9822323 -0.1876692 -0.06608462 -0.9849033 0.1599947 -0.01427823 -0.9998978 -7.78049e-4 -2.91345e-6 -0.999997 -0.002470076 -0.09616619 -0.9309664 0.3522125 -0.004496276 -0.9836393 0.1800932 -8.49571e-7 -0.9837532 0.1795268 -0.1184279 -0.8280152 0.5480562 0.0167945 -0.9283814 0.3712494 0 -0.9257758 0.3780729 -0.1282473 -0.6777043 0.7240646 0.04063218 -0.8272009 0.5604353 0 -0.8172065 0.576345 -0.1184511 -0.4983515 0.8588452 0.04341953 -0.676342 0.7353069 0 -0.6613631 0.7500659 -0.09599989 -0.318531 0.9430388 0.02649831 -0.4904775 0.871051 0 -0.4792543 0.8776762 -0.06878787 -0.1553608 0.9854599 -9.1087e-4 -0.2999687 0.9539486 -1.46564e-7 -0.3001008 0.9539076 -1.25729e-7 -0.9280454 -0.3724673 -0.003483951 -0.9280611 -0.372412 -5.03793e-6 -0.9280454 -0.3724673 0 0.9328042 0.3603838 -0.01167708 0.93298 0.3597388 -4.88533e-6 0.932804 0.3603842 0 0.9321826 0.3619884 -0.007138013 0.9322482 0.3617492 -4.91039e-6 0.9321826 0.3619886 -0.08130264 -0.942173 0.3251155 0.02135425 -0.9322349 0.3612232 0 -0.9316417 0.3633782 -0.08764719 0.9408025 -0.3274275 0.01045203 0.9281872 -0.371967 0 0.9280457 -0.3724666 -1 -3.27718e-6 0 -1 2.39659e-5 0 -1 1.30572e-5 0 -1 -2.09048e-5 0 -0.0746513 -0.941321 0.3291535 0.03443711 -0.9343761 0.3546203 0 -0.9328047 0.3603825 1 -2.78738e-5 0 -1 1.41219e-5 0 -0.004049956 0.02706807 -0.9996255 -1.30747e-6 0.02736937 -0.9996255 1 0 4.79658e-5 1 0 -4.76718e-5 1 0 -4.79658e-5 0 -0.03465247 0.9993994 1 -2.5423e-6 0 -0.02680039 0.03528684 -0.9990178 -0.01494401 0.138468 -0.9902542 -3.06201e-6 0.1402292 -0.9901191 0 0 0 1 0 4.76718e-5 1 0 -4.79658e-5 1 1.18143e-6 0 0 -0.0410391 -0.9991576 0.05619949 -0.1618407 -0.9852154 0 -0.1878654 -0.9821949 0.02976715 -0.02822875 -0.9991583 0 -0.04102373 -0.9991583 -1 0 -4.76718e-5 -1 0 4.79658e-5 -0.1323573 -0.7611079 0.6349774 0.03558319 -0.7274031 0.6852872 0 -0.7252852 0.6884486 1 -3.32038e-5 0 1 6.11456e-6 0 0 -0.1878685 -0.9821943 0.01369327 -0.4019814 -0.9155454 0 -0.4106962 -0.9117723 -1 2.44577e-5 0 -0.1344076 0.7540923 -0.6428682 0.0325492 0.7182535 -0.6950197 0 0.7164634 -0.6976248 0 0.5213003 0.8533734 -0.04146265 0.4089729 0.9116041 -6.83522e-6 0.4037688 0.9148611 0 -0.4106773 -0.9117809 -0.01866596 -0.6278278 -0.7781285 -2.28463e-6 -0.6249834 -0.7806382 -1 -6.71357e-6 0 -1 -5.43762e-6 0 -1 -2.20383e-5 0 -1 2.8643e-5 0 -1 -3.43053e-5 0 -1 6.42673e-6 0 -1 -3.23717e-6 0 -1 1.27801e-6 0 0 -0.1953667 0.9807303 0.05141699 -0.06003922 0.9968709 0 -0.03468859 0.9993982 1 1.02241e-5 0 1 -1.84181e-5 0 -0.05205094 0.1477227 -0.9876583 -5.76925e-4 0.3135421 -0.9495741 0 0.3136457 -0.9495402 -0.07310295 0.3235526 -0.9433822 0.04418963 0.5077767 -0.8603548 0 0.4848729 -0.8745846 1 8.98591e-6 0 1 -7.1163e-5 0 1 5.14135e-5 0 -0.007138848 -0.7000801 0.7140288 0.309192 -0.6136141 0.7265522 0 -0.4591851 0.8883407 -0.00350964 -0.8735657 0.4866936 0.283299 -0.7956968 0.5353582 0 -0.6995484 0.7145853 0 -0.9718315 0.235677 0.2303425 -0.9150152 0.3311945 0 -0.8733924 0.4870175 1 3.33187e-6 0 -0.08399033 0.4947618 -0.8649603 0.04519397 0.679376 -0.7323974 0 0.659909 -0.7513456 -1 7.35381e-6 0 0 0.7227213 0.6911396 -0.08916395 0.5299462 0.8433308 -1.02963e-4 0.5213111 0.8533669 0 0.8569837 0.5153436 -0.1058704 0.7323331 0.6726661 -1.33474e-5 0.7227137 0.6911476 1 -2.64499e-5 0 -0.09455913 0.6684184 -0.7377504 0.01998162 0.8416404 -0.5396688 0 0.83538 -0.549673 -1 -3.52662e-5 0 -1 -8.28226e-6 0 -1 2.32358e-5 0 -0.00511682 0.9538088 0.3003708 -0.08117651 0.8619828 0.5003959 -1.03552e-5 0.8569776 0.5153537 1 2.55545e-5 0 -0.09385865 0.840664 -0.5333617 -0.01138627 0.9605324 -0.2779352 -1.61877e-6 0.9611402 -0.2760609 -0.04767274 0.9983715 0.03133463 -0.04916942 0.9547784 0.2932247 -8.98509e-6 0.9540265 0.2997221 1 -6.25596e-5 0 -0.07513791 0.9625247 -0.2605776 -0.03373348 0.9993412 0.01339334 -5.11993e-6 0.9998229 0.01881939 1 -2.27785e-5 0 1 1.29708e-5 0 0 -0.6249883 -0.7806342 -0.01885217 -0.7994492 -0.6004379 -2.26862e-6 -0.7972438 -0.6036575 0 -0.7972543 -0.6036438 0.03228718 -0.9299187 -0.3663453 0 -0.938355 -0.3456733 0 -0.9383458 -0.3456981 0.06891697 -0.9955608 -0.06410372 0 -0.9994415 -0.03341913 0 -0.999441 -0.03343266 0.147363 -0.9796531 0.1362497 0 -0.9718255 0.2357013 0 -0.4591633 0.8883519 0.2117921 -0.304336 0.9287216 0 -0.1953495 0.9807337 -1.3411e-7 0.8109822 0.5850709 -0.00837922 0.8110859 0.5848672 -7.33347e-6 0.8109821 0.5850712 0 -0.8166728 -0.577101 -0.01046901 -0.8168337 -0.5767782 -7.26104e-6 -0.8166726 -0.5771012 -0.119001 0.846482 -0.518948 0.03108733 0.8222844 -0.5682272 0 0.8208572 -0.5711335 -0.1224814 -0.8454869 0.5197598 0.02428841 -0.8186833 0.5737317 0 -0.8178125 0.5754848 -1.25729e-7 -0.9280459 -0.3724659 -0.003483891 -0.9280617 -0.3724103 -5.03793e-6 -0.928046 -0.3724657 0 0.9328081 0.3603739 -0.01166599 0.9329836 0.3597301 -4.88078e-6 0.9328076 0.3603747 0 0.9321833 0.3619868 -0.007138013 0.9322488 0.3617476 -3.44903e-5 0.9321833 0.3619869 -0.08130264 -0.9421727 0.3251163 0.02135419 -0.9322346 0.361224 0 -0.9316415 0.3633791 -0.08764725 0.9408022 -0.3274284 0.01045203 0.9281869 -0.3719678 0 0.9280454 -0.3724673 -1 -3.27723e-6 0 -1 2.3995e-5 0 -1 1.30463e-5 0 -1 -2.09033e-5 0 -0.07458198 -0.941321 0.3291692 0.03440433 -0.9343802 0.3546122 0 -0.93281 0.3603687 1 -2.78707e-5 0 -0.004049956 0.02706807 -0.9996254 -1.30747e-6 0.02736937 -0.9996254 -0.02680045 0.03528684 -0.9990178 -0.01494395 0.138468 -0.9902542 -3.06201e-6 0.1402292 -0.9901191 1 1.18139e-6 0 0 -0.04103904 -0.9991576 0.05619937 -0.1618409 -0.9852153 0.02976721 -0.02822864 -0.9991582 0 -0.04102373 -0.9991582 1 -3.32049e-5 0 -1 2.44582e-5 0 -0.1344074 0.7540944 -0.6428659 0.03254926 0.7182554 -0.6950179 0 0.7164652 -0.6976229 0 0.521305 0.8533704 -0.0414626 0.4089782 0.9116018 -6.85806e-5 0.4037743 0.9148587 0 -0.4107009 -0.9117701 -0.01866585 -0.6278512 -0.7781097 -2.28461e-6 -0.625007 -0.7806191 -1 -5.43786e-6 0 -1 6.42145e-6 0 0 -0.19537 0.9807297 0.05141717 -0.06004279 0.9968707 0 -0.03469192 0.9993981 1 1.02243e-5 0 1 -1.84186e-5 0 -0.05205065 0.1477164 -0.9876592 -5.76927e-4 0.3135368 -0.949576 0 0.3136403 -0.9495419 -0.07310354 0.323534 -0.9433884 0.04418951 0.5077614 -0.8603637 0 0.4848576 -0.8745931 1 -7.12822e-5 0 1 5.13713e-5 0 -0.007030963 -0.7000809 0.714029 0.3087465 -0.6134197 0.7269057 0 -0.4591538 0.8883568 -0.003642797 -0.8735566 0.4867091 0.2838712 -0.7957726 0.5349421 0 -0.6995272 0.7146061 0 -0.9718207 0.2357215 0.2303413 -0.9150003 0.3312364 0 -0.8733716 0.4870546 -0.08398985 0.494773 -0.8649541 0.04519402 0.6793843 -0.7323896 0 0.6599174 -0.7513381 -1.46588e-5 0.521311 0.8533669 1 -2.64494e-5 0 -0.09455913 0.6684193 -0.7377495 0.01998162 0.8416403 -0.5396689 0 0.83538 -0.549673 -1 -3.52656e-5 0 -1 2.32364e-5 0 -0.08115899 0.8620064 0.5003581 -1.0353e-5 0.8570023 0.5153127 -0.09385889 0.8406634 -0.5333626 -0.01138627 0.9605324 -0.2779352 -1.61877e-6 0.9611402 -0.276061 -0.04779189 0.9983648 0.03136312 -0.04910695 0.9547797 0.2932307 -8.97382e-6 0.9540275 0.2997195 1 -6.23782e-5 0 -0.07500976 0.9625208 -0.2606285 -0.03383791 0.9993382 0.01335239 -5.13584e-6 0.9998235 0.01879483 1 1.29702e-5 0 0 -0.6250032 -0.7806224 -0.01885217 -0.7994612 -0.600422 -2.26862e-6 -0.7972559 -0.6036415 0 -0.7972657 -0.6036286 0.03224229 -0.9299216 -0.3663418 0 -0.9383457 -0.3456984 0 -0.9383565 -0.3456691 0.06891721 -0.9955595 -0.06412279 0 -0.9994408 -0.03343796 0 -0.9994404 -0.03345328 0.1473633 -0.9796561 0.1362287 0 -0.9718304 0.2356813 0 -0.4591577 0.8883548 0.2117915 -0.3043295 0.9287238 0 -0.1953434 0.980735 -0.04178965 -0.01392853 0.9990294 -0.01517999 -0.1512948 0.9883722 -2.41271e-6 -0.1536175 0.9881304 -0.02199858 0.1359007 0.9904782 -0.02809602 -4.91284e-4 0.9996052 -4.53437e-6 -0.004727423 0.9999889 0 0.2641167 0.9644908 -0.05198311 0.1488987 0.9874852 -7.83541e-6 0.1408361 0.9900329 0 0.3407229 0.9401639 -0.05443829 0.2724364 0.9606326 -7.90317e-6 0.2640752 0.9645021 0 0.3710328 0.9286198 -0.05692017 0.3494695 0.9352173 -5.59241e-5 0.3407489 0.9401544 0 -0.542707 -0.8399221 -0.06187659 -0.6028342 -0.7954637 -8.18083e-6 -0.59485 -0.8038367 0 -0.407368 -0.9132642 -0.03173315 -0.546854 -0.8366265 -4.69622e-6 -0.5427361 -0.8399034 0 -0.2174175 -0.9760787 -0.00958234 -0.4087013 -0.912618 -1.54324e-6 -0.4073933 -0.9132529 0 -0.01228445 -0.9999246 0.04754287 -0.1961562 -0.9794195 0 -0.2174358 -0.9760746 0 0.1747599 -0.9846112 0.1191558 0.06068503 -0.9910193 0 -0.0122562 -0.9999249 -0.001766502 0.3557153 -0.9345927 0.1715897 0.2731844 -0.9465344 0 0.1747733 -0.9846088 -0.01459407 0.5407463 -0.8410593 0.2206721 0.4645075 -0.8576344 0 0.3554715 -0.9346872 -0.02299481 0.7087337 -0.7051013 0.244606 0.6331847 -0.7343332 0 0.5388123 -0.842426 -0.0219472 0.8402343 -0.5417791 0.2253276 0.7675457 -0.6000844 0 0.7061535 -0.7080588 -0.009650945 0.932813 -0.3602315 0.187039 0.871156 -0.4539864 0 0.83818 -0.5453939 0 0.9852123 -0.1713382 0.1400365 0.9448614 -0.296018 0 0.9321433 -0.3620898 0 0.9999999 -5.72013e-4 0.08616429 0.9872659 -0.1337234 0 0.9852117 -0.1713417 0 0.9866646 0.1627671 0.04072451 0.9990142 0.01766735 0 0.9999998 -5.98408e-4 0 0.9401291 0.3408188 0.01149564 0.9856864 0.1681975 0 0.9866616 0.1627851 0 0.8505151 0.5259507 -0.007540941 0.9405084 0.3396867 -1.16095e-6 0.9401271 0.340824 0 0.7124692 0.7017034 -0.01715874 0.851893 0.5234348 -1.7509e-5 0.8504975 0.5259792 0 0.5425844 0.8400014 -0.0209124 0.714902 0.6989119 -2.91574e-6 0.7124751 0.7016975 0 0.36225 0.9320809 -0.01782518 0.5452517 0.8380828 -2.41957e-6 0.5426225 0.8399767 0 0.1794371 0.9837695 -0.002792716 0.3627306 0.9318899 -3.73278e-7 0.3622509 0.9320806 0 -0.009800374 0.999952 0.04924839 0.1494646 0.9875399 0 0.1794415 0.9837687 0 -0.2174594 0.9760693 0.1082394 -0.05907273 0.9923682 0 -0.009768009 0.9999523 -0.01412957 -0.4118739 0.9111313 0.1869412 -0.3012461 0.9350422 0 -0.2174667 0.9760678 -0.04062134 -0.5462652 0.8366268 0.2043341 -0.4924737 0.8460007 0 -0.4090929 0.9124929 -0.05397897 -0.5942363 0.8024772 0.2019053 -0.6247854 0.7542396 0 -0.5397279 0.8418395 -0.06635719 0.3560124 -0.9321222 0.117026 0.4411174 -0.8897868 0 0.3855588 -0.9226833 -0.06075745 0.2573581 -0.9644042 0.06309491 0.3780133 -0.9236478 0 0.3451745 -0.9385386 -0.05432856 0.1385464 -0.9888647 0.01462012 0.254877 -0.966863 0 0.2474562 -0.9688991 -0.04155504 0.003780782 -0.9991291 -0.01060771 0.1262686 -0.9919394 -1.68743e-6 0.1278919 -0.9917882 -0.02349162 -0.1570501 -0.9873112 -0.03049594 -0.01003247 -0.9994845 -4.91266e-6 -0.005433917 -0.9999853 0 -0.3391066 -0.940748 -0.05591493 -0.1705051 -0.9837691 -8.77806e-6 -0.1623129 -0.9867394 0 -0.5187681 -0.854915 -0.07448697 -0.3487184 -0.934263 -1.16789e-5 -0.3390784 -0.9407581 0 -0.6859925 -0.7276086 -0.08175241 -0.5272586 -0.845763 -1.30966e-5 -0.5187774 -0.8549094 0 -0.8253881 -0.564566 -0.07707583 -0.6917825 -0.7179808 -9.07047e-5 -0.6860029 -0.7275989 0 -0.9273218 -0.374265 -0.06525516 -0.828598 -0.556028 -1.13188e-5 -0.8253638 -0.5646015 -0.008910775 -0.9837907 -0.1790996 -0.04842543 -0.9285492 -0.3680374 -8.93334e-6 -0.9273099 -0.3742946 -0.0308783 -0.9994893 -0.008235275 -0.02869898 -0.9844516 -0.1732959 -5.75923e-6 -0.9842547 -0.1767561 -0.06494003 -0.985221 0.1585007 -0.01349043 -0.9999063 0.002366304 -2.73056e-6 -0.9999997 7.54282e-4 -0.09371805 -0.9332583 0.3467652 -0.004382967 -0.9840092 0.1780642 -8.24385e-7 -0.9841192 0.1775091 -0.1151264 -0.8350629 0.5379739 0.01801866 -0.931033 0.3644901 0 -0.9282747 0.3718954 -0.1230655 -0.6919476 0.7113814 0.04144608 -0.8350173 0.5486606 0 -0.8248791 0.5653093 -0.1162615 -0.5195091 0.8465185 0.04854714 -0.6935355 0.7187848 0 -0.6769099 0.736066 -0.09716713 -0.339736 0.9354881 0.03301841 -0.5157655 0.8560934 0 -0.5016939 0.8650454 -0.07138365 -0.1681928 0.9831662 2.69869e-4 -0.3224393 0.9465902 0 -0.3223105 0.9466341 1 -2.53221e-5 0 1 -3.71753e-6 0 -0.1049838 -0.9540666 -0.2805979 0 -0.9282224 -0.3720257 0.1049861 -0.9597766 -0.2603975 -1 1.2661e-5 0 0 0.9328148 0.3603562 -0.01167815 0.9329906 0.3597112 -4.8876e-6 0.9328148 0.3603563 0 0.932181 0.3619928 -0.007138609 0.9322463 0.3617538 -4.91039e-6 0.9321808 0.3619931 -0.08133941 -0.9421796 0.3250867 0.02136617 -0.9322397 0.3612102 0 -0.9316463 0.3633667 -0.08768719 0.9408034 -0.3274141 0.01045656 0.9281842 -0.3719741 0 0.9280427 -0.3724738 -1 -1.54952e-5 0 -1 -1.35408e-5 0 -0.07469195 -0.9413345 0.3291056 0.03444075 -0.9343853 0.3545955 0 -0.9328148 0.3603563 1 1.44242e-5 0 -0.03198194 -0.001414299 0.9994875 -0.01162964 -0.104573 0.9944493 -1.9117e-6 -0.1062963 0.9943346 -0.02033793 0.1311939 0.9911482 -0.02460414 0.00999391 0.9996473 -3.6902e-6 0.005984723 0.9999821 -0.001696825 0.29776 0.9546393 -0.05502241 0.1445595 0.9879651 -7.70434e-6 0.135309 0.9908035 0 0.4591971 0.8883345 -0.07977908 0.3104678 0.9472303 -1.08867e-5 0.2980442 0.9545521 0 0.6161007 0.7876675 -0.08626461 0.4707022 0.8780648 -1.19074e-5 0.459214 0.8883257 0 0.7712007 0.6365922 -0.09675318 0.6265216 0.7733754 -1.30459e-5 0.6160792 0.7876843 0 0.8933951 0.449272 -0.08978617 0.7778552 0.6219965 -1.23926e-5 0.771205 0.636587 -0.005740761 0.97127 0.2379109 -0.07141989 0.8966104 0.4370229 -9.95025e-6 0.893412 0.4492384 -0.03585362 0.9992443 -0.0150091 -0.0527268 0.9723287 0.227589 -7.29498e-6 0.971523 0.2369458 -0.1059212 0.940635 -0.3224695 -0.02719151 0.9993153 -0.0250926 -4.5207e-6 0.9997768 -0.02112853 -0.1369678 0.7526704 -0.6439933 -0.01360219 0.9368984 -0.349337 -2.13135e-6 0.9377244 -0.3473801 -0.1301935 0.497994 -0.8573516 -0.003755211 0.7407186 -0.671805 -5.83954e-7 0.7411208 -0.6713718 -0.08767408 0.2998757 -0.949941 -0.004159748 0.4784514 -0.8781042 -6.84707e-7 0.4789971 -0.8778165 -0.04108154 0.2195404 -0.9747382 0.01216435 0.2871074 -0.9578213 0 0.2817842 -0.9594778 -0.01110267 0.2647074 -0.9642649 0.05832719 0.2354317 -0.9701391 0 0.2100796 -0.9776843 0 0.4376447 -0.8991481 0.1593557 0.3505679 -0.9228802 0 0.2621051 -0.9650394 0 0.6991694 -0.7149561 0.2712736 0.5642351 -0.7797753 0 0.4376216 -0.8991594 0 0.9251221 -0.3796699 0.3094877 0.7839002 -0.5382547 0 0.6991559 -0.7149693 0 0.9990112 0.04445946 0.2304016 0.9416712 -0.2452968 0 0.925131 -0.3796482 0 0.8592948 0.5114809 0.1196866 0.9867458 0.10958 0 0.9990108 0.04447036 0 0.5466657 0.8373509 0.07346105 0.8349546 0.545394 0 0.8592934 0.5114831 0 0.2456824 0.9693505 0.04079598 0.5270884 0.8488306 0 0.5466649 0.8373516 0 0.01142096 0.9999348 0.07864016 0.2048176 0.975636 0 0.2456951 0.9693472 0 -0.1723868 0.9850294 0.1101708 -0.04766303 0.9927692 0 0.01145392 0.9999345 -0.01021593 -0.3323591 0.9430975 0.1576912 -0.2515243 0.9549184 0 -0.1724192 0.9850237 -0.02545446 -0.4721193 0.8811671 0.1817343 -0.4144373 0.8917479 0 -0.3304645 0.9438185 -0.0580433 -0.5415928 0.8386349 0.2072236 -0.5558979 0.8050068 0 -0.4679019 0.8837805 -0.06069618 0.2883864 -0.9555885 0.1045751 0.3795292 -0.9192507 0 0.3264065 -0.9452296 -0.05016756 0.1919479 -0.9801221 0.0353983 0.2971459 -0.9541758 0 0.2784227 -0.9604587 -0.03768759 0.096574 -0.994612 0.006426393 0.1865615 -0.9824224 0 0.1831024 -0.9830939 -0.02680605 -0.003842234 -0.9996334 -0.009129703 0.08798581 -0.99608 -1.35325e-6 0.08949452 -0.9959874 -0.01484507 -0.1277824 -0.9916912 -0.0267058 -0.01383131 -0.9995477 -3.7176e-6 -0.009123325 -0.9999585 0 -0.2765169 -0.9610092 -0.05241739 -0.1395108 -0.9888323 -7.12746e-6 -0.1303718 -0.9914652 0 -0.4337053 -0.9010548 -0.07436108 -0.2885405 -0.9545758 -1.00286e-5 -0.2765418 -0.9610019 0 -0.5888471 -0.8082445 -0.08815073 -0.4459282 -0.8907175 -1.19873e-5 -0.4337193 -0.9010481 0 -0.7387473 -0.6739826 -0.0927453 -0.5993399 -0.7951038 -1.26179e-5 -0.5888451 -0.8082459 0 -0.8753547 -0.4834815 -0.09313571 -0.7464965 -0.6588389 -1.25627e-5 -0.7387237 -0.6740084 -0.007257997 -0.9686661 -0.2482608 -0.08102399 -0.8793376 -0.4692554 -1.10004e-5 -0.8753783 -0.4834386 -0.02394425 -0.9995499 -0.01807761 -0.05647104 -0.9698398 -0.2371119 -7.82408e-6 -0.9689854 -0.2471185 -0.04320383 -0.980381 0.1923192 -0.02800434 -0.9995686 -0.008864164 -3.79294e-6 -0.9999026 -0.01395589 -0.05810874 -0.9147173 0.3998948 -0.007187604 -0.9796164 0.2007489 -9.36576e-7 -0.9799148 0.1994169 -0.06533861 -0.807519 0.5862115 0.02530574 -0.9191562 0.3930794 0 -0.9128098 0.4083851 -0.0668143 -0.6767026 0.7332187 0.06028902 -0.825923 0.5605503 0 -0.8040851 0.5945143 -0.06376641 -0.5385925 0.84015 0.07485711 -0.7065676 0.7036752 0 -0.67198 0.7405693 -0.0599839 -0.3862144 0.9204567 0.06965309 -0.5712444 0.8178194 0 -0.5329784 0.846129 -0.07179135 -0.2643431 0.961753 0.01896232 -0.3883959 0.9212975 0 -0.380193 0.9249072 -0.03240716 -0.2153234 0.9760049 0.02474808 -0.2603228 0.9652044 0 -0.249006 0.9685019 -0.01119047 -0.2735352 0.9617969 0.07519268 -0.2449258 0.9666217 0 -0.2081391 0.9780992 0 -0.4574017 0.8892603 0.1613485 -0.3604792 0.9187064 0 -0.271294 0.9624966 0 -0.7282755 0.6852845 0.2872433 -0.5883048 0.7559027 0 -0.4573889 0.8892669 0 -0.9364135 0.3508984 0.3101082 -0.8074436 0.5018643 0 -0.7282529 0.6853086 0 -0.9991476 -0.04128068 0.2141812 -0.951105 0.2225441 0 -0.9364196 0.3508826 0 -0.8735232 -0.4867826 0.1089341 -0.9891321 -0.09874808 0 -0.9991477 -0.04127937 0 -0.603811 -0.7971275 0.06775373 -0.8525677 -0.5182065 0 -0.8735099 -0.4868065 0 -0.3870731 -0.9220491 -3.51746e-4 -0.6037523 -0.7971719 0 -0.6036926 -0.7972172 0 -0.2003769 -0.9797189 -0.009317278 -0.3888347 -0.9212605 -1.106e-6 -0.3870477 -0.9220597 0 -0.004660069 -0.9999892 0.04783767 -0.1774684 -0.9829632 0 -0.2003692 -0.9797205 0 0.1715654 -0.9851728 0.1106191 0.05516523 -0.9923307 0 -0.004665911 -0.9999892 -0.009011507 0.3279882 -0.9446389 0.1481143 0.2434478 -0.9585381 0 0.1715836 -0.9851697 -0.02417147 0.4790227 -0.8774697 0.1744857 0.4003417 -0.8996006 0 0.326219 -0.9452943 -0.07157742 0.5603042 -0.8251885 0.1990036 0.5457841 -0.8139517 0 0.4745106 -0.8802499 -0.1082844 -0.2680714 0.9572942 0.07199567 -0.3312318 0.9407987 0 -0.3087217 0.9511525 -0.05039083 -0.1164737 0.9919147 -0.00189501 -0.2370522 0.9714951 -2.88547e-7 -0.2373488 0.9714245 1 1.44259e-5 0 -0.0203616 0.1312069 0.991146 -0.02458506 0.01000922 0.9996477 -3.68792e-6 0.006003797 0.9999821 -0.001696825 0.297756 0.9546406 -0.05502271 0.1445552 0.9879658 -7.70436e-6 0.1353044 0.9908041 0 0.4592227 0.8883212 -0.07987141 0.3104647 0.9472234 -1.08978e-5 0.2980269 0.9545575 0 0.7712087 0.6365824 -0.09675294 0.6265321 0.7733671 -1.30458e-5 0.6160902 0.7876756 0 0.8934009 0.4492604 -0.08965188 0.7778589 0.6220116 -1.23748e-5 0.7712138 0.6365762 -0.005609869 0.9712798 0.2378739 -0.07156747 0.8965977 0.4370249 -9.97039e-6 0.8933975 0.4492673 -0.03583747 0.9992457 -0.01496344 -0.05272686 0.9723287 0.2275891 -5.12398e-5 0.9715228 0.2369462 -0.105921 0.9406384 -0.3224598 -0.02717781 0.9993147 -0.02512842 -4.51843e-6 0.999776 -0.02116632 -0.1369685 0.7526624 -0.6440023 -0.01360219 0.9368947 -0.3493469 -2.13134e-6 0.9377207 -0.3473901 -0.1302672 0.4979853 -0.8573455 -0.003681957 0.7407181 -0.6718059 -5.74418e-6 0.7411124 -0.6713811 -0.08762615 0.2998844 -0.9499427 -0.004200875 0.4784587 -0.8781 -6.91577e-7 0.4790097 -0.8778096 -0.0410816 0.2195344 -0.9747394 0.01216429 0.2871018 -0.9578229 0 0.2817787 -0.9594794 0 0.4375951 -0.8991721 0.1593555 0.3505614 -0.9228828 0 0.2620985 -0.9650411 0 0.6991516 -0.7149735 0.2712727 0.5642159 -0.7797895 0 0.437601 -0.8991692 0 0.9251233 -0.3796669 0.3098658 0.7839366 -0.5379838 0 0.6991583 -0.7149669 0 0.9990102 0.04448443 0.2300356 0.9417086 -0.2454969 0 0.9251405 -0.3796252 0 0.8592944 0.5114815 0.1196866 0.986746 0.10958 0 0.9990108 0.0444706 0 0.5466749 0.837345 0.07346111 0.8349606 0.5453845 0 0.8592991 0.5114734 0 0.2456761 0.9693521 0.04079586 0.5270828 0.8488343 0 0.5466592 0.8373552 0 -0.1723869 0.9850293 0.1101711 -0.04766345 0.9927691 0 0.01145386 0.9999345 -0.01021599 -0.3323593 0.9430976 0.1576909 -0.2515237 0.9549185 0 -0.172419 0.9850237 -0.05804306 -0.5416013 0.8386293 0.207224 -0.5559053 0.8050016 0 -0.4679096 0.8837764 -0.06072986 0.2884097 -0.9555793 0.1047071 0.3796229 -0.9191969 0 0.3264281 -0.9452221 -0.05012995 0.1919704 -0.9801196 0.03527259 0.297102 -0.9541941 0 0.2784481 -0.9604514 -0.03769522 0.09659337 -0.99461 0.006467461 0.186604 -0.982414 0 0.1831223 -0.9830902 -0.02679479 -0.003816008 -0.9996337 -0.009128272 0.08796536 -0.9960817 -9.50517e-6 0.0894736 -0.9959892 -0.01484495 -0.127785 -0.9916909 -0.02670592 -0.01383388 -0.9995477 -2.61123e-5 -0.009125947 -0.9999584 0 -0.4337053 -0.9010548 -0.07434433 -0.2885839 -0.954564 -1.00264e-5 -0.2765881 -0.9609887 0 -0.5888392 -0.8082503 -0.08815085 -0.4459188 -0.890722 -1.19873e-5 -0.4337095 -0.9010528 0 -0.7387441 -0.6739861 -0.0928685 -0.5993461 -0.7950847 -1.26334e-5 -0.5888403 -0.8082495 0 -0.8753769 -0.4834411 -0.09298115 -0.7465204 -0.6588338 -1.25847e-4 -0.7387557 -0.6739733 -0.007258057 -0.9686699 -0.248246 -0.0810402 -0.8793226 -0.4692807 -1.10025e-5 -0.8753631 -0.4834663 -0.02381479 -0.9995537 -0.01803749 -0.05660229 -0.9698421 -0.2370708 -7.84218e-6 -0.9689896 -0.2471014 -0.04333996 -0.9803783 0.1923016 -0.02785295 -0.9995725 -0.008887052 -3.77238e-6 -0.9999027 -0.01395124 -0.057976 -0.9147302 0.3998846 -0.007345557 -0.9796057 0.2007956 -9.57191e-7 -0.9799113 0.1994344 -0.06545323 -0.8075221 0.5861945 0.02574574 -0.919261 0.392806 0 -0.9128111 0.4083821 -0.06681424 -0.676702 0.7332191 0.06028902 -0.825923 0.5605502 0 -0.8040852 0.5945142 -0.06369483 -0.5385666 0.8401721 0.07445406 -0.7064051 0.703881 0 -0.6719935 0.7405571 -0.06003826 -0.3862259 0.9204483 0.06996923 -0.5714251 0.817666 0 -0.5329888 0.8461224 -0.07179129 -0.2643476 0.9617518 0.01896232 -0.3883996 0.921296 0 -0.3801968 0.9249057 -0.0323711 -0.2153281 0.9760051 0.02467101 -0.2602972 0.9652134 0 -0.2490173 0.9684991 -0.01122671 -0.2735404 0.961795 0.07527804 -0.2449717 0.9666033 0 -0.2081378 0.9780996 0 -0.4574081 0.889257 0.1613487 -0.3604859 0.9187038 0 -0.2713007 0.9624947 0 -0.7282777 0.6852822 0.2868928 -0.5881785 0.756134 0 -0.4573915 0.8892655 0 -0.9364131 0.3508998 0.3104887 -0.8074913 0.5015523 0 -0.7282842 0.6852753 0 -0.999149 -0.04124754 0.2141817 -0.9511084 0.2225292 0 -0.9364246 0.3508689 0 -0.8735225 -0.4867838 0.1089339 -0.9891321 -0.09874808 0 -0.9991477 -0.04127973 0 -0.6038035 -0.7971332 0.06775385 -0.8525618 -0.5182161 0 -0.8735046 -0.4868161 0 -0.3870872 -0.9220432 -3.51747e-4 -0.603765 -0.7971624 0 -0.6037053 -0.7972077 0 -0.2003726 -0.9797198 -0.00941509 -0.388894 -0.9212345 -1.11745e-6 -0.3870882 -0.9220428 0 -0.004666268 -0.9999892 0.0478698 -0.1774631 -0.9829626 0 -0.2003753 -0.9797193 -0.009011507 0.3279882 -0.9446389 0.148114 0.2434473 -0.9585384 0 0.1715835 -0.9851697 -0.02424687 0.4790064 -0.8774765 0.1746517 0.4003859 -0.8995488 0 0.3261882 -0.9453049 -0.07150727 0.5602902 -0.825204 0.198841 0.545723 -0.8140324 0 0.4745038 -0.8802535 -0.1083297 -0.268059 0.9572926 0.07203239 -0.3312706 0.9407823 0 -0.3087469 0.9511443 -0.05039089 -0.1164767 0.9919143 -0.00189501 -0.2370548 0.9714945 -2.88547e-7 -0.2373515 0.9714239 -0.04178953 -0.0139296 0.9990294 -0.01517999 -0.151296 0.988372 -1.69467e-5 -0.1536187 0.9881302 -0.0219736 0.1358857 0.9904808 -0.02810025 -4.63985e-4 0.9996051 -4.53437e-6 -0.004701495 0.999989 0 0.2641202 0.9644898 -0.05198305 0.1489024 0.9874846 -7.8354e-6 0.1408399 0.9900324 0 0.340728 0.940162 -0.05443823 0.272442 0.960631 -7.90316e-6 0.264081 0.9645006 0 0.3710423 0.9286161 -0.05692017 0.3494797 0.9352134 -7.96189e-6 0.3407595 0.9401506 0 -0.5427144 -0.8399173 -0.06175017 -0.6028281 -0.7954781 -8.165e-6 -0.5948588 -0.8038302 0 -0.4073923 -0.9132533 -0.03181409 -0.5468464 -0.8366283 -4.70761e-6 -0.5427181 -0.839915 0 -0.01229131 -0.9999246 0.04757338 -0.1961528 -0.9794187 0 -0.2174425 -0.9760731 0 0.1747707 -0.9846092 0.1192093 0.06074339 -0.9910093 0 -0.01224517 -0.9999251 -0.00175178 0.3557609 -0.9345754 0.1715899 0.2731872 -0.9465336 0 0.1747761 -0.9846083 -0.01459413 0.5407422 -0.8410618 0.220672 0.4645036 -0.8576366 0 0.3554675 -0.9346887 -0.02290421 0.7087032 -0.7051349 0.2443488 0.6330816 -0.7345077 0 0.5387867 -0.8424422 -0.02204954 0.8402567 -0.5417404 0.2256124 0.76758 -0.5999332 0 0.7061385 -0.7080739 -0.009651005 0.9328089 -0.3602421 0.1870387 0.8711511 -0.453996 0 0.8381743 -0.5454026 0 0.9852141 -0.1713281 0.1400368 0.9448645 -0.2960085 0 0.9321469 -0.3620807 0 0.9999999 -5.71925e-4 0.08616423 0.9872658 -0.1337233 0 0.9852117 -0.1713416 0 0.9866603 0.1627935 0.04051005 0.9990242 0.01759845 0 1 -5.71582e-4 0 0.9401305 0.3408148 0.01171934 0.9856666 0.1682981 0 0.9866623 0.1627809 0 0.8504899 0.5259914 0 0.7124731 0.7016994 -0.01715874 0.851896 0.5234299 -2.49276e-6 0.8505005 0.5259742 0 0.5425924 0.8399962 -0.0209124 0.7149098 0.6989039 -2.91573e-6 0.712483 0.7016894 0 0.3622425 0.932084 -0.01782524 0.545244 0.8380879 -2.41957e-6 0.5426146 0.8399818 0 0.1794399 0.983769 -0.002792716 0.3627334 0.9318888 -3.73277e-7 0.3622538 0.9320795 0 -0.009790301 0.9999521 0.04916763 0.1494706 0.987543 0 0.1794043 0.9837755 0 -0.2174645 0.9760682 0.108191 -0.05904763 0.992375 0 -0.009773254 0.9999523 -0.01412963 -0.4118739 0.9111313 0.186941 -0.3012458 0.9350423 0 -0.2174665 0.9760678 -0.04062122 -0.5462718 0.8366225 0.2043344 -0.4924799 0.845997 0 -0.4090992 0.91249 -0.05406981 -0.594228 0.8024772 0.2022081 -0.6248825 0.7540781 0 -0.5397131 0.8418492 -0.06641042 0.3560062 -0.9321209 0.1171971 0.4411921 -0.8897272 0 0.385549 -0.9226874 -0.06072503 0.2573443 -0.96441 0.06292438 0.3779537 -0.9236837 0 0.3452073 -0.9385265 -0.05435258 0.1385417 -0.988864 0.01470071 0.2549129 -0.9668524 0 0.24745 -0.9689007 -0.0415551 0.003780245 -0.9991291 -0.01060771 0.126268 -0.9919394 -1.68743e-6 0.1278914 -0.9917883 -0.02349168 -0.1570495 -0.9873114 -0.03049594 -0.01003187 -0.9994846 -4.91266e-6 -0.00543332 -0.9999853 0 -0.3391571 -0.9407297 -0.05591499 -0.170511 -0.9837681 -8.77804e-6 -0.162319 -0.9867383 0 -0.5187655 -0.8549167 -0.07448685 -0.3487153 -0.9342641 -1.16789e-5 -0.3390754 -0.9407593 0 -0.686001 -0.7276007 -0.08175241 -0.5272691 -0.8457564 -1.30965e-5 -0.5187883 -0.8549029 -1.29136e-5 -0.6860029 -0.7275989 0 -0.9273234 -0.3742611 -0.06525498 -0.8286007 -0.556024 -1.13188e-5 -0.8253665 -0.5645974 -0.008910834 -0.9837929 -0.1790873 -0.04842537 -0.9285539 -0.3680254 -6.27472e-5 -0.9273147 -0.3742825 -0.03098136 -0.9994857 -0.008273243 -0.02865338 -0.9844506 -0.1733095 -5.75012e-6 -0.9842534 -0.176764 -0.06481206 -0.9852283 0.1585078 -0.01353549 -0.9999055 0.002388417 -1.92435e-5 -0.9999998 7.71057e-4 -0.09383529 -0.9332548 0.3467428 -0.00432223 -0.984009 0.1780671 -8.12938e-7 -0.9841173 0.1775196 -0.1150218 -0.835063 0.5379961 0.01784163 -0.9310087 0.3645606 0 -0.928276 0.3718921 -0.1230652 -0.6919511 0.711378 0.04144614 -0.8350197 0.548657 0 -0.8248815 0.5653057 -0.1162617 -0.5195048 0.8465211 0.04854708 -0.6935328 0.7187876 0 -0.676907 0.7360686 -0.09722572 -0.339713 0.9354905 0.0331757 -0.5158083 0.8560615 0 -0.5016689 0.8650598 -0.07136005 -0.1681807 0.9831699 0 -0.3225271 0.9465603 1 -2.53283e-5 0 1 -3.71843e-6 0 0 -0.9280352 -0.3724927 -0.003485381 -0.9280508 -0.3724374 -5.04021e-6 -0.9280351 -0.3724928 0 0.9328159 0.3603537 -0.01167815 0.9329918 0.3597084 -4.8876e-6 0.9328158 0.3603535 0 0.9321821 0.3619898 -0.007138609 0.9322476 0.3617504 -4.91038e-6 0.9321821 0.3619898 -0.08130204 -0.942176 0.3251067 0.02135604 -0.9322388 0.361213 0 -0.9316455 0.3633684 -0.08768713 0.9407968 -0.327433 0.0104565 0.9281767 -0.3719929 0 0.9280351 -0.3724927 -1 -1.54985e-5 0 -1 1.26642e-5 0 -1 -1.35409e-5 0 -0.07469189 -0.9413356 0.3291028 0.03444075 -0.9343863 0.3545929 0 -0.9328159 0.3603537 1 6.88165e-6 0 0 -0.8888368 -0.4582241 -0.007299244 -0.8889089 -0.4580261 -4.25435e-5 -0.888837 -0.4582237 -0.1042655 0.900546 -0.4220733 0.02225077 0.8827193 -0.4693736 0 0.8820419 -0.4711711 -0.1034592 -0.9036005 0.415695 0.0209558 -0.8859895 0.4632316 0 -0.885391 0.4648471 0 0.883908 0.467661 -0.007036685 0.8839752 0.4674808 -4.32774e-5 0.883908 0.4676609 -1 -1.57593e-5 0 1 -7.426e-6 0 -0.002859294 0.01866888 -0.9998217 -6.33725e-6 0.01888656 -0.9998217 0 -0.03503572 0.9993861 1 5.54675e-6 0 -0.01332539 0.02151089 -0.9996799 -0.01032567 0.08402878 -0.9964098 -1.53408e-6 0.08573162 -0.9963183 -1 -2.57331e-6 0 -1 8.38306e-6 0 -1 0 -4.79658e-5 -1 0 4.76718e-5 -1 0 4.79658e-5 1 8.32273e-6 0 0 -0.01883625 -0.9998226 0.03158909 -0.07201945 -0.9969029 0 -0.08999979 -0.9959418 0.01517266 -0.01116621 -0.9998226 0 -0.01883864 -0.9998226 -0.01334846 0.02476805 0.9996042 -0.02208322 0.1253538 0.9918664 -0.01521307 0.03043413 0.999421 -2.46074e-6 0.0281437 0.9996039 1 -1.11612e-5 0 1 2.27318e-5 0 0 -0.0900135 -0.9959406 0.0289154 -0.2128007 -0.9766677 0 -0.2307031 -0.9730242 -1 6.97576e-6 0 -1 3.3231e-6 0 -0.004464209 0.2939913 0.9557977 -0.05017888 0.138305 0.9891178 -5.24316e-5 0.1303691 0.9914656 1 -1.32924e-5 0 1 -5.30397e-6 0 0 -0.2307409 -0.9730153 7.9861e-4 -0.4308955 -0.9024016 0 -0.4313793 -0.9021707 -1 -1.34913e-5 0 0 0.4714376 0.8818995 -0.07730877 0.3062281 0.9488139 -1.10872e-5 0.2948158 0.9555541 1 1.2207e-5 0 0 -0.4314079 -0.9021571 -0.02057123 -0.6365466 -0.770964 -2.55678e-6 -0.6335095 -0.7737351 0 -0.6334989 -0.7737438 -0.02430039 -0.7941241 -0.6072697 -2.94087e-6 -0.7913171 -0.6114061 1 1.35856e-5 0 1 5.39549e-5 0 0 -0.7913272 -0.611393 0.03170448 -0.9232621 -0.3828601 0 -0.9320335 -0.3623719 -1 5.43423e-5 0 -1 -1.58698e-4 0 -1 4.22658e-6 0 0 0.6409018 0.767623 -0.0874626 0.4821738 0.8716989 -1.26599e-5 0.4714013 0.8819189 1 -3.96747e-5 0 0 -0.9320185 -0.3624109 0.07294559 -0.9945144 -0.07496666 0 -0.9991776 -0.04054701 0 -0.9991782 -0.04053604 0.1450125 -0.9789294 0.1437656 0 -0.9718287 0.2356883 1 -6.92731e-5 0 1 2.79535e-5 0 1 -1.5302e-5 0 -0.03481054 0.09172725 -0.9951756 -0.004283368 0.1991999 -0.9799496 -4.18209e-6 0.1999455 -0.9798071 -1 1.5302e-5 0 0 -0.4582896 0.888803 0.2062861 -0.2952706 0.932878 0 -0.195278 0.9807479 -0.008028686 -0.6979234 0.7161275 0.3035722 -0.6045542 0.7364497 0 -0.458298 0.8887986 -0.003832936 -0.871741 0.489952 0.2783841 -0.7886207 0.5482515 0 -0.6972955 0.7167838 0 -0.9718215 0.235718 0.2281075 -0.9110225 0.3435185 0 -0.8715211 0.490358 -1 -5.16173e-5 0 -1 3.46365e-5 0 -1 -1.90743e-5 0 -0.05290579 0.2078064 -0.9767383 0.01928561 0.3548091 -0.93474 0 0.3438261 -0.9390335 -0.06947207 0.3528338 -0.9331034 0.04437381 0.5302107 -0.8467039 0 0.5072798 -0.8617815 -0.09280365 0.5186845 -0.8499142 0.04622137 0.7012111 -0.7114539 0 0.6827863 -0.7306182 1 2.8636e-6 0 1 -3.41765e-5 0 1 4.73328e-6 0 -0.09990233 0.6920191 -0.714933 0.01967579 0.8552837 -0.5177865 0 0.8496345 -0.527372 -1 3.78661e-5 0 -1 -1.70882e-5 0 -1 5.9308e-5 0 -1 -9.16076e-5 0 0 0.7907075 0.6121942 -0.09747308 0.6508973 0.7528824 -1.31626e-5 0.6408957 0.767628 0 0.9038856 0.4277744 -0.08593136 0.7967674 0.5981452 -8.36684e-5 0.7907238 0.6121731 1 4.30256e-5 0 -0.09634363 0.8551564 -0.5093381 -0.009833872 0.964079 -0.2654336 -1.44939e-6 0.964559 -0.2638676 -1 -2.38199e-5 0 -1 4.8055e-5 0 -0.006282985 0.9753302 0.2206616 -0.06800675 0.9066938 0.4162712 -9.61849e-6 0.9038894 0.4277666 -0.0749399 0.965947 -0.2476497 -0.02409136 0.9996582 -0.01015198 -3.77924e-6 0.9999795 -0.006408393 -0.0297982 0.9995556 -9.13769e-4 -0.04808485 0.9762293 0.2113394 -6.8896e-6 0.9755974 0.2195671 0 -0.195281 0.9807474 0.04883569 -0.05747705 0.9971517 0 -0.03503239 0.9993863 -0.004049777 0.02706807 -0.9996255 0 -0.03465247 0.9993994 1 9.41847e-7 0 -0.02734684 0.03544628 -0.9989974 -0.01471096 0.1384946 -0.9902539 -3.01402e-6 0.1402284 -0.9901193 1 -3.94359e-6 0 0 -0.04103165 -0.9991579 0.05571746 -0.1620628 -0.9852062 0 -0.1878582 -0.9821962 0.02976471 -0.02823132 -0.9991582 -0.132509 -0.7611528 0.634892 0.03561484 -0.7274166 0.6852712 0 -0.725298 0.688435 1 9.22594e-6 0 1 -2.03996e-5 0 0 -0.1878947 -0.9821892 0.01198703 -0.4030559 -0.9150969 0 -0.4106783 -0.9117804 -1 -3.69038e-5 0 -1 7.56304e-6 0 -0.1345228 0.7541141 -0.6428185 0.03256905 0.7182487 -0.6950238 0 0.7164582 -0.69763 0 0.5213193 0.8533617 -0.04138642 0.4089419 0.9116215 -6.82161e-6 0.4037455 0.9148713 0 -0.4106969 -0.911772 -0.0172587 -0.6276806 -0.7782796 -2.11075e-6 -0.6250404 -0.7805925 -1 6.05569e-6 0 -1 -4.90632e-5 0 -1 6.38246e-5 0 -1 -3.81334e-5 0 -1 2.66482e-5 0 -1 -3.95699e-5 0 -1 3.5747e-5 0 -1 -3.27496e-5 0 -1 1.80032e-5 0 0 -0.1953435 0.9807349 0.05054426 -0.05959028 0.9969425 0 -0.03466492 0.9993991 1 2.88054e-5 0 1 -4.09366e-6 0 -0.05189049 0.1476989 -0.9876702 -7.69191e-4 0.3134586 -0.9496017 0 0.3135966 -0.9495564 -0.0729109 0.3235081 -0.9434123 0.04368358 0.5075532 -0.8605124 0 0.4848985 -0.8745704 1 -1.99861e-5 0 -0.006845951 -0.7000702 0.7140412 0.3080357 -0.6133423 0.7272725 0 -0.4591978 0.888334 -0.003604888 -0.8735489 0.486723 0.2836249 -0.7957201 0.535151 0 -0.6995531 0.7145808 0 -0.9718254 0.2357024 0.2297185 -0.9150225 0.3316071 0 -0.8733803 0.487039 -0.08447718 0.4948225 -0.8648782 0.04627811 0.6798078 -0.7319288 0 0.659912 -0.751343 -1 8.17758e-6 0 0 0.7227237 0.6911371 -0.08924859 0.529951 0.8433188 -1.03085e-4 0.5213136 0.8533652 0 0.8569808 0.5153486 -0.1054044 0.7323543 0.6727163 -1.32792e-5 0.7227437 0.6911162 1 4.90689e-6 0 -0.09386479 0.6683325 -0.7379168 0.01873624 0.8412575 -0.54031 0 0.8353646 -0.5496963 -1 -9.19946e-6 0 -1 3.87289e-5 0 -0.005078494 0.9538014 0.3003949 -0.08120417 0.8619914 0.5003768 -1.03597e-5 0.8569865 0.515339 1 -2.83758e-5 0 -0.09401863 0.8406956 -0.5332839 -0.0113309 0.9605455 -0.2778919 -1.6119e-6 0.9611496 -0.2760279 -1 -6.93842e-5 0 -0.04777705 0.9983654 0.03137224 -0.04912281 0.9547751 0.2932431 -8.97384e-6 0.9540222 0.2997363 -0.07520735 0.9625225 -0.2605655 -0.03372281 0.9993417 0.01337784 -5.12218e-6 0.9998233 0.01879769 1 5.06448e-5 0 1 -3.32369e-5 0 1 1.44115e-5 0 0 -0.6250241 -0.7806056 -0.01956379 -0.7995544 -0.6002751 -2.35552e-6 -0.7972735 -0.6036183 0 -0.7972792 -0.6036108 0.03133493 -0.9301946 -0.3657271 0 -0.9383539 -0.3456763 0 -0.9383445 -0.3457015 0.06902891 -0.9955494 -0.06415998 0 -0.9994413 -0.03342276 0 -0.9994408 -0.03344082 0.1473532 -0.9796634 0.1361866 0 -0.9718275 0.2356933 0 -0.4591763 0.8883452 0.2135725 -0.3050908 0.928066 0 -0.1953637 0.980731 -1 3.141e-5 0 1 -3.30775e-5 0 -0.03202974 -0.001469075 0.9994859 -0.01160019 -0.1046196 0.9944447 -1.33955e-5 -0.1063383 0.9943301 -0.02032238 0.1311953 0.9911482 -0.02461701 0.009994447 0.999647 -3.69249e-6 0.005983591 0.9999821 -0.00163114 0.2977666 0.9546374 -0.05508351 0.1445639 0.9879611 -7.71339e-6 0.1353042 0.9908042 0 0.4592108 0.8883274 -0.07969516 0.3104707 0.9472364 -1.08755e-5 0.2980589 0.9545475 0 0.6161038 0.7876651 -0.08629345 0.4707092 0.8780584 -8.36681e-5 0.459219 0.888323 0 0.7712199 0.6365689 -0.09692406 0.6265553 0.7733268 -1.30701e-5 0.6161037 0.7876651 0 0.8934136 0.4492353 -0.08958131 0.7778763 0.6219998 -1.23637e-5 0.7712334 0.6365525 -0.005642831 0.97127 0.2379137 -0.07151699 0.8966028 0.4370229 -9.96367e-6 0.8934032 0.4492558 -0.03581714 0.9992458 -0.01499605 -0.05276757 0.972324 0.2275994 -7.30179e-6 0.9715188 0.2369623 -0.1060175 0.9406223 -0.322475 -0.02713388 0.9993163 -0.02511727 -4.51158e-6 0.9997761 -0.02116203 -0.136881 0.7526811 -0.6439991 -0.01367467 0.9368988 -0.3493331 -2.1428e-6 0.9377297 -0.347366 -0.1301736 0.4980064 -0.8573473 -0.003740906 0.7407024 -0.671823 -5.81664e-7 0.7411031 -0.6713913 -0.08764714 0.2998646 -0.9499471 -0.004186987 0.4784378 -0.8781115 -6.89288e-7 0.478987 -0.877822 -0.0411967 0.219555 -0.97473 0.01234465 0.2871725 -0.9577994 0 0.2817717 -0.9594815 -0.01112532 0.2647033 -0.9642658 0.05836117 0.2354352 -0.9701362 0 0.21007 -0.9776864 0 0.4376139 -0.8991631 0.15894 0.3503765 -0.9230246 0 0.2621183 -0.9650357 0 0.6991575 -0.7149677 0.271467 0.5642687 -0.7796837 0 0.4376078 -0.899166 0 0.9251251 -0.3796626 0.3098487 0.7839237 -0.5380126 0 0.6991618 -0.7149636 0 0.9990119 0.04444396 0.2302628 0.9416742 -0.2454158 0 0.9251251 -0.3796625 0 0.8592951 0.5114802 0.1194144 0.9867942 0.1094421 0 0.9990109 0.04446685 0 0.546667 0.8373502 0.07324951 0.8350383 0.5452941 0 0.8592948 0.5114808 0 0.2456749 0.9693524 0.04103869 0.5269631 0.8488968 0 0.5466582 0.8373559 0 0.01145404 0.9999345 0.07871234 0.2047709 0.9756399 0 0.2456807 0.9693508 0 -0.1724035 0.9850264 0.1099701 -0.04757189 0.9927958 0 0.01143699 0.9999346 -0.0102179 -0.3323628 0.9430963 0.1576789 -0.2515095 0.9549243 0 -0.1724216 0.9850233 -0.02549093 -0.4721551 0.881147 0.1818501 -0.4144682 0.89171 0 -0.3304504 0.9438234 -0.05791664 -0.5416266 0.8386217 0.2068971 -0.5558272 0.8051397 0 -0.467949 0.8837555 -0.0607317 0.2884092 -0.9555794 0.1046554 0.3795821 -0.9192196 0 0.3264228 -0.9452239 -0.0501644 0.1919791 -0.9801161 0.03539907 0.2971784 -0.9541656 0 0.2784543 -0.9604496 -0.03776425 0.0965951 -0.9946072 0.006587624 0.186653 -0.9824038 0 0.1831077 -0.9830929 -0.02673959 -0.003828585 -0.9996352 -0.009190142 0.08800125 -0.996078 -1.36241e-6 0.08951973 -0.9959851 -0.0148313 -0.127793 -0.99169 -0.02672004 -0.0138421 -0.9995471 -3.71988e-6 -0.009132087 -0.9999584 0 -0.2765171 -0.9610091 -0.05246299 -0.1395177 -0.9888289 -7.13426e-6 -0.1303718 -0.9914653 0 -0.4337215 -0.901047 -0.07431006 -0.2885502 -0.9545769 -1.00219e-5 -0.2765592 -0.9609969 0 -0.5888445 -0.8082464 -0.08814847 -0.4459241 -0.8907198 -1.19873e-5 -0.4337155 -0.90105 0 -0.7387334 -0.6739978 -0.092763 -0.599364 -0.7950836 -1.262e-5 -0.5888687 -0.8082287 0 -0.8753714 -0.483451 -0.0930925 -0.7465163 -0.6588226 -1.25583e-5 -0.7387472 -0.6739827 -0.007258415 -0.9686622 -0.2482759 -0.08102214 -0.8793301 -0.4692696 -7.72659e-5 -0.875371 -0.483452 -0.02390021 -0.9995507 -0.01809275 -0.05651503 -0.9698337 -0.2371259 -7.83094e-6 -0.9689797 -0.2471402 -0.04320967 -0.9803747 0.1923498 -0.02799022 -0.9995692 -0.008835673 -3.79066e-6 -0.9999032 -0.01392537 -0.05804127 -0.9147261 0.3998842 -0.00729233 -0.9796154 0.2007499 -9.5032e-7 -0.9799185 0.1993986 -0.06544572 -0.8075652 0.5861361 0.02561187 -0.9192537 0.3928318 0 -0.9128375 0.4083232 -0.06673067 -0.6767197 0.7332104 0.06002372 -0.8258245 0.5607239 0 -0.8040722 0.5945317 -0.06381601 -0.5385997 0.8401416 0.07494091 -0.7065966 0.7036371 0 -0.6719797 0.7405696 -0.06003642 -0.3862335 0.9204452 0.06992304 -0.571404 0.8176847 0 -0.5329943 0.8461188 -0.07181799 -0.2643584 0.9617468 0.01896136 -0.388446 0.9212765 0 -0.3802444 0.9248861 -0.03232949 -0.2153199 0.9760083 0.02459639 -0.2602634 0.9652243 0 -0.2490175 0.968499 -0.01107287 -0.2735342 0.9617986 0.07500368 -0.2448164 0.9666641 0 -0.2081153 0.9781044 0 -0.4574144 0.8892538 0.1614735 -0.360553 0.9186555 0 -0.2713071 0.9624929 0 -0.7282941 0.6852648 0.2871071 -0.5882681 0.7559829 0 -0.4574112 0.8892553 0 -0.9364117 0.3509034 0.3100859 -0.8074449 0.501876 0 -0.7282811 0.6852785 0 -0.9991484 -0.04126262 0.2141727 -0.9510991 0.2225772 0 -0.9364131 0.3508995 0 -0.8735086 -0.4868088 0.1091306 -0.9891023 -0.09883028 0 -0.9991485 -0.04126131 0 -0.6038157 -0.7971239 0.06758695 -0.8526303 -0.5181252 0 -0.8735124 -0.4868021 0 -0.3870778 -0.922047 -3.90814e-4 -0.6038777 -0.7970769 -3.21707e-7 -0.6038114 -0.7971273 0 -0.2003362 -0.9797272 -0.009260356 -0.3888296 -0.9212632 -1.09914e-6 -0.3870533 -0.9220574 0 -0.004672825 -0.9999891 0.0479412 -0.1773906 -0.9829722 0 -0.2003346 -0.9797276 0 0.1715842 -0.9851695 0.1106968 0.05522322 -0.9923188 0 -0.004646778 -0.9999892 -0.008896231 0.3279392 -0.944657 0.1478872 0.2433214 -0.9586054 0 0.1715559 -0.9851745 -0.02427053 0.4790415 -0.8774567 0.1746751 0.4004136 -0.8995319 0 0.3262197 -0.9452941 -0.07147061 0.5602902 -0.8252073 0.1987621 0.5457014 -0.8140662 0 0.4745078 -0.8802514 -0.1083367 -0.2681114 0.9572771 0.07205528 -0.3312757 0.9407786 0 -0.3087479 0.951144 -0.0504505 -0.1164888 0.9919099 -0.00184983 -0.237062 0.9714928 -2.81677e-7 -0.2373516 0.9714239 -1 8.79198e-6 0 -1.90712e-6 -0.1063383 0.9943301 -0.02032226 0.1311965 0.9911481 -0.02461713 0.009995639 0.999647 -2.59359e-5 0.005984783 0.9999822 0 0.4592028 0.8883315 -0.07969492 0.3104619 0.9472393 -1.08755e-5 0.29805 0.9545503 0 0.6160861 0.7876788 -0.08629375 0.4706881 0.8780696 -8.36687e-5 0.459197 0.8883345 0 0.7712293 0.6365576 -0.09692424 0.626567 0.7733172 -1.30701e-5 0.6161158 0.7876557 0 0.8934134 0.4492354 -0.08958101 0.7778766 0.6219996 -1.23636e-5 0.771234 0.6365519 -0.005642831 0.9712739 0.2378978 -0.07151705 0.89661 0.4370081 -9.96365e-6 0.8934108 0.4492408 -0.03581708 0.9992461 -0.01497864 -0.0527513 0.9723313 0.2275726 -7.29955e-6 0.9715262 0.2369327 -0.1060184 0.9406142 -0.3224982 -0.02713382 0.9993156 -0.02514058 -4.51155e-6 0.9997755 -0.02118551 -0.1368812 0.7526802 -0.6440001 -0.01367467 0.9368988 -0.3493332 -2.14996e-5 0.9377296 -0.3473661 -0.1301738 0.4980075 -0.8573467 -0.003755629 0.740733 -0.6717891 -5.83955e-7 0.7411353 -0.6713558 -0.08764684 0.2998641 -0.9499472 -0.004186987 0.4784378 -0.8781115 -6.89288e-7 0.478987 -0.877822 -0.04119688 0.2195518 -0.9747307 0.01234459 0.2871693 -0.9578003 0 0.2817685 -0.9594824 0 0.925132 -0.3796457 0.3098493 0.7839337 -0.5379977 0 0.6991745 -0.7149512 0 0.9990105 0.04447573 0.230264 0.9416822 -0.2453838 0 0.9251372 -0.3796333 0 0.859296 0.5114787 0.1194147 0.9867942 0.1094421 0 0.999011 0.04446643 0 -0.1724001 0.985027 0.1099697 -0.04756796 0.992796 0 0.01144045 0.9999346 -0.02550882 -0.4721083 0.8811714 0.1818502 -0.4144621 0.8917128 0 -0.3304437 0.9438257 -0.03776401 0.09659492 -0.9946072 0.006587684 0.186653 -0.9824038 -0.02673977 -0.003829419 -0.9996352 -0.009190082 0.08800035 -0.9960781 -1.36241e-6 0.08951884 -0.9959852 0 -0.4337217 -0.901047 -0.07431036 -0.2885501 -0.9545769 -1.00219e-5 -0.2765589 -0.960997 0 -0.5888627 -0.8082332 -0.08814817 -0.4459455 -0.890709 -1.19872e-5 -0.4337381 -0.901039 0 -0.7387242 -0.6740078 -0.09276318 -0.5993524 -0.7950922 -1.26201e-5 -0.5888563 -0.8082377 0 -0.8753637 -0.4834653 -0.09309232 -0.7465054 -0.6588351 -8.82089e-5 -0.7387358 -0.6739951 -0.007258415 -0.9686666 -0.248259 -0.0810222 -0.8793385 -0.4692541 -1.10003e-5 -0.8753796 -0.4834363 -0.02390033 -0.9995507 -0.01809239 -0.05651491 -0.9698339 -0.2371256 -7.83091e-6 -0.9689799 -0.2471396 -0.04319459 -0.9803805 0.1923235 -0.02800703 -0.9995685 -0.008862376 -3.79293e-6 -0.9999027 -0.01395499 -0.06545901 -0.8075232 0.5861923 0.02565568 -0.9192371 0.3928678 0 -0.9128097 0.4083854 -0.06003689 -0.3862347 0.9204447 0.06992298 -0.5714038 0.8176849 0 -0.5329942 0.846119 -0.07181835 -0.2643485 0.9617495 0.01896136 -0.3884372 0.9212801 0 -0.3802356 0.9248896 -0.03232961 -0.2153131 0.9760098 0.02459639 -0.260257 0.9652261 0 -0.2490111 0.9685007 -0.01107287 -0.2735341 0.9617986 0.07500386 -0.2448167 0.966664 0 -0.2081153 0.9781043 0 -0.7282835 0.6852761 0.2871064 -0.5882557 0.7559929 0 -0.4573978 0.8892622 0 -0.9991469 -0.04129725 0.2141736 -0.951107 0.2225427 0 -0.9364253 0.3508672 0 -0.6037786 -0.7971522 0.06758713 -0.8526301 -0.5181253 0 -0.8735124 -0.4868019 0 -0.2003259 -0.9797294 -0.009260356 -0.3888189 -0.9212678 -1.09914e-6 -0.3870425 -0.922062 0 0.1715879 -0.9851689 0.1106969 0.05522698 -0.9923186 0 -0.004643082 -0.9999892 -0.008896291 0.3279392 -0.944657 0.1478869 0.2433208 -0.9586055 0 0.1715556 -0.9851744 -0.07147049 0.5602897 -0.8252075 0.1987623 0.545702 -0.8140657 0 0.4745082 -0.8802512 -0.1083189 -0.2680773 0.9572888 0.07201808 -0.3312293 0.9407979 0 -0.3087154 0.9511545 -0.05045044 -0.1164922 0.9919095 -0.00184983 -0.2370651 0.971492 -2.81677e-7 -0.2373547 0.9714232 -1 8.79206e-6 0 -1.35042e-7 0.9254709 0.3788188 -0.003533244 0.9254871 0.3787629 -5.11763e-6 0.9254708 0.3788188 0 -0.9294959 -0.3688327 -0.004158318 -0.9295182 -0.3687528 -4.99466e-6 -0.9294959 -0.3688325 -0.08610266 0.9416942 -0.3252667 0.01246398 0.9296965 -0.3681156 0 0.9294955 -0.3688336 -0.08907991 -0.9386641 0.3331282 0.01060485 -0.9256075 0.3783365 0 -0.9254615 0.3788418 0 -0.8870988 0.4615798 1.094e-5 -0.5935114 -0.8048256 -2.06814e-5 0.593514 0.8048236 1 2.02708e-6 0 0 -0.8845666 0.4664139 0 0.8871541 -0.4614734 0 0.8870977 -0.4615818 0 -0.8845292 0.466485 0.6480803 0.6323653 -0.4243891 -1 2.81776e-6 0 0 0.8845302 -0.4664829 0.9923858 0.09617507 0.07694768 1 5.63545e-6 0 0 -0.5986927 -0.8009788 0.999387 -0.03498721 0.001330792 0.9994051 -0.03447538 -9.78245e-4 0.9994165 -0.03415751 -4.6863e-7 -0.9993988 0.03464281 0.001449286 -0.9994263 0.0338661 -3.24308e-4 -0.9994263 0.033872 6.02682e-7 -1 -9.76829e-7 0 -0.9489175 -0.3155243 0 0.9450098 -0.3270421 0 0.9869563 -0.1580101 -0.03082352 1.33199e-6 0 -1 -1 -1.55143e-6 0 0.06166893 -0.8069112 0.5874447 0 -0.8009809 0.59869 -0.1092371 -0.821813 0.5591875 -1 -2.84699e-6 0 -1 -8.50047e-7 0 -1 3.5889e-7 0 -1 -3.16288e-6 0 -1 -3.03207e-6 0 -1 8.19976e-7 0 -1 1.00861e-6 0 -1 -2.84933e-6 0 -1 1.80676e-6 0 -1 -2.06213e-6 0 -1 -4.57018e-6 0 -1 1.3802e-7 0 -1 -1.43405e-6 0 -1 1.67252e-7 0 -1 2.1387e-6 0 -1 4.97976e-7 0 -1 2.80379e-6 0 -1 1.69457e-6 0 -1 5.92204e-7 0 -1 -2.22991e-6 0 -1 -1.0579e-6 0 -1 -7.10983e-7 0 -1 1.55808e-6 0 -1 6.49394e-7 0 -1 -6.31302e-7 0 0 -1 0 -1 3.29163e-7 0 -1 3.93419e-6 0 -1 -4.37272e-7 0 -1 -8.05008e-7 0 -1 -2.50164e-7 0 -1 3.52309e-7 0 -1 2.22498e-6 0 -1 2.35506e-7 0 -1 -3.89561e-6 0 -1 -1.42724e-6 0 -1 3.59891e-6 0 -1 2.13323e-6 0 -1 -3.18953e-6 0 -1 -1.47001e-6 0 -1 2.57819e-7 0 -1 2.60311e-6 0 -1 -5.09785e-6 0 -1 1.94968e-6 0 -1 4.55316e-6 0 -1 -6.17715e-6 0 -1 -5.17875e-7 0 -1 -2.68471e-7 0 -1 -4.78079e-6 0 -1 1.01307e-6 0 -1 -7.86588e-7 0 -1 -1.6964e-6 0 -1 7.58714e-6 0 -1 3.08518e-6 0 -1 2.0287e-6 0 -1 4.96e-6 0 -1 2.9537e-6 0 -1 -4.99668e-6 0 -1 4.93848e-6 0 -1 -1.59573e-6 0 -1 1.24965e-6 0 -1 2.51708e-6 0 -1 7.80325e-7 0 -1 4.40819e-6 0 -1 1.48382e-6 0 -1 -6.97887e-7 0 -1 1.85028e-6 0 -1 4.25253e-7 0 -1 -9.19719e-7 0 -1 -1.26324e-6 0 -1 -2.10107e-6 0 -1 -1.22577e-6 0 -1 2.45597e-6 0 -1 -6.32119e-7 0 -1 8.75338e-7 0 -1 8.99591e-7 0 -1 -7.89293e-7 0 -1 5.51399e-7 0 -1 -2.22878e-7 0 -1 1.0577e-6 0 -1 5.16034e-7 0 -1 -1.97582e-6 0 -1 -4.10051e-6 0 -1 1.57351e-6 0 -1 -7.85373e-6 0 -1 2.29805e-6 0 -1 -2.46685e-6 0 -1 2.7758e-6 0 -1 1.27851e-5 0 -1 5.74253e-6 0 -1 1.60275e-6 0 -1 -1.6463e-6 0 -1 -4.26493e-7 0 -1 1.59075e-6 0 -1 -1.50684e-5 0 -1 7.81866e-7 0 -1 2.2808e-6 0 -1 -2.86469e-6 0 -1 7.19052e-7 0 -1 -4.89285e-6 0 -1 2.8608e-6 0 -1 6.78205e-7 0 -1 6.64019e-6 0 -1 -3.02082e-6 0 -1 2.31976e-6 0 -1 -2.55857e-6 0 -1 -3.99789e-7 0 -0.9999156 0.01299327 0 -1 -8.55725e-5 0 -1 1.93752e-6 0 -1 -1.27007e-5 0 -1 -2.12991e-7 0 -1 4.11701e-5 0 -0.8054377 -0.5926806 0 -1 -4.14492e-6 0 -1 -3.96284e-6 0 -1 4.48004e-6 0 -0.9999998 -5.8419e-4 0 -1 4.2517e-5 0 -1 -4.35601e-6 0 -1 -1.03142e-6 0 -1 1.30522e-6 0 -1 -5.22301e-6 0 -1 -2.01888e-6 0 -1 -9.79334e-7 0 -1 5.34139e-7 0 -1 -1.56442e-6 0 -1 2.84165e-6 0 -1 5.40372e-7 0 -1 1.26511e-6 0 -1 -9.09543e-7 0 -1 -8.48188e-7 0 -1 -1.22162e-6 0 -1 1.31503e-6 0 -1 7.15077e-6 0 -1 7.21254e-7 0 -1 -1.97257e-6 0 -1 1.35217e-6 0 -1 -9.69684e-7 0 -1 3.10717e-6 0 -1 -4.47443e-6 0 -1 2.23234e-6 0 -1 -1.02823e-5 0 -1 1.06976e-5 0 -1 1.0283e-5 0 -1 -1.69371e-5 0 -1 -5.36021e-5 0 -1 5.11065e-6 0 -1 2.28076e-6 0 -1 -7.24823e-7 0 -1 2.66493e-6 0 -1 4.98154e-6 0 -1 -2.1869e-5 0 -1 2.71805e-5 0 -1 5.81044e-6 0 -1 4.93024e-6 0 -1 -2.41555e-6 0 -1 -1.16044e-6 0 -1 -3.54902e-6 0 -1 1.32725e-6 0 -1 5.10183e-6 0 -1 1.46043e-6 0 -1 8.11551e-7 0 -1 -1.50226e-6 0 -1 4.60327e-6 0 -1 2.59373e-7 0 -1 -1.12002e-5 0 -1 -3.04005e-6 0 -1 1.53208e-6 0 -1 6.85361e-6 0 -1 5.65572e-7 0 -1 4.551e-6 0 -1 3.94614e-6 0 -1 1.93958e-6 0 -1 2.20981e-7 0 -1 -9.47562e-6 0 -1 -1.21892e-6 0 -1 1.7449e-5 0 -1 -5.98147e-6 0 -1 5.24714e-5 0 -1 1.89292e-5 0 -1 -5.67391e-7 0 -1 -3.15159e-7 0 -1 0 0 -1 1.0698e-6 0 -1 4.61967e-7 0 -1 9.64406e-7 0 -1 -1.47676e-6 0 -1 -6.555e-7 0 -1 5.23043e-7 0 -1 -2.88757e-6 0 -1 -1.29016e-6 0 -1 4.85589e-6 0 -1 1.15608e-5 0 -1 -6.02758e-6 0 -1 -1.46683e-6 0 -1 3.44446e-6 0 -1 2.38388e-6 0 -1 -3.18973e-6 0 -1 2.52931e-6 0 -1 2.39866e-6 0 -1 3.12481e-6 0 -1 2.13949e-6 0 -1 3.12409e-6 0 -1 2.72882e-6 0 -1 -3.34121e-6 0 -1 4.4044e-6 0 -1 -2.46421e-6 0 -1 3.19665e-6 0 -1 2.93817e-7 0 -1 -1.07374e-6 0 -1 6.41619e-7 0 -1 1.8662e-6 0 -1 -7.83683e-7 0 -1 -1.32985e-6 0 -1 -9.4255e-7 0 -1 7.13939e-6 0 -1 -1.64393e-6 0 -1 -2.12582e-6 0 -1 -3.64819e-7 0 -1 -1.07257e-6 0 -1 1.61087e-6 0 -1 4.11999e-7 0 -1 -2.50768e-6 0 -1 1.38975e-6 0 -1 -1.62155e-7 0 -1 -2.93061e-7 0 -1 -2.75744e-7 0 -1 -6.49735e-6 0 -1 5.40111e-7 0 -1 1.12227e-6 0 -1 -7.58665e-7 0 -1 -5.04568e-7 0 -1 9.249e-7 0 -1 2.98543e-6 0 -1 -7.32496e-7 0 -1 -1.01524e-6 0 -1 -1.33049e-6 0 -1 -3.18247e-6 0 -1 -4.56624e-7 0 -1 -9.87267e-7 0 -1 3.40034e-6 0 -1 3.32305e-6 0 -1 -1.22469e-6 0 -1 -1.08049e-5 0 -1 1.1468e-5 0 -1 -9.2935e-6 0 -1 1.51371e-5 0 -1 -1.04122e-6 0 -1 -1.08981e-5 0 -1 -4.63581e-6 0 -1 2.44523e-6 0 -1 -7.96097e-7 0 -1 -1.49386e-6 0 -1 -2.41164e-6 0 -1 4.71965e-5 0 -1 -3.1032e-5 0 -1 -3.56176e-6 0 -1 -1.02878e-5 0 -1 1.97925e-5 0 -1 -3.56618e-6 0 -1 -1.01934e-5 0 -1 -4.52973e-6 0 -1 -1.95682e-6 0 -1 2.95475e-7 0 -1 3.44744e-7 0 -1 -1.72162e-6 0 -1 2.78136e-6 0 -1 1.06694e-6 0 -1 -5.09755e-7 0 -1 2.02693e-5 0 -1 4.35716e-6 0 -1 -7.84016e-6 0 -1 9.60297e-7 0 -1 -1.42922e-6 0 -1 1.21371e-6 0 -1 1.80569e-6 0 -1 8.19388e-6 0 -1 -6.10141e-6 0 -1 -1.14964e-6 0 -1 4.33343e-6 0 -1 -2.43844e-6 0 -1 3.26284e-6 0 -1 2.115e-6 0 -1 1.09092e-5 0 -1 6.80238e-6 0 -1 1.89248e-4 0 -1 1.40986e-6 0 -1 -4.00058e-6 0 -1 -5.44283e-6 0 -1 -2.90749e-6 0 -1 -8.02079e-6 0 -1 5.28318e-6 0 -1 3.83013e-7 0 -1 -3.28256e-6 0 -1 1.46036e-6 0 -1 -4.43317e-7 0 -1 4.84872e-6 0 -1 -1.62161e-6 0 -1 2.19537e-6 0 -1 -3.09071e-5 0 -1 -8.2203e-6 0 -1 8.81959e-6 0 -1 -4.09521e-6 0 -1 1.68519e-6 0 -1 -5.31598e-7 0 -1 -8.2272e-7 0 -1 -1.36803e-6 0 -1 -5.30474e-7 0 -1 6.92393e-6 0 -1 1.03449e-6 0 -1 2.67761e-7 0 -1 3.15956e-6 0 -1 5.20852e-6 0 -1 2.01319e-6 0 -1 -2.52675e-6 0 -1 -3.39823e-7 0 -1 5.62611e-7 0 -1 5.49354e-6 0 -1 3.64064e-6 0 -1 1.68595e-6 0 -1 1.01191e-6 0 -1 -2.1871e-6 0 -1 7.7565e-7 0 -1 3.51773e-6 0 -1 4.45824e-6 0 -1 -1.32207e-5 0 -1 -4.21905e-6 0 -1 5.48811e-7 0 -1 5.33022e-7 0 -1 -1.32837e-4 0 -1 5.50113e-7 0 -1 -8.02187e-7 0 -1 1.37592e-6 0 -1 4.33922e-6 0 -1 2.27436e-6 0 -1 -4.72769e-7 0 -1 8.35606e-7 0 -1 1.29261e-7 0 -1 -3.27717e-7 0 -1 -8.56216e-7 0 -1 -2.31282e-6 0 -1 4.53572e-6 0 -1 -3.88223e-6 0 -1 1.70128e-6 0 -1 -7.63275e-7 0 -1 -2.47075e-6 0 -1 -9.83447e-7 0 -1 -1.31671e-6 0 -1 1.25512e-6 0 -1 2.37864e-6 0 -1 2.77309e-6 0 -1 5.01972e-7 0 -1 4.00859e-6 0 -1 -1.62044e-6 0 -1 1.37372e-6 0 -1 1.29809e-6 0 -1 5.52596e-6 0 -1 -1.07186e-6 0 -1 -1.64562e-6 0 -1 -4.76054e-7 0 -1 3.12508e-6 0 -1 -1.2984e-5 0 -1 -1.32146e-5 0 -1 -1.15308e-5 0 -1 -2.24901e-5 0 -1 1.68376e-5 0 -1 1.18542e-5 0 -1 6.17036e-6 0 -1 -1.82238e-5 0 -1 -2.29939e-6 0 -1 -1.92491e-6 0 -1 -3.86829e-6 0 -1 1.01734e-6 0 -1 -2.60433e-6 0 -1 1.2351e-6 0 -1 -5.98294e-6 0 -1 -5.75917e-6 0 -3.79587e-7 0 -1 -1 -3.02596e-5 0 -1 2.10324e-6 0 -1 -1.08053e-6 0 -1 1.05003e-6 0 -1 -1.09777e-6 0 -1 2.32792e-6 0 -1 6.96534e-6 0 -1 -1.03856e-6 0 -1 7.01512e-6 0 -1 -1.70022e-6 0 -1 2.37498e-6 0 -1 -4.27789e-6 0 -1 -2.19516e-6 0 -1 -6.60066e-6 0 -1 -1.9213e-7 0 -1 -2.19715e-6 0 -1 -2.88487e-6 0 -1 7.35486e-6 0 -1 -6.7028e-6 0 -1 6.03631e-7 0 -1 -1.4202e-6 0 -1 -4.74685e-6 0 -1 -7.19911e-6 0 -1 2.25751e-6 0 -1 -1.78702e-6 0 -1 8.68553e-7 0 -1 5.64264e-6 0 -1 1.03609e-5 0 -1 -4.29406e-6 0 -1 -1.61662e-6 0 -1 4.43664e-6 0 -1 1.84263e-6 0 -1 2.12386e-7 0 -1 4.42833e-7 0 -1 -2.05197e-6 0 -1 -6.62821e-7 0 -1 5.2284e-6 0 -1 3.73668e-6 0 -1 1.07512e-5 0 -1 2.03706e-6 0 -1 2.3216e-6 0 -1 -2.07627e-6 0 -1 1.44275e-6 0 -1 9.45501e-6 0 -1 -3.46491e-6 0 -1 1.26855e-6 0 -1 -1.01232e-6 0 -1 2.98721e-6 0 -1 8.93087e-7 0 -1 1.71336e-6 0 -1 -1.27397e-6 0 -1 4.50029e-7 0 -1 7.09067e-7 0 -1 4.61418e-7 0 -1 -2.47874e-7 0 -1 1.04201e-6 0 -1 -7.50368e-6 0 -1 -1.1579e-5 0 -1 8.91456e-6 0 -1 7.1449e-6 0 -1 1.29175e-6 0 -1 1.44916e-6 0 -1 -3.39248e-6 0 -1 4.398e-6 0 -1 -2.74578e-7 0 -1 -3.3666e-6 0 -1 -5.58244e-6 0 -1 1.83997e-6 0 0.00931698 -0.3783263 0.9256254 6.52003e-6 -0.3780508 0.9257849 0 -0.3780508 0.9257849 0.01400446 -0.613665 0.7894423 4.57947e-5 -0.3780231 0.9257962 -0.0140047 -0.3786467 0.9254354 2.12016e-4 -0.3779923 0.9258087 4.58123e-5 -0.3779922 0.9258088 6.55646e-4 -0.3779936 0.925808 -1 -4.05798e-7 0 -1 3.71422e-6 0 -1 -4.77925e-6 0 -1 -6.18439e-6 0 -1 6.35033e-6 0 -1 -3.57347e-5 0 -1 -6.48559e-6 0 -1 -4.13059e-6 0 -1 -6.94207e-7 0 -1 4.29963e-6 0 -1 -3.97962e-6 0 -1 -9.05715e-7 0 -1 -2.96195e-6 0 -1 -5.91598e-7 0 -1 5.25166e-6 0 -1 4.90797e-7 0 -1 9.45251e-6 0 -1 1.31278e-5 0 -1 3.18325e-6 0 -1 6.07515e-6 0 -1 -2.75192e-6 0 -1 8.06415e-7 0 -1 -2.51319e-5 0 -1 1.82307e-6 0 -1 -3.48512e-6 0 -1 -1.78638e-6 0 -1 -2.00295e-6 0 -1 -2.34821e-7 0 -1 2.1796e-6 0 -1 1.21191e-6 0 -1 9.58071e-7 0 -1 -8.95913e-7 0 -1 -1.92377e-6 0 -1 -1.01149e-5 0 -1 -8.92819e-7 0 -1 1.79296e-6 0 -1 -8.77162e-6 0 -1 9.47601e-7 0 -1 -1.51434e-6 0 -1 -3.23424e-6 0 -1 -1.1508e-6 0 -1 -7.16598e-7 0 -1 -3.67831e-6 0 -1 -3.513e-6 0 -1 5.27865e-6 0 -1 1.43787e-6 0 -1 -2.49931e-6 0 -1 7.20428e-7 0 -1 6.65393e-7 0 -1 6.32727e-6 0 -1 -6.19037e-7 0 -1 -7.48848e-7 0 -1 0 0 -1 2.46731e-7 0 -1 -5.27281e-7 0 -1 5.58086e-6 0 -1 2.52134e-7 0 -1 1.26388e-6 0 -1 0 0 -1 -1.30245e-6 0 -1 2.0555e-5 0 -1 1.41369e-7 0 -1 1.97469e-6 0 -1 -1.51816e-6 0 -1 -2.00025e-7 0 -1 -2.4635e-6 0 -1 -3.01745e-6 0 -1 2.11263e-6 0 -1 -5.62501e-7 0 -1 2.79659e-6 0 -1 -4.55579e-7 0 -1 -1.49584e-5 0 -1 1.77756e-6 0 -1 9.84446e-7 0 -1 1.22427e-6 0 -1 3.23298e-6 0 -1 -3.27714e-6 0 -1 -3.0025e-6 0 -1 6.57576e-7 0 -1 -2.32931e-6 0 -1 4.44844e-6 0 -1 -3.15657e-6 0 -1 4.15835e-5 0 -1 7.74193e-7 0 -1 2.65259e-7 0 -1 1.92212e-6 0 -1 -7.01097e-6 0 -1 5.08345e-7 0 -1 1.32988e-6 0 -1 -9.55555e-7 0 -1 -1.22513e-7 0 -1 1.03917e-6 0 -1 1.89975e-6 0 -1 -1.78834e-6 0 -1 2.96861e-6 0 -1 -5.62704e-6 0 -1 -2.27715e-6 0 -1 2.52747e-6 0 -1 -5.25187e-7 0 -1 -2.29408e-7 0 -1 -1.01661e-6 0 -1 2.21521e-6 0 -1 -2.29263e-6 0 -1 1.15327e-5 0 -1 1.06758e-6 0 -1 2.13233e-5 0 -1 -1.60985e-6 0 -1 -1.3505e-6 0 -1 9.12724e-7 0 -1 -2.68371e-6 0 -1 -5.76241e-7 0 -1 1.61679e-6 0 -1 1.38912e-5 0 -1 -7.71729e-7 0 -1 -7.0228e-7 0 -1 3.37167e-6 0 -1 -7.80031e-7 0 -1 -3.28225e-6 0 -1 2.82297e-6 0 -1 -4.65347e-6 0 -1 5.10692e-6 0 -1 -5.57708e-6 0 -1 8.54836e-6 0 -1 1.75219e-6 0 -1 1.12467e-6 0 -1 -7.82324e-7 0 -1 -1.34817e-6 0 -1 1.05289e-6 0 -1 5.23161e-7 0 -1 3.58548e-6 0 -1 -5.50736e-7 0 -1 8.91057e-7 0 -1 -1.29233e-6 0 -1 2.62824e-6 0 -1 -2.75974e-6 0 -1 2.85978e-6 0 -1 1.63415e-6 0 -1 -9.46844e-7 0 -1 4.19359e-7 0 -1 -2.97027e-5 0 -1 2.62242e-6 0 -1 7.35259e-7 0 -1 7.10163e-7 0 -1 -1.81348e-6 0 -1 -4.85122e-7 0 -1 9.1115e-7 0 -1 2.54211e-6 0 -1 -3.78926e-7 0 -1 -3.21456e-7 0 -1 -1.32511e-6 0 -1 7.88067e-7 0 -1 1.24423e-6 0 -1 -1.17327e-5 0 -1 -1.41121e-6 0 -1 1.75247e-7 0 -1 6.39511e-7 0 -1 1.30843e-6 0 -1 -3.34396e-7 0 -1 1.11808e-6 0 -1 2.23252e-7 0 -1 1.90955e-7 0 -1 -3.15122e-7 0 -1 1.99202e-6 0 -1 2.26236e-6 0 -1 -2.30016e-6 0 -1 1.79145e-7 0 -1 5.56035e-7 0 -1 -2.19413e-6 0 -1 -2.75637e-6 0 -1 2.74622e-6 0 -1 5.54681e-6 0 -1 8.93518e-6 0 -1 -4.39857e-6 0 -1 -2.59709e-6 0 -1 -3.11994e-6 0 -1 1.84534e-6 0 -1 6.67626e-6 0 -1 -1.22207e-5 0 -1 8.13531e-6 0 -1 7.00462e-6 0 -1 -3.59679e-5 0 -1 8.46988e-6 0 -1 2.9525e-6 0 -1 2.46113e-6 0 -1 9.08332e-7 0 -1 -3.07944e-6 0 -1 1.46962e-6 0 -1 -9.01693e-5 0 -1 -3.75438e-6 0 -1 5.56651e-6 0 -1 5.12113e-6 0 -1 -2.27996e-7 0 -1 -5.79388e-6 0 -1 -5.43067e-6 0 -1 7.31958e-7 0 -1 3.24741e-6 0 -1 -6.62105e-6 0 -1 -1.83211e-6 0 -1 -3.88996e-6 0 -1 6.94749e-7 0 -1 2.69629e-7 0 -1 -1.70936e-6 0 -1 5.66842e-7 0 -1 -9.95659e-7 0 -1 -1.37204e-6 0 -1 1.29583e-6 0 -1 -4.70547e-7 0 -1 1.14802e-6 0 -1 -4.71058e-7 0 1 1.00088e-5 0 1 -1.36437e-5 0 1 4.79957e-6 0 1 -6.16695e-6 0 1 -3.73513e-6 0 1 6.68235e-6 0 1 -5.29332e-6 0 1 2.65388e-6 0 1 -3.91604e-6 0 1 -2.77852e-6 0 1 -9.19862e-6 0 1 1.01066e-5 0 1 -1.46379e-5 0 1 -1.80222e-5 0 1 -5.5077e-6 0 1 4.79497e-6 0 1 6.34437e-6 0 1 1.05982e-5 0 1 -1.32818e-5 0 1 9.37313e-6 0 1 8.13537e-6 0 1 -4.41833e-6 0 1 5.894e-6 0 1 5.75189e-6 0 1 -2.56085e-6 0 0.02687722 -0.004945516 0.9996265 4.44546e-6 -9.97186e-4 0.9999995 0.02081155 -0.1356469 0.9905387 0.01335018 0.1330375 0.991021 2.14279e-6 0.135062 0.9908372 0.039191 0.007779181 0.9992014 -0.03625416 0.259693 0.9650105 0 0.2423338 0.9701929 0.0641247 0.1484552 0.9868379 -0.06492352 0.3384757 0.9387328 0 0.3072019 0.9516443 0.05783861 0.2533884 0.9656341 -0.1055658 0.3877951 0.9156806 0 0.3352846 0.9421169 0.0554766 0.3164973 0.9469698 -0.1251931 -0.193389 -0.973102 0 -0.1357747 -0.9907398 0.0365712 -0.21914 -0.9750079 -0.06983673 -0.02132552 -0.9973305 0 0.009357631 -0.9999563 0 -0.1357625 -0.9907414 -0.04846662 0.1403742 -0.9889116 0 0.1679004 -0.985804 0 0.009352147 -0.9999564 -0.001129567 0.3507821 -0.9364565 0 0.3514026 -0.9362245 0 0.1679066 -0.9858029 0.01640176 0.5404962 -0.8411866 2.26403e-6 0.5381052 -0.8428778 0 0.3513689 -0.9362372 0.0223751 0.7095006 -0.7043496 3.13971e-6 0.7069122 -0.7073014 0 0.5381166 -0.8428705 0.01753413 0.8443722 -0.5354702 1.8023e-5 0.8429245 -0.5380319 0 0.706898 -0.7073156 0.006865262 0.9378708 -0.3469169 1.05106e-6 0.9375113 -0.3479549 0 0.8429034 -0.538065 -0.01268225 0.9856191 -0.1685061 0 0.9867063 -0.162514 0 0.9374995 -0.3479869 -0.0397166 0.9990829 -0.01599961 0 0.9999989 0.001504361 0 0.9867027 -0.1625355 -0.08523499 0.9885376 0.1246134 0 0.9863622 0.1645898 0 0.9999989 0.001488804 -0.1382083 0.9502022 0.2793105 0 0.9378702 0.3469865 0 0.9863634 0.1645829 -0.187851 0.8782131 0.439834 0 0.8462458 0.5327928 0.009110391 0.938472 0.3452351 -0.2206248 0.7737996 0.5937668 0 0.7157131 0.6983944 0.02067238 0.8481792 0.5293059 -0.2394941 0.639908 0.7301784 0 0.5525542 0.833477 0.02516782 0.7186871 0.6948781 -0.2257262 0.4722179 0.8520904 0 0.365051 0.9309876 0.01625597 0.5547865 0.8318339 -0.1751911 0.2724113 0.9460974 0 0.1751703 0.9845382 9.004e-4 0.3651841 0.930935 -0.1062485 0.05342859 0.9929032 0 -0.008371412 0.999965 0 0.1751394 0.9845438 -0.04108428 -0.177755 0.9832168 0 -0.1955412 0.9806956 0 -0.008363246 0.9999651 0.01043194 -0.363124 0.9316825 1.71489e-6 -0.3617007 0.9322943 0 -0.1955262 0.9806985 0.02273577 -0.5023111 0.8643881 3.53492e-6 -0.4993506 0.8664001 0 -0.3616799 0.9323024 0.05690878 -0.5730611 0.8175343 5.59555e-5 -0.5658677 0.8244962 0 -0.4993644 0.8663921 0.05412876 0.3366948 -0.9400568 7.77213e-6 0.3285532 -0.9444856 0 0.3585793 -0.9334992 0.0549646 0.2513715 -0.9663288 8.14924e-6 0.2430533 -0.970013 0 0.3285552 -0.9444848 0.04154348 0.132092 -0.9903666 6.50414e-6 0.1258221 -0.9920529 0 0.2430635 -0.9700104 0.02799379 -3.22595e-4 -0.9996081 4.50929e-6 -0.004551887 -0.9999897 0.01557475 0.1223324 -0.9923671 0.01482963 -0.1510758 -0.988411 2.45845e-6 -0.1532473 -0.9881879 0.04356735 -0.01477891 -0.9989413 -0.002057611 -0.3195081 -0.9475813 0 -0.3185724 -0.9478986 0.07493638 -0.1695011 -0.9826769 -0.0329805 -0.5079202 -0.8607726 0 -0.4943513 -0.8692622 0.1001474 -0.337736 -0.935898 -0.04838162 -0.6843573 -0.72754 0 -0.6678915 -0.7442587 0.1173104 -0.5129812 -0.8503462 -0.04465353 -0.8261468 -0.5616828 0 -0.8152359 -0.5791292 0.1257601 -0.6839113 -0.7186444 -0.01912212 -0.9248321 -0.3798946 0 -0.9217801 -0.3877131 0.1156163 -0.8258771 -0.5518695 0.00466001 -0.9821131 -0.1882345 8.6331e-7 -0.9822386 -0.1876364 0.09539544 -0.9270493 -0.3626007 0.0144518 -0.9998867 -0.004219532 2.85173e-6 -0.999997 -0.002447187 0.06686812 -0.9834238 -0.1685417 0.02846992 -0.983959 0.1761081 5.80923e-6 -0.9837614 0.1794819 0.0331428 -0.999424 0.007301628 0.0476126 -0.9269698 0.3721023 8.99632e-6 -0.9257645 0.3781006 0.009081482 -0.9832617 0.1819722 0.06666892 -0.8204929 0.5677559 8.28426e-5 -0.8172212 0.5763242 0 -0.9257755 0.3780739 0.08065831 -0.6676125 0.7401269 1.35342e-5 -0.6613758 0.7500547 0 -0.8172041 0.5763484 0.08132994 -0.4880039 0.8690442 1.31207e-5 -0.47923 0.8776894 0 -0.6613687 0.750061 0.06792891 -0.309118 0.9485946 1.08175e-5 -0.3001371 0.9538961 0 -0.4792518 0.8776775 0.04751592 -0.1474207 0.987932 7.64558e-6 -0.1405306 0.9900764 0.001318633 -0.2998205 0.9539947 -1 -1.00321e-5 0 -1 8.62441e-6 0 -1 -1.39478e-5 0 -1 4.15051e-6 0 -1 -3.34117e-6 0 -1 -4.77902e-6 0 -1 -7.05776e-6 0 -1 -1.14983e-6 0 -1 4.28434e-6 0 -1 1.40095e-5 0 -1 9.60135e-6 0 -1 -2.07056e-5 0 -1 -9.89315e-6 0 -1 1.62707e-5 0 -1 -1.10154e-5 0 -1 -5.894e-6 0 -1 -6.62954e-6 0 -1 4.50548e-6 0 -1 2.60319e-6 0 -1 -1.46383e-5 0 -1 5.55704e-6 0 -0.01045203 -0.928187 -0.3719674 0 -0.9280455 -0.372467 0.08764725 -0.9408023 -0.3274279 -0.03443717 0.9343777 0.3546159 0 0.9328063 0.3603782 0.074651 0.9413226 0.3291488 -0.02129161 0.9327728 0.3598356 0 0.9321837 0.3619857 0.08103662 0.9426358 0.3238378 0.007158994 -0.9317082 0.3631373 4.92633e-6 -0.9316422 0.3633772 0 -0.9316422 0.3633771 0.003483951 0.9280611 -0.372412 5.03793e-6 0.9280454 -0.3724673 1.25729e-7 0.9280454 -0.3724673 0.01167708 -0.9329817 0.3597343 4.88533e-6 -0.9328058 0.3603796 0 -0.9328058 0.3603795 1 6.6798e-6 0 1 -4.23657e-5 0 1 -4.49681e-6 0 -1 6.09726e-6 0 0.01865828 0.02002376 -0.9996254 -0.02368199 -0.0252974 0.9993994 0 -0.03465247 0.9993994 0.0114625 0.02871567 -0.999522 2.34866e-6 0.02736473 -0.9996256 0.03494036 0.1299006 -0.9909112 -0.05700504 -0.06744045 -0.9960935 0 -0.04104268 -0.9991574 0 -0.1878689 -0.9821941 0 -0.04102373 -0.9991583 0.01193279 -0.725524 0.6880936 8.06552e-5 -0.7252882 0.6884455 0 -0.7252879 0.6884458 -0.2040274 -0.3177319 -0.9259695 0 -0.1878851 -0.982191 0 -0.410713 -0.9117647 0.0109018 0.7166689 -0.6973284 8.08152e-6 0.7164697 -0.6976182 0 0.7164692 -0.6976187 -0.008364975 0.5246431 0.8512812 0 0.5212955 0.8533763 0.06341123 0.4163247 0.907002 -0.2755482 -0.5525236 -0.7866326 0 -0.4107048 -0.9117684 0.01160961 -0.6260832 -0.77967 -0.07726711 -0.1572737 0.9845277 0 -0.1953694 0.9807298 0 -0.03469133 0.9993981 0.06412321 0.1517372 -0.9863387 8.3996e-6 0.1402327 -0.9901186 4.68309e-4 0.3135757 -0.9495632 0.08381921 0.3267715 -0.9413792 1.1212e-5 0.3136245 -0.9495471 0 0.4848638 -0.8745898 0.01373779 -0.7015672 0.7124708 1.61877e-6 -0.6995583 0.7145756 0 -0.4591888 0.8883388 0.006571948 -0.874017 0.4858511 7.78596e-7 -0.8733627 0.4870705 0 -0.6995195 0.7146135 -0.02171081 -0.9679033 0.2503833 0 -0.9718268 0.2356963 0 -0.8733835 0.4870333 0.09267979 0.4969924 -0.8627915 1.25847e-4 0.4848812 -0.87458 0 0.6599133 -0.7513418 -0.04063147 0.735263 0.6765629 0 0.7227112 0.6911501 0.1355362 0.5418784 0.8294565 -0.05649989 0.8741831 0.4822982 0 0.8569794 0.5153508 0.07449311 0.7273764 0.6821836 0.09986865 0.6694472 -0.736116 1.37032e-5 0.6599277 -0.7513291 0 0.8353895 -0.5496584 0.0069471 0.9536041 0.3009834 8.86206e-7 0.9540325 0.2997032 0.05978995 0.8596377 0.5073938 0.08911067 0.8401203 -0.53503 1.26687e-5 0.8353636 -0.5496979 0.01199293 0.960461 -0.2781563 0.02516293 0.9994392 0.0220983 4.59821e-6 0.9998238 0.01877319 0.0931546 0.9568672 0.2751865 0.05977767 0.9620007 -0.266423 9.0728e-6 0.9611468 -0.2760382 0.04240155 0.9990498 0.01008349 -0.2736133 -0.7336389 -0.6220207 0 -0.625016 -0.780612 0.01085782 -0.7979792 -0.6025873 -0.2410668 -0.8602528 -0.4492795 0 -0.7972683 -0.6036252 0 -0.9383637 -0.3456495 -0.1682702 -0.9478212 -0.2707773 0 -0.9383459 -0.3456981 0 -0.9994415 -0.03341913 -0.1037532 -0.9939308 0.03656595 0 -0.9994403 -0.03345429 0 -0.9718306 0.2356808 -0.0273475 -0.4450991 0.8950636 0 -0.4591718 0.8883475 0 -0.1953579 0.9807321 1 -2.93677e-6 0 -0.02506035 0.8119193 0.5832317 0 0.8109851 0.5850669 0.1237831 0.8394361 0.5291737 -0.03123074 -0.8181209 -0.5741976 0 -0.8166736 -0.5770999 0.1199361 -0.8428357 -0.5246365 0.01042139 0.8210179 -0.5708075 7.20671e-6 0.820859 -0.5711309 0 0.820859 -0.5711311 0.008119702 -0.8179129 0.5752849 7.24519e-6 -0.8178161 0.5754797 0 -0.8178159 0.57548 -1 3.0659e-6 0 -0.01045203 -0.9281862 -0.3719692 0 -0.9280448 -0.3724688 0.08764737 -0.9408016 -0.32743 -0.03440445 0.9343835 0.3546038 0 0.9328132 0.3603603 0.07458156 0.9413243 0.3291601 -0.02129155 0.9327725 0.3598364 0 0.9321834 0.3619865 0.08103674 0.9426355 0.3238387 0.007158994 -0.9317088 0.3631355 4.92632e-6 -0.9316429 0.3633754 0 -0.9316427 0.3633756 0.01166594 -0.932987 0.3597211 4.88077e-6 -0.9328112 0.3603658 0 -0.9328112 0.3603658 0.01865828 0.02002376 -0.9996254 0.0114625 0.02871394 -0.999522 2.34867e-6 0.027363 -0.9996256 0.03494042 0.1298988 -0.9909114 -0.05700486 -0.06743788 -0.9960938 0 -0.0410403 -0.9991576 0 -0.1878666 -0.9821946 0 -0.04102373 -0.9991583 0.0109018 0.7166679 -0.6973294 8.08153e-6 0.7164688 -0.6976193 0 0.7164683 -0.6976197 -0.07726734 -0.1572723 0.984528 0 -0.1953684 0.9807299 0 -0.03469026 0.9993982 0.06412333 0.1517543 -0.9863361 8.39957e-6 0.1402501 -0.9901162 4.68308e-4 0.3135917 -0.9495579 0.08381897 0.3267889 -0.9413732 1.12119e-5 0.3136427 -0.9495411 0 0.4848791 -0.8745813 0.01352268 -0.701545 0.7124969 1.59893e-5 -0.6995666 0.7145675 0 -0.4591577 0.8883548 0.006823658 -0.8740699 0.4857524 8.08346e-7 -0.8733915 0.4870188 0 -0.6995557 0.7145782 -0.02171075 -0.9679091 0.2503609 0 -0.9718322 0.235674 0 -0.8733935 0.4870151 0.09267997 0.4969822 -0.8627973 1.25848e-4 0.4848704 -0.874586 0 0.6599049 -0.7513491 -0.04063141 0.7352576 0.6765689 0 0.7227057 0.6911559 0.1355367 0.5418706 0.8294613 -0.05650001 0.8741919 0.4822825 0 0.8569885 0.5153357 0.07449251 0.7273902 0.6821689 0.09986853 0.6694371 -0.7361252 1.37032e-5 0.6599174 -0.7513383 0 0.8353822 -0.5496696 0.00694704 0.9535985 0.3010011 8.86201e-7 0.954027 0.2997211 0.05977749 0.8596514 0.5073718 0.08911073 0.8401278 -0.5350182 1.26687e-5 0.8353713 -0.5496861 0.01199293 0.9604649 -0.278143 0.02522486 0.9994372 0.02211278 4.6096e-6 0.9998236 0.01877969 0.09303963 0.9568678 0.2752233 0.05967295 0.9620028 -0.2664392 9.05703e-6 0.9611471 -0.2760369 0.0425347 0.9990445 0.01005738 -0.2736127 -0.7336274 -0.6220346 0 -0.6250029 -0.7806225 0.01085793 -0.7979668 -0.6026037 0 -0.9383472 -0.3456944 -0.1682353 -0.9478357 -0.2707479 0 -0.9383625 -0.3456531 -0.1037537 -0.9939291 0.03660887 0 -0.9994418 -0.03341251 0 -0.971821 0.23572 -0.02734744 -0.4450992 0.8950637 0 -0.4591718 0.8883475 0 -0.1953574 0.9807322 1 -1.01966e-5 0 1 -4.78652e-6 0 1 4.42102e-6 0 1 2.00835e-6 0 1 -6.55635e-6 0 1 -1.6591e-6 0 1 3.77518e-6 0 1 -9.71345e-6 0 1 1.12125e-5 0 1 2.48194e-5 0 1 -1.97537e-5 0 1 6.01402e-6 0 1 -3.82018e-6 0 1 6.48938e-6 0 1 -6.40705e-6 0 1 9.56901e-6 0 1 -1.67788e-5 0 1 -6.5477e-6 0 1 -1.17403e-5 0 1 -5.71376e-6 0 1 2.3119e-6 0 0.02970474 -0.009255588 0.9995159 4.72127e-6 -0.004710435 0.999989 0.02135568 -0.1489078 0.9886205 0.01509141 0.1385974 0.9902339 2.43558e-6 0.1408729 0.9900278 0.04095536 0.00452733 0.9991508 -0.03193128 0.2801209 0.9594336 0 0.2641212 0.9644896 0.0641967 0.1533182 0.9860895 -0.07235783 0.3768619 0.923439 0 0.3407284 0.9401618 0.06083059 0.2745992 0.9596327 -0.1164991 0.4294824 0.8955295 0 0.3710477 0.9286138 0.05716037 0.3495624 0.9351679 -0.2089316 -0.6320245 -0.7462524 0 -0.542707 -0.8399222 0.05187606 -0.6004028 -0.7980135 -0.2084127 -0.4950134 -0.8435201 0 -0.4073761 -0.9132605 0.03735357 -0.5485141 -0.8353067 -0.1811907 -0.2965264 -0.9376791 0 -0.2174218 -0.9760778 0.01390081 -0.4102259 -0.911878 -0.1076091 -0.06045192 -0.9923537 0 -0.01228743 -0.9999246 0 -0.2174388 -0.976074 -0.04838073 0.1451446 -0.988227 0 0.1747608 -0.9846109 0 -0.01225519 -0.999925 0.002066791 0.3558208 -0.934552 2.74807e-7 0.3554626 -0.9346906 0 0.1747795 -0.9846076 0.01637262 0.5412636 -0.8406935 2.20455e-6 0.5388121 -0.8424261 0 0.3554715 -0.9346872 0.02388674 0.7089487 -0.7048555 3.29508e-6 0.7061417 -0.7080705 0 0.5388154 -0.842424 0.01971846 0.8398253 -0.5424988 2.85859e-6 0.8381733 -0.5454042 0 0.7061535 -0.7080588 0.007630348 0.9325513 -0.3609568 8.15447e-6 0.9321343 -0.3621128 0 0.8381792 -0.545395 -0.01403415 0.9839378 -0.1779597 0 0.9852123 -0.1713382 -0.03960794 0.9990555 -0.01786834 0 0.9999998 -5.75989e-4 0 0.985211 -0.1713455 -0.08175551 0.988644 0.1260926 0 0.9866655 0.1627616 0 0.9999998 -6.04035e-4 -0.1313501 0.9512729 0.2789751 0 0.9401296 0.3408172 0 0.9866619 0.1627833 -0.1852721 0.88068 0.4359781 0 0.8505161 0.5259492 0.009823441 0.940787 0.3388559 -0.2301975 0.7733365 0.5907284 0 0.7124766 0.701696 0.0192098 0.852266 0.5227559 -0.2401088 0.6338811 0.735216 0 0.5425956 0.8399941 0.02079749 0.7148854 0.6989324 -0.2211211 0.469691 0.8546905 0 0.3622515 0.9320805 0.01630973 0.5448131 0.838399 -0.1750789 0.2788063 0.9442534 0 0.1794371 0.9837694 0.002429425 0.3626108 0.9319375 -0.1199343 0.06320601 0.9907678 0 -0.0097965 0.999952 0 0.1794455 0.9837679 -0.05058574 -0.1944161 0.979614 0 -0.2174587 0.9760695 0 -0.009767293 0.9999524 0.01028913 -0.4105482 0.9117809 1.61877e-6 -0.4091113 0.9124845 0 -0.2174755 0.9760658 0.03242582 -0.5438303 0.8385686 4.93137e-5 -0.5397309 0.8418377 0 -0.4090936 0.9124925 0.06048268 -0.5958505 0.8008147 8.14698e-6 -0.5881282 0.8087678 0 -0.5397278 0.8418396 0.05974066 0.3539006 -0.9333732 6.07868e-5 0.3451809 -0.9385362 0 0.3855608 -0.9226825 0.05928862 0.2568663 -0.9646267 8.35e-6 0.2474288 -0.9689062 0 0.3451721 -0.9385395 0.04414236 0.1348236 -0.9898859 4.66726e-5 0.1278898 -0.9917884 0 0.2474547 -0.9688995 0.02947884 -8.96208e-4 -0.9995651 4.68937e-6 -0.005407512 -0.9999854 0.01495325 0.1245865 -0.9920961 0.01618385 -0.1598958 -0.9870013 2.6071e-6 -0.1623362 -0.9867355 0.04426628 -0.01539254 -0.9989013 -0.001496195 -0.3398122 -0.9404922 0 -0.3391084 -0.9407473 0.07639038 -0.1779504 -0.9810699 -0.03803926 -0.5345877 -0.8442565 0 -0.5187813 -0.854907 0.1014541 -0.3573768 -0.9284335 -0.05292659 -0.7035776 -0.7086448 0 -0.6860033 -0.7275985 0.1171489 -0.5366671 -0.8356223 -0.04484039 -0.8360896 -0.5467573 0 -0.8253912 -0.5645611 0.1221514 -0.7010336 -0.7025888 -0.01698344 -0.9299929 -0.3671852 0 -0.9273259 -0.374255 0.1113218 -0.8351757 -0.5385993 0.004617691 -0.9841367 -0.1773516 8.51861e-7 -0.9842549 -0.1767549 0.09344631 -0.9321727 -0.3497453 0.01369786 -0.9999058 -9.10763e-4 2.74886e-6 -0.9999998 7.40744e-4 0.06469434 -0.9853249 -0.1579542 0.02837508 -0.984317 0.1741124 5.7433e-6 -0.9841203 0.1775032 0.03087472 -0.9994754 0.009781956 0.04680198 -0.9294502 0.3659673 8.80283e-6 -0.9282751 0.3718945 0.008776664 -0.9836516 0.1798683 0.06577801 -0.8280702 0.5567522 1.15522e-5 -0.8248878 0.5652967 0 -0.928277 0.3718895 0.07989257 -0.683059 0.7259805 1.32574e-4 -0.6769273 0.73605 0 -0.8248816 0.5653058 0.08296775 -0.5105382 0.855843 1.31648e-5 -0.5016735 0.8650571 0 -0.6769097 0.7360661 0.07250475 -0.3317204 0.9405874 1.12921e-5 -0.3221065 0.9467034 0 -0.5016939 0.8650453 0.05311965 -0.1615328 0.9854367 8.28234e-6 -0.1536406 0.9881268 0 -0.322313 0.9466332 -1 2.3528e-5 0 -1 1.29473e-5 0 -1 -4.78451e-6 0 -1 -6.4829e-6 0 -1 -1.46817e-5 0 -1 3.64198e-6 0 -1 -2.61671e-6 0 -1 6.55635e-6 0 -1 2.10211e-6 0 -1 -4.85682e-6 0 -1 4.4872e-6 0 -1 -1.02224e-5 0 -1 -2.2425e-5 0 -1 -2.40561e-5 0 -1 1.00872e-5 0 -1 -1.10048e-5 0 -1 -3.64431e-6 0 -1 -5.8702e-6 0 -2.52853e-5 -0.9280431 -0.3724729 0.003520309 -0.9280592 -0.3724164 0 -0.928043 -0.3724731 -0.0875954 -0.9407921 -0.3274711 2.92826e-5 -0.9280428 -0.3724738 0.01061362 -0.9281865 -0.3719639 -0.03444081 0.9343864 0.3545926 0 0.9328159 0.3603534 0.07469189 0.9413356 0.3291025 -0.02129334 0.9327727 0.3598357 0 0.9321835 0.3619861 0.08103573 0.9426354 0.3238388 0.007163047 -0.9317157 0.3631178 4.9286e-6 -0.9316498 0.3633579 0 -0.9316495 0.3633584 0.003485441 0.9280604 -0.3724136 5.0402e-6 0.9280447 -0.372469 0 0.9280446 -0.3724692 0.01167815 -0.9329918 0.3597081 4.8876e-6 -0.9328159 0.3603533 0 -0.9328159 0.3603535 1 -5.68233e-6 0 1 -8.12044e-6 0 1 2.86346e-5 0 1 -6.84444e-6 0 1 1.42649e-5 0 1 -4.43782e-6 0 1 -4.70455e-6 0 1 7.61499e-6 0 1 3.29937e-6 0 1 -6.18996e-6 0 1 -1.65768e-5 0 1 4.45831e-6 0 1 5.65611e-6 0 1 6.95604e-6 0 1 -2.65373e-5 0 1 2.8305e-5 0 1 -6.8265e-6 0 1 -3.967e-6 0 1 5.76249e-6 0 1 -1.6792e-5 0 1 -8.21936e-6 0 1 -1.71969e-5 0 1 8.24783e-6 0 1 6.58354e-6 0 1 -7.44169e-6 0 1 1.33894e-5 0 1 2.96687e-6 0 1 2.2765e-5 0 1 5.22411e-6 0 1 -5.97272e-6 0 1 -5.99132e-6 0 1 6.32607e-6 0 0.02104592 0.002893865 0.9997744 3.45955e-6 0.006012499 0.999982 0.01767271 -0.1021929 0.9946077 0.01668119 0.1325714 0.9910331 2.5019e-6 0.1352896 0.9908062 0.02999764 0.01202589 0.9994777 0.001684546 0.2977602 0.9546392 2.35876e-7 0.2980434 0.9545523 0.05542445 0.1446952 0.9879228 -0.04871165 0.4841637 0.8736205 0 0.4592039 0.8883309 0.07424175 0.3087629 0.9482372 -0.05688697 0.640974 0.7654517 0 0.616105 0.7876641 0.08320671 0.4698832 0.8787984 -0.05275005 0.7899917 0.6108441 0 0.7712117 0.6365788 0.08663666 0.6244105 0.7762768 -0.03341382 0.9015343 0.4314155 0 0.8934113 0.4492397 0.08658063 0.7773994 0.6230202 0.005785703 0.9712668 0.237923 8.06067e-7 0.9715259 0.2369335 0.07086539 0.8965612 0.4372142 0.03690701 0.9992117 -0.014629 5.10625e-6 0.9997757 -0.0211786 0.05122172 0.9722821 0.2281315 0.06797415 0.9388898 -0.3374396 1.1301e-5 0.937736 -0.3473489 0.04237139 0.9986182 -0.03108638 0.1007145 0.7472194 -0.6569017 1.57811e-5 0.7411034 -0.6713909 0.01849848 0.9361607 -0.3510854 0.09751296 0.489427 -0.8665751 1.06508e-4 0.4789834 -0.877824 0.005013763 0.7403833 -0.6721664 0.0575214 0.2893403 -0.9554966 9.46816e-6 0.2817943 -0.9594749 0.006340265 0.4776934 -0.8785038 0.025415 0.2135583 -0.9765997 4.29723e-6 0.2100589 -0.9776888 0 0.2817832 -0.9594782 0.006737232 0.2630304 -0.9647641 1.1495e-6 0.2621079 -0.9650387 0 0.2100818 -0.9776839 -0.007358253 0.4335538 -0.9010977 0 0.4376386 -0.8991511 0 0.262099 -0.9650411 -0.01655697 0.6914375 -0.7222467 0 0.6991652 -0.7149602 0 0.4376169 -0.8991616 -0.05214756 0.9108446 -0.4094421 0 0.9251235 -0.3796663 0 0.6991581 -0.7149671 -0.1451743 0.9885895 -0.04019278 0 0.9990112 0.04446113 0 0.9251316 -0.3796465 -0.2911587 0.8891367 0.3530758 0 0.8593028 0.5114672 0 0.9990115 0.04445332 -0.3105625 0.6495621 0.6939886 0 0.5466685 0.8373492 0 0.8592954 0.5114797 -0.2365306 0.3591795 0.9027976 0 0.2456768 0.9693519 0 0.5466592 0.8373551 -0.1159762 0.07170772 0.9906601 0 0.01142275 0.9999349 0 0.2456969 0.9693468 -0.04401594 -0.1487712 0.9878916 0 -0.1723899 0.9850288 0 0.01145094 0.9999344 0.008656084 -0.3318115 0.9433061 9.00672e-6 -0.3304712 0.9438161 0 -0.1724192 0.9850237 0.02218121 -0.4710838 0.8818096 3.25167e-6 -0.4679261 0.8837676 0 -0.3304681 0.9438171 0.05628347 -0.5411304 0.839053 7.94379e-6 -0.5338182 0.8455993 0 -0.4679179 0.883772 0.05779105 0.2874277 -0.9560574 8.20791e-6 0.2784348 -0.9604552 0 0.3264067 -0.9452294 0.04631429 0.1906058 -0.9805735 6.6493e-6 0.1830867 -0.9830968 0 0.2784299 -0.9604566 0.03346002 0.09503483 -0.9949116 4.87165e-6 0.08949279 -0.9959875 0 0.1831081 -0.9830928 0.0226773 -0.005389392 -0.9997283 3.36133e-6 -0.009136855 -0.9999583 0.01079195 0.08736389 -0.9961181 0.01499849 -0.1277304 -0.9916956 2.08788e-6 -0.1303744 -0.9914649 0.02643263 -0.013736 -0.9995563 -2.95502e-4 -0.276686 -0.9609605 0 -0.2765163 -0.9610093 0.04822957 -0.1380684 -0.9892477 -0.03812694 -0.4539923 -0.8901895 0 -0.4336987 -0.901058 0.06663042 -0.2861028 -0.9558795 -0.06389558 -0.6179795 -0.7835935 0 -0.5888391 -0.8082503 0.08112889 -0.4439973 -0.8923478 -0.05781543 -0.7602863 -0.6470102 0 -0.7387458 -0.6739843 0.08548361 -0.5977137 -0.7971394 -0.02752578 -0.8829388 -0.4686808 0 -0.8753615 -0.4834691 0.0834968 -0.7449396 -0.6618862 0.007927119 -0.968599 -0.2485021 1.07624e-6 -0.9689863 -0.2471145 0.07418549 -0.8786736 -0.4716241 0.02454096 -0.9995312 -0.01830828 3.40016e-6 -0.9999026 -0.01395958 0.05509787 -0.9697937 -0.2376225 0.04755282 -0.9804859 0.1907519 6.44059e-6 -0.9799187 0.1993976 0.02544325 -0.9996283 -0.009794175 0.07293802 -0.9158492 0.3948424 9.5041e-6 -0.9128211 0.40836 0.005726277 -0.9797279 0.2002512 0.09090924 -0.8108908 0.5780931 1.15233e-5 -0.8040791 0.5945226 0 -0.9128185 0.4083657 0.09946811 -0.6827078 0.7238896 1.23968e-5 -0.6719896 0.7405607 0 -0.8040984 0.5944964 0.09749835 -0.5463868 0.8318387 1.20737e-5 -0.5330072 0.8461107 0 -0.6719852 0.7405646 0.09509396 -0.3956899 0.9134477 1.16766e-5 -0.3802096 0.9249003 0 -0.5329819 0.8461266 0.04703873 -0.2553973 0.9656913 5.44165e-5 -0.2490163 0.9684993 0 -0.3802016 0.9249036 0.0215485 -0.2112113 0.9772029 3.52579e-6 -0.208124 0.9781025 0 -0.2490029 0.9685028 0.008601009 -0.2725878 0.9620925 1.32349e-6 -0.2712811 0.9625002 0 -0.2081385 0.9780994 -0.01665103 -0.4482142 0.8937711 0 -0.457418 0.8892518 0 -0.2713106 0.9624919 -0.01932609 -0.7194765 0.694248 0 -0.7282845 0.6852749 0 -0.4573993 0.8892615 -0.04459512 -0.925041 0.3772408 0 -0.9364279 0.3508602 0 -0.7282773 0.6852827 -0.1367449 -0.9897723 0.04064124 0 -0.999147 -0.04129725 0 -0.9364252 0.3508675 -0.274317 -0.8987452 -0.3420634 0 -0.8735243 -0.4867808 0 -0.9991477 -0.04127734 -0.2789983 -0.6900348 -0.6678414 0 -0.6037953 -0.7971394 0 -0.8734993 -0.4868257 -0.2369471 -0.5246709 -0.8176654 0 -0.3870641 -0.9220529 1.77682e-4 -0.6036989 -0.7972125 -0.205517 -0.3346967 -0.9196417 0 -0.2003771 -0.9797189 0.005024671 -0.3875514 -0.9218344 -0.106265 -0.05552965 -0.9927861 0 -0.004658639 -0.9999892 0 -0.2003678 -0.9797208 -0.03790771 0.151062 -0.9877972 0 0.1715654 -0.9851728 0 -0.004665851 -0.9999892 0.007064998 0.3272972 -0.9448951 1.07853e-6 0.326234 -0.9452891 0 0.1715887 -0.9851688 0.01760381 0.4768673 -0.8787991 2.76943e-6 0.4745371 -0.8802356 0 0.3262273 -0.9452914 0.05010569 0.554185 -0.8308842 8.01605e-6 0.5485799 -0.8360981 0 0.4745231 -0.8802431 0.04169815 -0.2415578 0.9694901 9.09075e-6 -0.2373563 0.9714227 0 -0.3087246 0.9511515 0.03976404 -0.1125351 0.9928519 6.05465e-6 -0.1063096 0.9943332 0.002401471 -0.2368645 0.9715397 -1 2.12326e-5 0 -1 -1.31614e-5 0 -1 3.70766e-6 0 -1 -3.40081e-6 0 -1 9.40911e-6 0 -1 3.87934e-6 0 -1 1.64254e-5 0 -1 -2.6395e-5 0 -1 1.86079e-5 0 -1 1.13122e-5 0 -1 2.31868e-6 0 -1 -8.91679e-6 0 -1 2.63345e-5 0 -1 -2.01032e-5 0 -1 1.04484e-5 0 -1 1.41523e-5 0 -1 -7.4162e-6 0 -1 3.59175e-6 0 -1 -1.01122e-5 0 -1 -3.41325e-6 0 -1 3.7209e-6 0 -1 -1.68481e-5 0 -1 -1.64958e-5 0 -1 1.42282e-5 0 -1 6.32623e-6 0 -1 -2.96687e-6 0 1 -5.68324e-6 0 1 -8.12057e-6 0 1 2.86441e-5 0 1 -6.84369e-6 0 1 1.426e-5 0 1 -4.43766e-6 0 1 -4.70544e-6 0 1 -1.65878e-5 0 1 4.45967e-6 0 1 6.95397e-6 0 1 -2.65369e-5 0 1 -6.82538e-6 0 1 -3.968e-6 0 1 5.76108e-6 0 1 -1.67847e-5 0 1 -1.72064e-5 0 1 8.2462e-6 0 1 -7.44347e-6 0 1 1.33911e-5 0 1 2.27648e-5 0 1 -5.99147e-6 0 1 6.32711e-6 0 0.01669383 0.1325898 0.9910304 2.50419e-6 0.1353095 0.9908034 0.02998656 0.01204544 0.9994778 0.001684546 0.2977684 0.9546368 2.35877e-7 0.2980516 0.9545499 0.05542385 0.1447039 0.9879216 -0.04888379 0.4842582 0.8735585 0 0.459209 0.8883283 0.07429665 0.3087242 0.9482455 -0.05688703 0.6409817 0.7654452 0 0.6161128 0.7876579 0.08320629 0.469893 0.8787931 -0.05274993 0.7899839 0.6108543 0 0.7712036 0.6365886 0.08663719 0.6243991 0.7762859 -0.03307801 0.9014587 0.4315997 0 0.8934112 0.44924 0.08646923 0.7773967 0.6230389 0.005654394 0.9712733 0.2378999 7.87747e-7 0.9715262 0.2369326 0.07100343 0.8965409 0.4372333 0.03689056 0.9992127 -0.01459896 5.10398e-6 0.9997764 -0.02114582 0.05122154 0.9722856 0.2281166 0.06797426 0.9388898 -0.3374399 1.1301e-5 0.9377359 -0.3473494 0.04234987 0.9986178 -0.03112959 0.1007142 0.7472267 -0.6568934 1.5781e-5 0.7411112 -0.6713824 0.01849859 0.9361645 -0.3510755 0.09759306 0.4894307 -0.866564 1.51744e-5 0.4789801 -0.8778257 0.0049147 0.7403953 -0.6721537 0.05747276 0.2893425 -0.9554988 6.64567e-5 0.2818034 -0.9594722 0.006404936 0.4776881 -0.8785063 0.02541494 0.213564 -0.9765985 4.29722e-6 0.2100647 -0.9776875 0 0.2817887 -0.9594765 -0.007315456 0.4335473 -0.9011011 0 0.4376083 -0.8991657 0 0.2621117 -0.9650376 -0.01655691 0.6914466 -0.7222379 0 0.6991742 -0.7149513 0 0.4376267 -0.8991568 -0.05176019 0.9109635 -0.4092269 0 0.9251248 -0.3796635 0 0.6991608 -0.7149646 -0.1455443 0.9885269 -0.0403912 0 0.9990107 0.04447209 0 0.9251361 -0.3796359 -0.2911577 0.889128 0.3530988 0 0.8592906 0.5114879 0 0.9990105 0.04447817 -0.3105631 0.6495704 0.6939806 0 0.5466777 0.8373432 0 0.8593012 0.51147 -0.2365303 0.3591787 0.9027979 0 0.2456763 0.969352 0 0.5466592 0.8373553 -0.04401606 -0.1487726 0.9878914 0 -0.1723914 0.9850285 0 0.01144945 0.9999345 0.008656084 -0.3318072 0.9433076 1.28229e-6 -0.3304669 0.9438176 0 -0.1724148 0.9850244 0.05628365 -0.5411141 0.8390636 7.94384e-6 -0.5338013 0.8456101 0 -0.4679031 0.8837798 0.0578469 0.2874649 -0.9560428 8.21467e-6 0.2784627 -0.9604471 0 0.3264338 -0.9452202 0.04625993 0.1906177 -0.9805738 4.66567e-5 0.1831083 -0.9830928 0 0.2784512 -0.9604504 0.03348076 0.09505909 -0.9949085 4.87393e-6 0.08951294 -0.9959858 0 0.1831279 -0.9830891 0.02265828 -0.00536704 -0.9997289 3.35905e-6 -0.009110689 -0.9999586 0.01079475 0.08734101 -0.99612 0.01499855 -0.1277291 -0.9916957 2.08788e-6 -0.1303731 -0.991465 0.02643245 -0.01373457 -0.9995563 -0.03812682 -0.4539855 -0.890193 0 -0.4336919 -0.9010612 0.06661599 -0.286139 -0.9558697 -0.06389582 -0.6179953 -0.783581 0 -0.5888551 -0.8082386 0.08112812 -0.4440174 -0.8923378 -0.05811387 -0.7604036 -0.6468456 0 -0.7387586 -0.6739702 0.08556884 -0.5977334 -0.7971153 -0.02714288 -0.8828406 -0.4688879 0 -0.8753633 -0.4834657 0.08337974 -0.744937 -0.6619038 0.07420051 -0.878651 -0.4716637 0.02440935 -0.9995352 -0.01826721 3.38188e-6 -0.9999029 -0.0139417 0.05522382 -0.9697961 -0.2375839 0.04770421 -0.980483 0.1907285 4.5382e-5 -0.9799178 0.1994022 0.02530473 -0.9996317 -0.009812176 0.07276332 -0.9158463 0.3948811 9.48167e-6 -0.9128189 0.4083646 0.005852758 -0.9797128 0.2003211 0.09109008 -0.8108988 0.5780535 1.15455e-5 -0.8040807 0.5945202 0 -0.9128198 0.4083627 0.09946829 -0.6827077 0.7238897 1.23969e-5 -0.6719892 0.740561 0 -0.8040984 0.5944963 0.09734445 -0.5463452 0.831884 1.20559e-5 -0.5329828 0.8461262 0 -0.6719986 0.7405525 0.09523278 -0.3957216 0.9134195 1.16922e-5 -0.3802203 0.924896 0 -0.5329924 0.8461202 0.04703867 -0.2553932 0.9656924 5.44166e-5 -0.2490121 0.9685004 0 -0.3801978 0.9249053 0.02151745 -0.2112292 0.9771997 3.52122e-6 -0.2081468 0.9780977 0 -0.2490253 0.9684971 0.008632063 -0.2725946 0.9620903 1.32807e-6 -0.271283 0.9624997 0 -0.2081404 0.9780991 -0.01665109 -0.4482076 0.8937745 0 -0.4574115 0.8892552 0 -0.2713041 0.9624938 -0.01967543 -0.7193173 0.694403 0 -0.7282867 0.6852726 0 -0.4574018 0.8892602 -0.04416084 -0.9251501 0.3770241 0 -0.9364156 0.350893 0 -0.7282887 0.6852705 -0.136703 -0.9897772 0.04066401 0 -0.9991489 -0.04124939 -0.2743167 -0.898741 -0.3420747 0 -0.8735183 -0.4867913 0 -0.9991472 -0.04128956 -0.2789988 -0.690042 -0.6678337 0 -0.6038034 -0.7971333 0 -0.8735046 -0.4868161 -0.2369472 -0.5246717 -0.8176649 0 -0.3870649 -0.9220525 1.77681e-4 -0.6036989 -0.7972125 -0.205796 -0.3348758 -0.9195141 0 -0.2003636 -0.9797216 0.005073785 -0.3875871 -0.9218192 -0.1062159 -0.05550485 -0.9927927 0 -0.004666268 -0.9999892 0 -0.2003752 -0.9797192 0.007064998 0.3272933 -0.9448965 1.07853e-6 0.3262301 -0.9452905 0 0.1715847 -0.9851694 0.01766425 0.4768517 -0.8788063 2.77857e-6 0.4745135 -0.8802483 0 0.3262015 -0.9453004 0.0500437 0.554172 -0.8308966 8.00702e-6 0.5485734 -0.8361024 0 0.4745163 -0.8802468 0.04172378 -0.2415425 0.9694929 9.09525e-6 -0.237338 0.9714272 0 -0.3087523 0.9511426 0.03976398 -0.1125323 0.9928522 6.05465e-6 -0.1063067 0.9943334 0.002401471 -0.2368618 0.9715405 -1 2.12322e-5 0 -1 9.41088e-6 0 -1 3.8803e-6 0 -1 1.64202e-5 0 -1 1.86147e-5 0 -1 1.1312e-5 0 -1 2.31799e-6 0 -1 -8.91933e-6 0 -1 -2.01031e-5 0 -1 -7.41488e-6 0 -1 -1.01144e-5 0 -1 -3.41269e-6 0 -1 3.72179e-6 0 -1 -1.68486e-5 0 -1 -1.64925e-5 0 -1 6.32719e-6 0 1 -1.01937e-5 0 1 4.4218e-6 0 1 2.0081e-6 0 1 -6.55617e-6 0 1 -1.65932e-6 0 1 3.77507e-6 0 1 -9.71364e-6 0 1 1.12165e-5 0 1 2.48108e-5 0 1 -1.97555e-5 0 1 6.01714e-6 0 1 -3.82205e-6 0 1 6.48921e-6 0 1 -6.40623e-6 0 1 9.56974e-6 0 1 -1.67749e-5 0 1 -6.54599e-6 0 1 -5.71481e-6 0 1 2.31233e-6 0 0.0297048 -0.009254992 0.9995159 4.72128e-6 -0.004709839 0.9999889 0.02135562 -0.1489073 0.9886206 0.01507949 0.1385781 0.9902368 2.43329e-6 0.1408521 0.9900307 0.04094725 0.004550457 0.9991511 -0.03193128 0.2801156 0.9594352 0 0.264116 0.964491 0.06419688 0.1533123 0.9860903 -0.07235777 0.3768568 0.9234411 0 0.3407233 0.9401636 0.06083077 0.2745935 0.9596344 -0.116499 0.4294762 0.8955324 0 0.3710415 0.9286164 0.05716043 0.349555 0.9351707 -0.2086257 -0.631902 -0.7464417 0 -0.5426957 -0.8399295 0.05179011 -0.6003849 -0.7980325 -0.2085849 -0.4951083 -0.8434216 0 -0.4074006 -0.9132496 0.03743648 -0.5485067 -0.8353078 -0.1075612 -0.06042861 -0.9923604 0 -0.01229357 -0.9999245 0 -0.2174448 -0.9760726 -0.04834246 0.145167 -0.9882255 0 0.1747658 -0.98461 0 -0.01225 -0.999925 0.002049565 0.3558627 -0.9345361 2.72517e-7 0.3555074 -0.9346736 0.01637256 0.5412676 -0.840691 2.20455e-6 0.538816 -0.8424236 0 0.3554753 -0.9346857 0.02378481 0.7089278 -0.7048799 3.28136e-6 0.7061323 -0.70808 0 0.5388025 -0.8424322 0.01981461 0.8398531 -0.5424522 2.8723e-6 0.8381938 -0.5453724 0 0.7061458 -0.7080665 0.007630348 0.9325534 -0.3609516 1.16095e-6 0.9321364 -0.3621076 0 0.838182 -0.5453909 -0.01403421 0.983936 -0.1779699 0 0.9852106 -0.1713483 0 0.9321399 -0.3620986 -0.03960788 0.9990558 -0.01785475 0 0.9999999 -5.62496e-4 0 0.9852133 -0.1713327 -0.08196979 0.9886357 0.1260175 0 0.9866618 0.1627836 0 0.9999999 -5.81821e-4 -0.1311267 0.9512725 0.2790815 0 0.940131 0.3408132 0 0.9866626 0.1627791 -0.1853102 0.8806634 0.4359957 0 0.8504936 0.5259855 0.009823441 0.9407889 0.3388506 -0.2301972 0.7733333 0.5907325 0 0.712473 0.7016995 0.01920986 0.8522628 0.5227612 -0.2401086 0.6338772 0.7352195 0 0.5425915 0.8399968 0.02079755 0.7148814 0.6989365 -0.2211213 0.4696949 0.8546884 0 0.3622555 0.9320789 0.01630967 0.544817 0.8383964 -0.1750788 0.2788035 0.9442542 0 0.1794343 0.98377 0.002429425 0.362608 0.9319386 -0.1199879 0.06326317 0.9907577 0 -0.009786427 0.9999521 0 0.1794083 0.9837747 -0.05061638 -0.1944134 0.979613 0 -0.217466 0.976068 0 -0.009774684 0.9999523 0.01028913 -0.4105436 0.9117829 1.61877e-6 -0.4091068 0.9124866 0 -0.2174711 0.9760668 0.03242582 -0.5438271 0.8385707 4.91494e-6 -0.5397276 0.8418399 0 -0.4090906 0.9124938 0.06060677 -0.5958548 0.8008021 8.16277e-6 -0.5881184 0.808775 0 -0.5397174 0.8418463 0.05981099 0.3539106 -0.9333648 8.66321e-6 0.3451803 -0.9385364 0 0.3855599 -0.9226828 0.05923205 0.2568383 -0.9646376 8.34324e-6 0.2474105 -0.9689108 0 0.3451995 -0.9385293 0.0441792 0.1348223 -0.9898844 6.64932e-6 0.1278817 -0.9917895 0 0.2474469 -0.9689015 0.02947884 -8.95694e-4 -0.999565 4.68937e-6 -0.005406975 -0.9999854 0.01495325 0.1245869 -0.992096 0.01618385 -0.1598964 -0.9870012 2.6071e-6 -0.1623368 -0.9867354 0.04426634 -0.01539319 -0.9989012 -0.00145781 -0.3398356 -0.9404838 0 -0.3391499 -0.9407324 0.07639038 -0.1779461 -0.9810707 -0.0380392 -0.534585 -0.8442582 0 -0.5187786 -0.8549087 0.1014544 -0.3573738 -0.9284347 -0.05292659 -0.7035749 -0.7086474 0 -0.6860005 -0.7276011 0.1171491 -0.5366631 -0.8356249 -0.04484039 -0.8360874 -0.5467609 0 -0.825389 -0.5645646 0.1221517 -0.7010301 -0.7025921 -0.01698344 -0.9299896 -0.3671933 0 -0.9273226 -0.3742631 0.1113222 -0.8351706 -0.538607 0.004617691 -0.9841353 -0.1773598 8.51859e-7 -0.9842534 -0.1767631 0.09344685 -0.9321694 -0.349754 0.01374334 -0.9999052 -9.35644e-4 2.758e-6 -0.9999998 7.21287e-4 0.06459277 -0.9853237 -0.1580031 0.0283187 -0.9843234 0.1740849 5.73193e-6 -0.9841265 0.1774688 0.03097826 -0.9994718 0.009825289 0.04686307 -0.9294465 0.3659688 6.19096e-5 -0.9282712 0.3719041 0.008654594 -0.9836568 0.1798461 0.06571137 -0.8280659 0.5567665 1.15411e-5 -0.8248847 0.5653011 0 -0.9282752 0.3718941 0.07989275 -0.6830523 0.7259868 1.32132e-5 -0.6769202 0.7360565 0 -0.8248767 0.5653128 0.08296769 -0.5105487 0.8558366 1.31647e-5 -0.5016844 0.8650507 0 -0.6769181 0.7360584 0.07257139 -0.331714 0.9405845 1.1301e-5 -0.3220913 0.9467087 0 -0.5016794 0.8650537 0.05308276 -0.1615229 0.9854404 8.27782e-6 -0.1536373 0.9881274 0 -0.3225366 0.9465571 -1 2.353e-5 0 -1 1.29487e-5 0 -1 -4.78487e-6 0 -1 -1.4678e-5 0 -1 3.64145e-6 0 -1 -2.61627e-6 0 -1 6.55617e-6 0 -1 -9.83497e-6 0 -1 -2.24332e-5 0 -1 -2.40685e-5 0 -1 1.0088e-5 0 -1 -1.10045e-5 0 -1 -3.6441e-6 0 -1 1.51044e-5 0 -0.0104565 -0.9281778 -0.3719903 0 -0.9280362 -0.3724901 0.08768695 -0.9407978 -0.3274302 -0.03444075 0.9343854 0.3545953 0 0.932815 0.360356 0.07469201 0.9413346 0.3291054 -0.02129334 0.9327727 0.3598356 0.08103573 0.9426354 0.3238388 0.00715959 -0.9317156 0.3631182 4.92632e-6 -0.9316496 0.3633581 0 -0.9316494 0.3633587 0.003485381 0.9280516 -0.3724355 5.04021e-6 0.928036 -0.3724908 0 0.9280359 -0.3724909 0.01167815 -0.9329907 0.3597109 4.8876e-6 -0.9328148 0.3603561 0 -0.9328149 0.3603559 1 -7.87965e-6 0 1 -1.9871e-6 0 1 1.19139e-5 0 1 -1.48814e-5 0 -0.02181965 -0.88948 -0.4564529 0 -0.8888334 -0.4582305 0.101786 -0.9063318 -0.4101247 0.007443189 0.8821124 -0.4709804 6.20228e-6 0.8820371 -0.4711802 0 0.8820374 -0.4711797 0.007006824 -0.8854575 0.4646674 6.1296e-6 -0.8853911 0.464847 0 -0.8853909 0.4648472 -0.02104538 0.8845129 0.4660409 0 0.8839083 0.4676603 0.1040036 0.9023398 0.4182896 -1 6.88166e-6 0 -1 3.72035e-6 0 0.01277941 0.01390641 -0.9998217 -0.02611988 -0.02335065 0.9993861 0.01120376 0.02071237 -0.9997227 1.66454e-6 0.01886469 -0.9998221 0.012281 0.08329278 -0.9964494 -0.02973413 -0.03576111 -0.9989179 0 -0.01883667 -0.9998226 0 -0.09000021 -0.9959418 0.007678508 0.02706801 0.9996041 1.34409e-6 0.02813607 0.9996041 0.01507169 0.1280947 0.9916475 2.43787e-6 0.1303639 0.9914663 0.0222904 0.03320074 0.9992002 -0.0997188 -0.1517475 -0.9833763 0 -0.09000873 -0.9959411 0 -0.2306983 -0.9730253 0.003740668 0.2942492 0.9557215 5.56474e-7 0.2948408 0.9555464 0.05988448 0.1418057 0.9880816 -0.1950293 -0.3488948 -0.916644 0 -0.2307358 -0.9730165 0 -0.4313743 -0.9021732 -0.03623884 0.4888671 0.8716053 0 0.4714353 0.8819007 0.08348661 0.3081897 0.9476546 -0.2679653 -0.5644789 -0.7807422 0 -0.4314073 -0.9021574 0.01366162 -0.6348186 -0.7725405 -0.2669367 -0.7379744 -0.6197893 0 -0.6334862 -0.7737541 0.01436871 -0.7922605 -0.6100139 -0.2358067 -0.8565566 -0.4590273 0 -0.7913145 -0.6114094 0 -0.9320254 -0.3623931 -0.05364495 0.662403 0.7472246 0 0.6409097 0.7676163 0.09693181 0.4847334 0.8692743 -0.1816591 -0.9436324 -0.2766908 0 -0.9320198 -0.3624073 0 -0.9991778 -0.0405429 -0.1062818 -0.9939739 0.02683609 0 -0.9991781 -0.04053527 0 -0.9718285 0.2356891 0.0353257 0.09190499 -0.995141 4.91039e-6 0.08575534 -0.9963163 0.004220902 0.1992164 -0.9799464 -0.02466332 -0.446329 0.894529 0 -0.4582841 0.8888059 0 -0.1952723 0.9807491 0.0134887 -0.6991876 0.714811 1.63479e-6 -0.697269 0.7168096 0 -0.4583057 0.8887947 0.006226062 -0.8721191 0.489254 7.60272e-7 -0.8715148 0.4903692 0 -0.6972917 0.7167875 -0.02291882 -0.9678519 0.2504745 0 -0.9718208 0.235721 0 -0.8715198 0.4903604 0.06098651 0.2104696 -0.9756962 8.14473e-6 0.1999631 -0.9798035 0 0.343822 -0.9390349 0.08250886 0.3566744 -0.9305782 1.09223e-5 0.3438013 -0.9390425 0 0.5072798 -0.8617815 0.09194195 0.5184558 -0.8501473 1.28828e-5 0.5072575 -0.8617945 0 0.6827779 -0.7306261 0.09512364 0.6911213 -0.7164517 1.351e-5 0.6827549 -0.7306476 0 0.8496304 -0.5273789 -0.0555377 0.809508 0.5844762 0 0.7907165 0.6121826 0.08770745 0.6489535 0.7557558 -0.03065592 0.9109527 0.4113703 0 0.9038808 0.4277845 0.0839715 0.796479 0.5988072 0.08274441 0.8536585 -0.5142185 1.21955e-5 0.8496202 -0.5273952 0.01145005 0.9638993 -0.266021 0.006055355 0.97535 0.2205806 8.56442e-7 0.9755997 0.219557 0.0705626 0.906916 0.4153608 0.05495232 0.9652863 -0.2553483 6.05496e-5 0.9645535 -0.2638878 0.03285384 0.9993687 -0.01352792 0.02766686 0.9996159 -0.00168091 3.96411e-6 0.9999794 -0.00641483 0.05178922 0.9763302 0.2099936 -0.07397168 -0.1612839 0.9841321 0 -0.195281 0.9807474 0 -0.03503239 0.9993863 0.01865845 0.02002358 -0.9996255 -0.02367919 -0.02529996 0.9993994 0.01169788 0.02873992 -0.9995185 1.68343e-5 0.02736127 -0.9996257 0.03439062 0.1300612 -0.9909094 -0.05747491 -0.06763803 -0.9960531 0 -0.04102897 -0.999158 0 -0.1878556 -0.9821967 0.01194339 -0.7255263 0.6880909 8.04769e-6 -0.7252904 0.6884431 0 -0.7252911 0.6884424 -0.2056429 -0.3186449 -0.925298 0 -0.18788 -0.982192 0 -0.4106635 -0.911787 0.01090842 0.7166545 -0.6973432 8.08831e-6 0.7164553 -0.6976331 0 0.7164555 -0.6976329 -0.008106827 0.5245554 0.8513378 0 0.5213099 0.8533675 0.06327342 0.4162687 0.9070374 -0.2724431 -0.5514943 -0.7884345 0 -0.4106794 -0.9117798 0.01069813 -0.6260123 -0.7797399 -0.07814431 -0.1568059 0.984533 0 -0.195342 0.9807352 0 -0.03466343 0.9993991 0.06391316 0.1516891 -0.9863597 8.37256e-6 0.1402206 -0.9901203 6.24499e-4 0.3134963 -0.9495893 0.08365207 0.326722 -0.9414113 1.11875e-5 0.3135936 -0.9495573 0 0.4848781 -0.8745818 0.01319873 -0.701493 0.7125542 1.55988e-5 -0.6995593 0.7145746 0 -0.4591897 0.8883383 0.006744801 -0.8740463 0.4857957 7.99194e-7 -0.8733757 0.4870472 0 -0.6995691 0.714565 -0.02238935 -0.9677723 0.2508302 0 -0.9718305 0.2356809 0 -0.8733901 0.4870212 0.09305387 0.4970288 -0.8627303 1.26002e-5 0.4848907 -0.8745748 0 0.6599214 -0.7513347 -0.04092037 0.7353451 0.6764563 0 0.7227133 0.691148 0.1357378 0.5419086 0.8294036 -0.05520099 0.8738394 0.483071 0 0.856968 0.5153698 0.07395654 0.7273629 0.6822564 0.09950798 0.6694207 -0.736189 1.36373e-5 0.6599011 -0.7513526 0 0.8353701 -0.5496879 0.006892621 0.9536023 0.3009908 8.79339e-7 0.9540271 0.2997207 0.05983096 0.8596547 0.5073599 0.08910149 0.8401354 -0.535008 1.26753e-5 0.8353849 -0.5496655 0.01195615 0.9604733 -0.2781154 0.02523297 0.9994369 0.0221244 4.6096e-6 0.9998235 0.01878911 0.0930112 0.9568632 0.2752484 0.05971747 0.9620007 -0.2664366 9.07052e-6 0.9611479 -0.2760341 0.04247009 0.9990471 0.01006251 -0.2751819 -0.733895 -0.6210259 0 -0.6250242 -0.7806054 0.01129657 -0.7980127 -0.602535 -0.2418496 -0.8602437 -0.448876 0 -0.7972639 -0.6036311 0 -0.9383441 -0.3457028 -0.1681775 -0.9478267 -0.2708153 0 -0.9383445 -0.3457015 0 -0.9994414 -0.03342282 -0.1038215 -0.9939198 0.03666996 0 -0.9994407 -0.03343993 0 -0.9718273 0.2356943 -0.02544373 -0.4461041 0.8946194 0 -0.4591763 0.8883452 0 -0.1953637 0.980731 1 -7.42599e-6 0 1 -1.35511e-5 0 1 1.5705e-5 0 1 -2.63325e-5 0 1 1.21721e-5 0 1 -6.51788e-6 0 1 -9.3135e-6 0 1 -3.92403e-6 0 1 5.08813e-6 0 1 8.09236e-6 0 1 -1.78052e-5 0 1 9.41726e-6 0 1 -3.78461e-6 0 1 5.11373e-6 0 1 3.98639e-6 0 1 -1.80451e-5 0 1 8.80685e-6 0 1 1.925e-5 0 1 1.97285e-5 0 1 9.45555e-6 0 1 -7.55162e-6 0 1 -8.53311e-6 0 1 5.99039e-6 0 1 -1.37387e-5 0 0.02107071 0.002851247 0.999774 3.46412e-6 0.0059731 0.9999822 0.01763349 -0.1022404 0.9946035 0.01666438 0.1325706 0.9910335 2.49961e-6 0.1352857 0.9908066 0.03002071 0.01202756 0.9994769 0.00161904 0.2977679 0.954637 2.26716e-7 0.29804 0.9545534 0.05549645 0.1447046 0.9879174 -0.04850047 0.4840648 0.8736871 0 0.4592108 0.8883274 0.07417058 0.3087611 0.9482433 -0.05696904 0.6409882 0.7654337 0 0.6160861 0.7876789 0.08324432 0.4698653 0.8788044 -0.05321294 0.7901452 0.6106054 0 0.7712165 0.636573 0.08681577 0.6244277 0.776243 -0.03287124 0.9014077 0.4317219 0 0.893405 0.4492523 0.08637267 0.7773817 0.6230711 0.005687117 0.9712648 0.2379335 7.92329e-7 0.9715193 0.2369607 0.07095974 0.8965495 0.4372227 0.03685182 0.9992135 -0.01464051 5.09943e-6 0.9997758 -0.02117943 0.05128604 0.9722823 0.2281162 0.06802088 0.93888 -0.3374578 1.13099e-5 0.9377272 -0.3473729 0.04229104 0.9986214 -0.03109478 0.1006416 0.7472125 -0.6569207 1.57703e-5 0.7410973 -0.6713978 0.01859873 0.9361484 -0.3511131 0.09752345 0.4894428 -0.8665651 1.51636e-5 0.4789969 -0.8778166 0.004993319 0.7403649 -0.6721867 0.05748611 0.2893092 -0.955508 6.64725e-5 0.2817684 -0.9594826 0.006383776 0.4776606 -0.8785213 0.02547913 0.213558 -0.9765982 4.30863e-6 0.2100506 -0.9776906 0 0.2817749 -0.9594806 0.006750345 0.2630208 -0.9647666 8.09015e-6 0.2620967 -0.9650416 0 0.2100705 -0.9776863 -0.007743477 0.4333213 -0.9012063 0 0.4376212 -0.8991594 0 0.2621257 -0.9650338 -0.01633828 0.6915498 -0.7221441 0 0.6991727 -0.7149529 0 0.4376248 -0.8991577 -0.05175727 0.9109703 -0.4092119 0 0.9251286 -0.3796538 0 0.6991677 -0.7149578 -0.145287 0.9885713 -0.04023075 0 0.9990106 0.04447412 0 0.9251362 -0.3796357 -0.2914481 0.8891022 0.3529242 0 0.8592805 0.5115047 0 0.9990095 0.04449814 -0.3107283 0.6495646 0.693912 0 0.5466671 0.8373501 0 0.8592948 0.5114808 -0.2362877 0.3590622 0.9029077 0 0.2456632 0.9693552 0 0.5466472 0.8373631 -0.1158494 0.07166612 0.990678 0 0.01145476 0.9999345 0 0.2456815 0.9693507 -0.04421544 -0.1486744 0.9878972 0 0.01144039 0.9999346 0.008655071 -0.3318075 0.9433074 1.28229e-6 -0.3304676 0.9438174 0 -0.1724154 0.9850243 0.02221196 -0.4711011 0.8817995 3.25625e-6 -0.4679392 0.8837608 0 -0.3304381 0.9438276 0.0561527 -0.5411301 0.8390622 7.92577e-6 -0.5338324 0.8455904 0 -0.4679355 0.8837627 0.05782163 0.2874381 -0.9560523 8.21243e-6 0.2784409 -0.9604535 0 0.3264132 -0.9452272 0.0463159 0.1906322 -0.9805684 6.64932e-6 0.1831126 -0.983092 0 0.2784555 -0.9604492 0.03351944 0.09503871 -0.9949091 4.88077e-6 0.08948761 -0.995988 0 0.1831031 -0.9830938 0.02261233 -0.005379676 -0.9997299 3.3522e-6 -0.009115874 -0.9999585 0.01086753 0.08736926 -0.9961168 0.01498085 -0.1277349 -0.9916952 2.08559e-6 -0.1303756 -0.9914647 0.02645325 -0.01374143 -0.9995557 -4.22124e-4 -0.2767601 -0.9609391 0 -0.2765177 -0.9610089 0.04828441 -0.1380795 -0.9892435 -0.03799939 -0.4539447 -0.8902193 0 -0.433718 -0.9010488 0.0665881 -0.2861188 -0.9558777 -0.06389468 -0.617996 -0.7835806 0 -0.5888574 -0.808237 0.08113312 -0.4440207 -0.8923358 -0.05790013 -0.7602826 -0.647007 0 -0.7387113 -0.674022 0.08549582 -0.5977097 -0.797141 -0.02743905 -0.8829228 -0.4687157 0 -0.8753694 -0.4834547 0.08348935 -0.7449513 -0.6618741 0.00792694 -0.9685972 -0.2485089 1.07624e-6 -0.9689846 -0.2471213 0.07418864 -0.8786712 -0.471628 0.02448928 -0.9995331 -0.01827043 3.39333e-6 -0.999903 -0.01393103 0.05515557 -0.9698004 -0.2375818 0.04757434 -0.9804767 0.1907934 4.52546e-5 -0.9799093 0.1994442 0.02542221 -0.9996293 -0.009751021 0.07282721 -0.9158467 0.3948684 9.49064e-6 -0.9128195 0.4083633 0.00581175 -0.9797242 0.2002673 0.09102267 -0.8108933 0.5780718 8.10492e-5 -0.8040784 0.5945234 0 -0.9128192 0.408364 0.09934395 -0.6826977 0.7239162 1.23814e-5 -0.6719866 0.7405633 0 -0.8040686 0.5945368 0.0975216 -0.5463657 0.8318498 1.20782e-5 -0.5329853 0.8461245 0 -0.6719671 0.740581 0.09521007 -0.3957198 0.9134227 1.1729e-4 -0.3802225 0.9248951 0 -0.5329943 0.8461189 0.04704928 -0.2553818 0.9656949 7.74957e-6 -0.2489996 0.9685037 0 -0.3802307 0.9248917 0.02148932 -0.2112079 0.977205 3.51666e-6 -0.2081294 0.9781014 0 -0.2490084 0.9685013 0.008512496 -0.272588 0.9620933 1.30976e-6 -0.2712944 0.9624965 0 -0.2081055 0.9781064 -0.01652252 -0.4482786 0.8937413 0 -0.4574106 0.8892557 0 -0.2713033 0.9624939 -0.01945674 -0.7194157 0.6943072 0 -0.7282837 0.6852758 0 -0.4573988 0.8892617 -0.04454845 -0.9250371 0.3772558 0 -0.9364103 0.3509073 0 -0.7282787 0.6852812 -0.1367396 -0.989772 0.04066663 0 -0.9991484 -0.04126155 0 -0.9364129 0.3509003 -0.2741634 -0.8987482 -0.3421788 0 -0.8735097 -0.4868067 0 -0.9991486 -0.04125899 -0.2791344 -0.6900483 -0.6677705 0 -0.6038035 -0.7971333 0 -0.8735042 -0.4868167 -0.2371643 -0.5247723 -0.8175373 0 -0.3870728 -0.9220492 1.97457e-4 -0.603823 -0.7971185 -0.2054376 -0.3346363 -0.9196814 0 -0.2003421 -0.9797261 0.004991471 -0.3875595 -0.9218312 -0.1060962 -0.05544739 -0.9928087 0 -0.004671335 -0.9999892 0 -0.2003332 -0.9797279 -0.03782647 0.1511259 -0.9877906 0 0.1715843 -0.9851695 0 -0.004646718 -0.9999892 0.006975293 0.3272579 -0.9449094 1.06479e-6 0.3262081 -0.9452981 0 0.1715615 -0.9851735 0.01767683 0.4768643 -0.8787992 2.78086e-6 0.4745248 -0.8802422 0 0.3262149 -0.9452957 0.05001354 0.5541665 -0.830902 8.00252e-6 0.5485709 -0.836104 0 0.4745144 -0.8802478 0.04171949 -0.2415768 0.9694845 9.09527e-6 -0.2373732 0.9714186 0 -0.3087419 0.9511459 0.03980726 -0.1125507 0.9928483 6.06146e-6 -0.106319 0.9943321 0.002344429 -0.2368849 0.971535 -1 1.50916e-5 0 -1 -1.61752e-5 0 -1 2.74774e-5 0 -1 -4.2504e-6 0 -1 -4.08938e-6 0 -1 -1.56961e-5 0 -1 -3.89858e-6 0 -1 -4.44666e-6 0 -1 1.88345e-5 0 -1 -3.02769e-5 0 -1 8.05802e-6 0 -1 4.93733e-6 0 -1 -5.31519e-6 0 -1 -9.3135e-6 0 -1 1.30358e-5 0 -1 2.40602e-5 0 -1 1.52107e-5 0 -1 -1.64074e-5 0 -1 -8.19081e-6 0 -1 1.93199e-6 0 -1 1.95728e-6 0 -1 -1.93207e-5 0 -1 1.36979e-5 0 -1 3.14145e-6 0 -1 6.5252e-6 0 1 -6.51661e-6 0 1 -9.31012e-6 0 1 -1.7805e-5 0 1 9.41735e-6 0 1 5.11321e-6 0 1 9.45573e-6 0 1 -7.55139e-6 0 1 -8.53308e-6 0 1 5.99054e-6 0 0.02107071 0.002850472 0.999774 3.46412e-6 0.005972325 0.9999822 0.01763349 -0.1022412 0.9946034 0.01666444 0.1325706 0.9910335 2.49961e-6 0.1352857 0.9908066 0.03002053 0.01202744 0.9994769 -0.04850041 0.4840646 0.8736872 0 0.4592107 0.8883274 0.07417094 0.3087618 0.948243 -0.05696928 0.6410058 0.765419 0 0.6161038 0.7876649 0.08324342 0.4698878 0.8787924 -0.053213 0.7901453 0.6106053 0 0.7712166 0.6365729 0.08681565 0.6244266 0.7762439 -0.03287118 0.9014009 0.4317361 0 0.8933979 0.4492663 0.0863732 0.7773715 0.6230837 0.005687117 0.9712648 0.2379335 7.92326e-7 0.9715193 0.2369607 0.07095992 0.8965491 0.4372236 0.03685176 0.9992138 -0.01462334 5.09942e-6 0.9997761 -0.02116209 0.0512703 0.9722893 0.2280894 0.0680207 0.93888 -0.3374575 7.94399e-5 0.9377273 -0.3473724 0.04229122 0.9986214 -0.03109443 0.1006417 0.7472205 -0.6569116 1.57703e-5 0.7411056 -0.6713886 0.01859873 0.9361526 -0.3511018 0.09752321 0.4894342 -0.86657 1.51636e-5 0.4789881 -0.8778215 0.005012989 0.7403877 -0.6721615 0.05748635 0.2893146 -0.9555065 9.46368e-6 0.2817737 -0.9594809 0.006383717 0.4776654 -0.8785187 0.02547901 0.213558 -0.9765982 4.30862e-6 0.2100507 -0.9776906 0 0.2817749 -0.9594806 -0.05175739 0.9109703 -0.4092119 0 0.9251288 -0.3796536 0 0.699169 -0.7149565 -0.1452878 0.9885698 -0.04026436 0 0.9990121 0.04444152 0 0.9251247 -0.3796635 -0.2914485 0.8891074 0.3529106 0 0.8592879 0.5114923 0 0.9990102 0.04448336 -0.04421526 -0.1486764 0.9878969 0 -0.1724018 0.9850267 0 0.01143878 0.9999347 0.02222758 -0.4710749 0.8818131 2.28877e-5 -0.467911 0.8837756 0 -0.330452 0.9438229 0.03351956 0.09504169 -0.9949088 4.89709e-5 0.08949053 -0.9959878 0 0.183106 -0.9830932 0.02261227 -0.005379736 -0.9997299 3.3522e-6 -0.009115874 -0.9999585 0.01086765 0.0873692 -0.9961168 -0.03799951 -0.4539526 -0.8902153 0 -0.4337258 -0.901045 0.0665875 -0.2861272 -0.9558753 -0.06389451 -0.6179779 -0.7835948 0 -0.5888391 -0.8082503 0.08113396 -0.4439976 -0.8923472 -0.05790024 -0.7602916 -0.6469963 0 -0.7387205 -0.6740119 0.08549529 -0.5977222 -0.7971315 -0.02743905 -0.8829228 -0.4687159 0 -0.8753693 -0.4834547 0.08348935 -0.744952 -0.6618732 0.00792694 -0.9685972 -0.2485089 1.07624e-6 -0.9689846 -0.2471213 0.07418882 -0.8786706 -0.471629 0.02448928 -0.9995329 -0.01828753 3.39332e-6 -0.9999028 -0.0139482 0.05515581 -0.9697962 -0.2375987 0.04755747 -0.9804862 0.1907492 6.4406e-6 -0.9799189 0.1993968 0.02543771 -0.9996285 -0.009796857 0.09104007 -0.8108903 0.5780733 1.15411e-5 -0.8040755 0.5945273 0 -0.9128162 0.4083707 0.09520983 -0.3957059 0.9134286 1.169e-5 -0.3802084 0.9249009 0 -0.5329819 0.8461266 0.04704916 -0.2553912 0.9656924 7.74954e-6 -0.2490093 0.9685012 0 -0.3802394 0.9248881 0.02148926 -0.2112146 0.9772035 3.51665e-6 -0.2081361 0.9780999 0 -0.2490148 0.9684997 0.008512556 -0.2725919 0.9620922 1.30976e-6 -0.2712983 0.9624954 0 -0.2081094 0.9781057 -0.01945674 -0.7194049 0.6943184 0 -0.7282731 0.6852871 0 -0.4573857 0.8892684 -0.1367399 -0.989772 0.04066658 0 -0.9991484 -0.04126214 0 -0.9364133 0.3508991 -0.2791741 -0.6900393 -0.6677632 0 -0.6037846 -0.7971476 0 -0.8735165 -0.4867946 -0.03782647 0.1511241 -0.9877909 0 0.1715824 -0.9851698 0 -0.004648506 -0.9999893 0.006975233 0.3272489 -0.9449125 1.0648e-6 0.3261991 -0.9453012 0 0.1715527 -0.985175 0.05001366 0.5541737 -0.8308973 8.00251e-6 0.5485782 -0.8360993 0 0.4745215 -0.8802438 0.04170387 -0.2415449 0.9694932 9.09301e-6 -0.2373433 0.9714259 0 -0.3087123 0.9511555 0.03980731 -0.1125442 0.9928491 6.06147e-6 -0.1063123 0.9943328 0.002344429 -0.2368786 0.9715364 -1 -4.25054e-6 0 -1 1.88347e-5 0 -1 -9.31012e-6 0 -1 1.30332e-5 0 -1 1.93193e-6 0 -1 1.36981e-5 0 1 3.88954e-6 0 1 -7.38847e-6 0 -0.01060003 0.9256168 0.3783137 0 0.9254709 0.3788188 0.08904027 0.9386688 0.3331258 -0.01246398 -0.9296956 -0.3681179 0 -0.9294946 -0.3688359 0.08610278 -0.9416934 -0.3252692 0.004158318 0.9295169 -0.3687564 4.99466e-6 0.9294945 -0.368836 0 0.9294946 -0.3688358 0.003534853 -0.9254784 0.3787841 5.1199e-6 -0.9254623 0.3788402 2.07685e-7 -0.9254622 0.3788402 -1 -7.77907e-6 0 1 -7.42601e-6 0 1 -1.35511e-5 0 0 -0.5935209 -0.8048187 0 -0.5935101 -0.8048266 0 0.5935129 0.8048245 0 0.5935322 0.8048103 1 -2.98876e-6 0 0 -0.884571 0.4664056 0 0.887158 -0.461466 0 -0.8845291 0.4664853 0 1 1.45753e-6 -1 1.62271e-6 0 -1 -2.27174e-6 0 -1 6.07771e-7 0 0 0.8845304 -0.4664826 0 -0.639362 -0.768906 4.5706e-5 -0.639363 -0.7689052 0 -0.5720854 -0.8201941 -4.48544e-5 -0.5720843 -0.8201949 0 -0.5986948 -0.8009774 -6.1168e-6 -0.5617777 -0.8272882 0 -0.5622158 -0.8269906 0.01198428 -0.5720378 -0.8201397 -0.01198303 -0.6393161 -0.7688508 1.8012e-6 -0.6296907 -0.7768461 0.01198428 -0.6393161 -0.7688508 -0.01251155 -0.6393119 -0.7688457 0 -0.6296907 -0.7768461 0.01198297 -0.6393221 -0.7688458 1 -2.81216e-4 -1.44033e-5 1 -2.81675e-4 0 1 -2.80247e-4 3.96862e-5 -1 -5.10854e-6 -3.52507e-5 -1 -7.75431e-6 -1.20432e-7 -1 -5.91861e-6 6.64066e-5 -0.948918 -0.315523 0 -0.9489167 -0.315527 2.74114e-6 -0.9489079 -0.3155534 -2.82293e-6 -0.9489221 -0.3155108 0 -0.9489073 -0.3155552 0 1 9.27633e-7 0</float_array>
          <technique_common>
            <accessor source="#Tòa_bò_sữa-mesh-normals-array" count="4723" stride="3">
              <param name="X" type="float"/>
              <param name="Y" type="float"/>
              <param name="Z" type="float"/>
            </accessor>
          </technique_common>
        </source>
        <source id="Tòa_bò_sữa-mesh-map-0">
          <float_array id="Tòa_bò_sữa-mesh-map-0-array" count="37128">-6.65354 30.5512 0 0 0 30.5512 0 0 -6.65354 134.428 -6.65354 0 0 0 -30.5512 134.428 -30.5512 0 6.65354 0 0 134.428 0 0 30.5512 0 0 134.428 0 0 0 30.5512 6.65354 0 6.65354 30.5512 -6.65354 30.5512 0 0 0 30.5512 0 0 -6.65354 134.428 -6.65354 0 0 0 -30.5512 134.428 -30.5512 0 6.65354 0 0 134.428 0 0 30.5512 0 0 134.428 0 0 0 30.5512 6.65354 0 6.65354 30.5512 659.055 0 0 40.315 0 0 -292.835 0 0 659.055 -292.835 659.055 292.835 0 50.285 24.0551 42.411 20.4724 66.033 659.055 292.835 0 292.835 659.055 -50.285 24.0551 -58.159 28.2677 -292.835 0 0 0 -659.055 3.93701 -659.055 0 0 659.055 10.9149 0 10.9149 659.055 0 3.93701 -659.055 9.84252 -659.055 3.93701 10.9149 659.055 18.7889 0 18.7889 659.055 0 15.0394 -659.055 9.84252 0 9.84252 18.7889 659.055 26.6629 0 26.6629 659.055 0 18.0709 -659.055 15.0394 0 15.0394 26.6629 659.055 34.5369 0 34.5369 659.055 -659.055 20.4724 0 18.0709 0 20.4724 34.5369 659.055 42.411 0 42.411 659.055 0 20.4724 -659.055 24.0551 -659.055 20.4724 42.411 659.055 50.285 0 50.285 659.055 -659.055 24.0551 0 28.2677 -659.055 28.2677 50.285 659.055 58.159 0 58.159 659.055 -659.055 28.2677 0 32.874 -659.055 32.874 58.159 659.055 66.033 0 66.033 659.055 -659.055 32.874 0 40.315 -659.055 40.315 -22.3622 10.9843 -3.34646 51.7717 -22.3622 51.7717 51.7717 134.428 10.9843 0 51.7717 0 -3.34646 146.614 -12.7953 146.614 -12.7953 134.428 -10.9843 134.428 130.433 146.614 -51.7717 146.614 12.7953 134.428 3.34646 0 22.3622 0 22.3622 10.9843 12.7953 51.7717 12.7953 10.9843 -130.433 146.614 -111.024 134.428 10.9843 134.428 12.7953 51.7717 3.34646 -130.433 12.7953 -130.433 3.34646 165.506 12.7953 188.424 3.34646 188.424 -12.7953 10.9843 -3.34646 -111.024 -3.34646 10.9843 -558.235 242.087 -581.258 285.306 -584.071 287.426 -536.718 273.288 -533.551 275.289 -551.089 294.498 -496.092 268.937 -504.82 261.402 -468.456 252.233 0 271.094 0 227.666 176.644 659.055 659.055 110.236 0 330.394 0 110.236 659.055 0 0 110.236 0 0 -9.56693 449.307 -8.976381 449.307 -8.976381 615.478 176.644 0 8.976381 110.236 8.976381 0 176.644 110.236 0 236.282 8.976381 134.428 0 236.282 -12.0856 293.325 -13.4172 289.333 -18.9057 320.784 -9.9838 326.633 -48.0111 330.394 -26.3353 253.548 -27.9336 256.153 -27.7004 255.631 -27.9735 270.017 -26.6884 272.15 -35.3726 272.734 -97.9229 282.922 -95.5858 274.565 -56.536 320.39 -57.723 330.394 -111.199 330.394 -97.9229 282.922 -97.9229 282.922 -114.68 330.394 -100.726 279.612 -95.5858 274.565 -100.726 279.612 -98.4244 271.234 -95.527 260.69 -95.5858 274.565 -98.4244 271.234 -94.4142 256.64 -91.4112 259.639 -95.527 260.69 -87.8926 232.907 -77.6231 195.534 -90.27571 255.578 0 293.929 0 299.454 -9.56693 273.526 -561.784 147.613 -561.28 137.707 -550.134 134.428 -535.534 164.227 -558.214 200.318 -558.309 200.153 -524.424 141.691 -524.516 137.665 -523.173 134.428 -487.825 175.088 -491.416 160.784 -478.498 193.141 -432.413 231.874 -414.599 229.728 -429.913 237.542 -376.682 159.003 -393.905 162.441 -494.404 134.428 -439.404 167.678 -446.427 166.456 -439.253 166.414 -446.549 167.624 -446.432 166.734 -439.404 167.678 -433.684 217.216 -426.207 182.881 -421.622 183.485 -476.806 162.154 -474.478 164.501 -479.47 166.81 -474.478 164.501 -460.477 165.831 -464.652 166.698 -449.848 167.321 -464.652 166.698 -454.171 166.111 -446.459 166.454 -446.432 166.734 -449.533 166.318 -451.981 165.989 -449.533 166.318 -454.171 166.111 -436.92 168.509 -427.369 171.704 -436.964 174.627 -427.369 171.704 -435.092 168.677 -420.422 170.763 -405.873 173.574 -405.846 173.579 -405.847 173.58 -405.873 173.574 -405.84 173.564 -405.846 173.579 -439.253 166.414 -432.364 166.373 -436.92 168.509 -363.081 155.423 -359.863 158.42 -360.122 160.263 -396.04 175.245 -405.847 173.58 -405.846 173.579 -396.04 175.245 -391.482 177.103 -405.847 173.58 -386.094 175.979 -391.482 177.103 -396.04 175.245 -386.094 175.979 -377.283 181.342 -391.482 177.103 -376.122 175.769 -377.283 181.342 -386.094 175.979 -375.691 178.731 -377.283 181.342 -376.122 175.769 -375.691 178.731 -363.312 186.279 -377.283 181.342 -362.245 183.483 -363.312 186.279 -375.691 178.731 -362.245 183.483 -349.603 191.903 -363.312 186.279 -348.399 189.163 -349.603 191.903 -362.245 183.483 -348.399 189.163 -336.19 198.201 -349.603 191.903 -334.851 195.524 -336.19 198.201 -348.399 189.163 -334.851 195.524 -323.105 205.155 -336.19 198.201 -321.636 202.548 -323.105 205.155 -334.851 195.524 -311.338 208.695 -323.105 205.155 -321.636 202.548 -311.338 208.695 -310.382 212.75 -323.105 205.155 -305.616 199.759 -310.382 212.75 -311.338 208.695 -305.616 199.759 -302.957 201.155 -310.382 212.75 -300.49 187.538 -302.957 201.155 -305.616 199.759 -300.49 187.538 -297.631 188.457 -302.957 201.155 -297.536 174.619 -297.631 188.457 -300.49 187.538 -296.841 161.385 -297.631 188.457 -297.536 174.619 -295.486 147.614 -297.631 188.457 -296.841 161.385 -295.486 147.614 -294.561 175.035 -297.631 188.457 -294.561 175.035 -295.486 147.614 -293.839 161.284 -295.486 147.614 -291.77 161.214 -293.839 161.284 -295.486 147.614 -277.294 200.917 -291.77 161.214 -299.454 134.428 -277.294 200.917 -295.486 147.614 -299.454 134.428 -263.029 239.857 -277.294 200.917 -263.029 239.857 -299.454 134.428 -260.35 241.174 -293.929 134.428 -260.35 241.174 -299.454 134.428 -293.929 134.428 -266.827 196.869 -265.911 203.829 -243.954 217.63 -241.501 223.553 -246.897 222.843 -217.61 182.173 -209.334 183.01 -225.265 219.215 -219.107 176.039 -217.61 182.173 -220.923 177.855 -219.107 176.039 -216.65 182.046 -217.61 182.173 -216.448 179.504 -216.65 182.046 -219.107 176.039 -216.448 179.504 -209.334 183.01 -216.65 182.046 -208.669 180.528 -209.334 183.01 -216.448 179.504 -208.669 180.528 -202.516 185.834 -209.334 183.01 -201.232 183.609 -202.516 185.834 -208.669 180.528 -201.232 183.609 -196.662 190.326 -202.516 185.834 -194.845 188.509 -196.662 190.326 -201.232 183.609 -194.845 188.509 -192.169 196.18 -196.662 190.326 -189.945 194.896 -192.169 196.18 -194.845 188.509 -189.945 194.896 -189.345 202.998 -192.169 196.18 -189.945 194.896 -188.382 210.314 -189.345 202.998 -189.945 194.896 -186.864 218.295 -188.382 210.314 -186.864 202.333 -186.864 218.295 -189.945 194.896 -186.864 218.295 -186.864 202.333 -185.813 210.314 -194.845 188.509 -201.232 183.609 -193.379 174.946 -175.58 244.53 -175.976 261.193 -176.7 252.596 -175.089 236.402 -175.976 261.193 -175.58 244.53 -175.089 236.402 -174.191 253.044 -175.976 261.193 -174.911 211.595 -174.191 253.044 -175.089 236.402 -173.477 219.813 -174.191 253.044 -174.911 211.595 -173.477 219.813 -173.043 244.782 -174.191 253.044 -172.686 228.116 -173.043 244.782 -173.477 219.813 -173.043 244.782 -172.686 228.116 -172.541 236.456 -172.686 228.116 -169.941 218.179 -172.541 236.456 -173.477 219.813 -169.941 218.179 -172.686 228.116 -174.911 211.595 -169.941 218.179 -173.477 219.813 -176.978 203.514 -169.941 218.179 -174.911 211.595 -179.666 195.618 -169.941 218.179 -176.978 203.514 -182.959 187.954 -169.941 218.179 -179.666 195.618 -182.959 187.954 -169.82 214.128 -169.941 218.179 -182.959 187.954 -169.078 210.143 -169.82 214.128 -186.837 180.569 -169.078 210.143 -182.959 187.954 -186.837 180.569 -167.733 206.319 -169.078 210.143 -191.276 173.507 -167.733 206.319 -186.837 180.569 -191.276 173.507 -165.818 202.746 -167.733 206.319 -165.818 202.746 -191.276 173.507 -196.249 166.81 -191.276 173.507 -193.379 174.946 -196.249 166.81 -191.276 173.507 -189.046 181.84 -193.379 174.946 -186.837 180.569 -189.046 181.84 -191.276 173.507 -186.837 180.569 -185.26 189.05 -189.046 181.84 -182.959 187.954 -185.26 189.05 -186.837 180.569 -182.959 187.954 -182.046 196.532 -185.26 189.05 -179.666 195.618 -182.046 196.532 -182.959 187.954 -179.666 195.618 -179.421 204.241 -182.046 196.532 -179.666 195.618 -177.403 212.131 -179.421 204.241 -176.978 203.514 -177.403 212.131 -179.666 195.618 -176.978 203.514 -176.004 220.153 -177.403 212.131 -176.978 203.514 -175.231 228.259 -176.004 220.153 -174.911 211.595 -175.231 228.259 -176.978 203.514 -175.231 228.259 -174.911 211.595 -175.089 236.402 -196.249 166.81 -193.379 174.946 -198.245 168.394 -196.249 166.81 -198.245 168.394 -223.671 134.428 -223.671 134.428 -198.245 168.394 -224.852 136.975 -223.671 134.428 -224.852 136.975 -258.8 134.428 -258.8 134.428 -224.852 136.975 -255.897 136.975 -258.8 134.428 -255.897 136.975 -257.093 147.45 -254.582 147.016 -257.093 147.45 -255.897 136.975 -254.582 147.016 -254.332 160.289 -257.093 147.45 -251.864 159.652 -254.332 160.289 -254.582 147.016 -251.864 159.652 -250.657 172.453 -254.332 160.289 -249.033 169.024 -250.657 172.453 -251.864 159.652 -247.562 168.414 -250.657 172.453 -249.033 169.024 -247.562 168.414 -246.897 170.896 -250.657 172.453 -239.937 167.411 -246.897 170.896 -247.562 168.414 -239.937 167.411 -239.937 169.979 -246.897 170.896 -239.937 167.411 -232.978 170.896 -239.937 169.979 -232.313 168.414 -232.978 170.896 -239.937 167.411 -232.313 168.414 -226.492 173.582 -232.978 170.896 -225.208 171.357 -226.492 173.582 -232.313 168.414 -225.208 171.357 -220.923 177.855 -226.492 173.582 -219.107 176.039 -220.923 177.855 -225.208 171.357 -115.579 262.072 -165.818 202.746 -130.186 233.963 -215.005 134.428 -168.295 172.626 -167.084 179.029 -162.785 134.428 -163.017 153.891 -165.196 140.482 -162.785 134.428 -161.878 147.983 -163.017 153.891 -162.785 134.428 -160.188 142.209 -161.878 147.983 -162.785 134.428 -159.272 139.91 -160.188 142.209 -162.785 134.428 -154.025 140.182 -159.272 139.91 -153.476 134.912 -154.025 140.182 -162.785 134.428 -153.476 134.912 -145.359 141.542 -154.025 140.182 -144.268 136.356 -145.359 141.542 -153.476 134.912 -144.268 136.356 -136.881 143.791 -145.359 141.542 -135.258 138.746 -136.881 143.791 -144.268 136.356 -135.258 138.746 -128.681 146.906 -136.881 143.791 -126.545 142.057 -128.681 146.906 -135.258 138.746 -126.545 142.057 -120.848 150.853 -128.681 146.906 -118.221 146.251 -120.848 150.853 -126.545 142.057 -118.221 146.251 -113.466 155.591 -120.848 150.853 -110.376 151.285 -113.466 155.591 -118.221 146.251 -110.376 151.285 -106.614 161.067 -113.466 155.591 -103.095 157.105 -106.614 161.067 -110.376 151.285 -103.095 157.105 -100.366 167.223 -106.614 161.067 -96.4556 163.647 -100.366 167.223 -103.095 157.105 -96.4556 163.647 -94.7884 173.994 -100.366 167.223 -90.5292 170.841 -94.7884 173.994 -96.4556 163.647 -90.5292 170.841 -89.9423 181.305 -94.7884 173.994 -90.5292 170.841 -85.87931 189.079 -89.9423 181.305 -85.3795 178.61 -85.87931 189.079 -90.5292 170.841 -85.3795 178.61 -83.1953 195.84 -85.87931 189.079 -83.1953 195.84 -85.3795 178.61 -81.062 186.871 -60.832 134.428 -110.376 151.285 -118.221 146.251 -87.8926 232.907 -81.062 186.871 -77.6231 195.534 -81.062 186.871 -87.8926 232.907 -83.1953 195.84 -83.1953 195.84 -87.8926 232.907 -87.6365 212.003 -87.6365 212.003 -87.8926 232.907 -91.6503 203.521 -91.6503 203.521 -87.8926 232.907 -89.4356 223.617 -94.4142 256.64 -89.4356 223.617 -87.8926 232.907 -89.4356 223.617 -94.4142 256.64 -91.7372 232.708 -91.7372 232.708 -94.4142 256.64 -97.4617 253.541 -97.4617 253.541 -94.4142 256.64 -107.909 260.104 -94.4142 256.64 -105.285 263.184 -107.909 260.104 -105.285 263.184 -95.527 260.69 -98.4244 271.234 -105.285 263.184 -100.726 279.612 -112.974 265.148 -143.809 291.234 -112.974 265.148 -135.62 303.485 -176.944 316.763 -169.34 318.036 -223.286 330.394 -157.168 276.44 -214.054 290.976 -198.491 283.35 -198.491 283.35 -229.041 284.898 -228.878 283.207 -216.416 243.822 -216.171 248.514 -216.399 246.173 -216.416 243.822 -215.736 250.825 -216.171 248.514 -216.416 243.822 -215.095 253.087 -215.736 250.825 -216.416 243.822 -214.254 255.283 -215.095 253.087 -216.416 243.822 -213.781 247.223 -214.254 255.283 -216.416 243.822 -203.153 250.401 -213.781 247.223 -202.298 248.043 -203.153 250.401 -216.416 243.822 -202.298 248.043 -189.879 256.103 -203.153 250.401 -188.758 253.859 -189.879 256.103 -202.298 248.043 -188.758 253.859 -177.347 263.293 -189.879 256.103 -175.976 261.193 -177.347 263.293 -188.758 253.859 -175.976 261.193 -165.725 271.875 -177.347 263.293 -175.976 261.193 -165.321 272.252 -165.725 271.875 -165.321 272.252 -175.976 261.193 -164.121 269.946 -166.588 257.664 -164.121 269.946 -175.976 261.193 -166.588 257.664 -160.272 273.541 -164.121 269.946 -158.732 263.465 -160.272 273.541 -166.588 257.664 -157.898 264.245 -160.272 273.541 -158.732 263.465 -154.319 263.326 -160.272 273.541 -157.898 264.245 -152.536 262.656 -160.272 273.541 -154.319 263.326 -152.536 262.656 -151.785 271.364 -160.272 273.541 -151.323 261.868 -151.785 271.364 -152.536 262.656 -150.308 260.839 -151.785 271.364 -151.323 261.868 -149.538 259.615 -151.785 271.364 -150.308 260.839 -149.049 258.254 -151.785 271.364 -149.538 259.615 -149.049 258.254 -148.719 270.211 -151.785 271.364 -148.719 270.211 -149.049 258.254 -148.864 256.82 -158.732 263.465 -165.901 254.526 -158.616 248.327 -164.387 233.157 -163.255 245.656 -164.601 244.575 -161.653 236.15 -163.255 245.656 -164.387 233.157 -161.653 236.15 -158.616 248.327 -163.255 245.656 -158.493 238.688 -158.616 248.327 -161.653 236.15 -154.98 240.711 -158.616 248.327 -158.493 238.688 -154.98 240.711 -154.352 249.973 -158.616 248.327 -154.98 240.711 -152.298 250.841 -154.352 249.973 -151.198 242.171 -152.298 250.841 -154.98 240.711 -151.198 242.171 -151.118 251.677 -152.298 250.841 -151.198 242.171 -150.146 252.746 -151.118 251.677 -151.198 242.171 -149.425 254 -150.146 252.746 -151.198 242.171 -148.991 255.38 -149.425 254 -148.181 243.445 -148.991 255.38 -151.198 242.171 -148.181 243.445 -148.864 256.82 -148.991 255.38 -148.181 243.445 -148.719 270.211 -148.864 256.82 -148.181 243.445 -145.972 268.427 -148.719 270.211 -145.508 245.338 -145.972 268.427 -148.181 243.445 -145.508 245.338 -143.673 266.094 -145.972 268.427 -143.304 247.762 -143.673 266.094 -145.508 245.338 -143.304 247.762 -141.928 263.321 -143.673 266.094 -141.673 250.602 -141.928 263.321 -143.304 247.762 -141.673 250.602 -140.821 260.239 -141.928 263.321 -140.69 253.727 -140.821 260.239 -141.673 250.602 -140.821 260.239 -140.69 253.727 -140.401 256.99 -115.579 262.072 -141.673 250.602 -143.304 247.762 -157.168 276.44 -160.272 273.541 -151.785 271.364 -107.909 260.104 -112.974 265.148 -115.579 262.072 -164.387 233.157 -164.601 244.575 -166.63 229.78 -166.63 229.78 -164.601 244.575 -164.664 245.616 -166.63 229.78 -164.664 245.616 -165.901 254.526 -166.63 229.78 -165.901 254.526 -166.588 257.664 -166.588 257.664 -175.976 261.193 -166.63 229.78 -166.63 229.78 -175.976 261.193 -174.191 253.044 -166.63 229.78 -174.191 253.044 -168.327 226.1 -168.327 226.1 -174.191 253.044 -169.44 222.202 -169.44 222.202 -174.191 253.044 -173.043 244.782 -169.44 222.202 -173.043 244.782 -169.941 218.179 -169.941 218.179 -173.043 244.782 -172.541 236.456 -160.272 273.541 -165.321 272.252 -164.121 269.946 -165.321 272.252 -160.272 273.541 -198.491 283.35 -165.321 272.252 -198.491 283.35 -193.648 279.522 -193.648 279.522 -198.491 283.35 -197.429 282.026 -193.648 279.522 -197.429 282.026 -196.619 280.535 -193.648 279.522 -196.619 280.535 -193.884 273.131 -193.884 273.131 -196.619 280.535 -196.087 278.923 -193.884 273.131 -196.087 278.923 -194.711 271.152 -194.711 271.152 -196.087 278.923 -195.85 277.243 -195.85 277.243 -195.876 269.35 -194.711 271.152 -195.876 269.35 -195.85 277.243 -195.915 275.547 -195.876 269.35 -195.915 275.547 -197.344 267.785 -197.344 267.785 -195.915 275.547 -196.281 273.89 -197.344 267.785 -196.281 273.89 -196.935 272.324 -197.344 267.785 -196.935 272.324 -197.857 270.899 -197.344 267.785 -197.857 270.899 -199.066 266.505 -199.066 266.505 -197.857 270.899 -199.017 269.661 -199.066 266.505 -199.017 269.661 -200.379 268.649 -199.066 266.505 -200.379 268.649 -200.988 265.552 -200.988 265.552 -200.379 268.649 -201.899 267.894 -200.988 265.552 -201.899 267.894 -202.474 265.121 -202.474 265.121 -201.899 267.894 -203.53 267.422 -202.474 265.121 -203.53 267.422 -204.035 264.101 -204.035 264.101 -203.53 267.422 -205.498 266.137 -204.035 264.101 -205.498 266.137 -205.705 262.784 -205.705 262.784 -205.498 266.137 -207.344 264.68 -205.705 262.784 -207.344 264.68 -207.25 261.322 -207.25 261.322 -207.344 264.68 -208.659 259.728 -208.659 259.728 -207.344 264.68 -209.053 263.064 -208.659 259.728 -209.053 263.064 -209.919 258.014 -209.919 258.014 -209.053 263.064 -210.61 261.302 -209.919 258.014 -210.61 261.302 -211.021 256.194 -211.021 256.194 -210.61 261.302 -212.003 259.407 -211.021 256.194 -212.003 259.407 -211.956 254.284 -211.956 254.284 -212.003 259.407 -212.716 252.297 -212.716 252.297 -212.003 259.407 -213.221 257.396 -212.716 252.297 -213.221 257.396 -213.296 250.25 -213.296 250.25 -213.221 257.396 -214.254 255.283 -213.296 250.25 -214.254 255.283 -213.69 248.16 -213.69 248.16 -214.254 255.283 -213.781 247.223 -195.876 269.35 -189.879 256.103 -194.711 271.152 -193.884 273.131 -193.639 279.495 -193.648 279.522 -193.421 275.227 -193.639 279.495 -193.884 273.131 -193.639 279.495 -193.421 275.227 -193.339 277.37 -235.946 258.939 -235.104 292.602 -236.709 293.158 -235.946 258.939 -235.07 269.914 -235.104 292.602 -235.946 258.939 -234.943 268.508 -235.07 269.914 -235.946 258.939 -234.568 267.148 -234.943 268.508 -234.306 257.857 -234.568 267.148 -235.946 258.939 -234.306 257.857 -233.955 265.877 -234.568 267.148 -234.306 257.857 -233.125 264.735 -233.955 265.877 -232.921 256.944 -233.125 264.735 -234.306 257.857 -232.12 256.179 -233.125 264.735 -232.921 256.944 -232.12 256.179 -232.105 263.76 -233.125 264.735 -231.47 255.284 -232.105 263.76 -232.12 256.179 -230.989 254.286 -232.105 263.76 -231.47 255.284 -230.989 254.286 -230.926 262.983 -232.105 263.76 -230.694 253.219 -230.926 262.983 -230.989 254.286 -230.595 252.117 -230.926 262.983 -230.694 253.219 -229.079 242.469 -230.926 262.983 -230.595 252.117 -229.079 242.469 -229.079 261.765 -230.926 262.983 -227.479 243.997 -229.079 261.765 -229.079 242.469 -227.479 243.997 -227.479 260.237 -229.079 261.765 -226.178 245.787 -227.479 260.237 -227.479 243.997 -226.178 245.787 -226.178 258.447 -227.479 260.237 -225.218 247.78 -226.178 258.447 -226.178 245.787 -225.218 247.78 -225.218 256.454 -226.178 258.447 -224.629 249.913 -225.218 256.454 -225.218 247.78 -224.629 249.913 -224.629 254.321 -225.218 256.454 -224.629 254.321 -224.629 249.913 -224.43 252.117 -230.595 252.117 -230.926 241.251 -229.079 242.469 -230.926 241.251 -230.595 252.117 -230.694 251.015 -239.246 262.713 -245.652 246.515 -237.766 260.677 -230.926 241.251 -230.694 251.015 -230.989 249.948 -230.926 241.251 -230.989 249.948 -231.47 248.95 -230.926 241.251 -231.47 248.95 -232.12 248.055 -230.926 241.251 -232.12 248.055 -232.921 247.29 -230.926 241.251 -232.921 247.29 -232.935 247.281 -230.926 241.251 -232.935 247.281 -245.636 240.364 -245.636 240.364 -232.935 247.281 -245.652 246.515 -245.636 240.364 -245.652 246.515 -255.544 240.91 -255.544 240.91 -245.652 246.515 -246.971 246.587 -240.339 264.983 -255.544 240.91 -246.971 246.587 -240.339 264.983 -236.709 293.158 -255.544 240.91 -237.766 260.677 -236.709 293.158 -240.339 264.983 -235.946 258.939 -236.709 293.158 -237.766 260.677 -237.766 260.677 -240.339 264.983 -239.246 262.713 -239.246 262.713 -240.339 264.983 -240.339 264.981 -240.912 294.236 -255.544 240.91 -236.709 293.158 -247.17 290.944 -260.35 241.174 -240.912 294.236 -260.35 241.174 -247.17 290.944 -263.245 247.063 -297.731 284.022 -280.972 252.655 -295.802 288.058 -325.201 267.68 -326.871 272.943 -326.602 265.601 -325.201 267.68 -324.489 274.993 -326.871 272.943 -323.536 269.555 -324.489 274.993 -325.201 267.68 -323.536 269.555 -321.855 276.707 -324.489 274.993 -321.636 271.19 -321.855 276.707 -323.536 269.555 -319.534 272.558 -321.855 276.707 -321.636 271.19 -319.534 272.558 -319.015 278.055 -321.855 276.707 -317.269 273.632 -319.015 278.055 -319.534 272.558 -317.269 273.632 -316.022 279.011 -319.015 278.055 -314.88 274.396 -316.022 279.011 -317.269 273.632 -314.88 274.396 -312.927 279.56 -316.022 279.011 -311.991 274.908 -312.927 279.56 -314.88 274.396 -311.991 274.908 -309.613 280.307 -312.927 279.56 -308.046 275.797 -309.613 280.307 -311.991 274.908 -308.046 275.797 -306.55 281.776 -309.613 280.307 -304.012 277.732 -306.55 281.776 -308.046 275.797 -304.012 277.732 -303.894 283.895 -306.55 281.776 -304.012 277.732 -301.779 286.554 -303.894 283.895 -300.515 280.521 -301.779 286.554 -304.012 277.732 -300.515 280.521 -300.314 289.619 -301.779 286.554 -300.515 280.521 -299.573 292.934 -300.314 289.619 -297.731 284.022 -299.573 292.934 -300.515 280.521 -297.731 284.022 -299.103 308.399 -299.573 292.934 -296.816 303.157 -299.103 308.399 -297.731 284.022 -289.614 301.837 -299.103 308.399 -296.816 303.157 -289.614 301.837 -288.596 306.473 -299.103 308.399 -247.17 290.944 -288.596 306.473 -289.614 301.837 -288.596 306.473 -247.17 290.944 -240.912 294.236 -288.596 306.473 -239.705 297.53 -308.416 315.087 -313.706 312.917 -299.103 308.399 -288.596 306.473 -299.103 308.399 -313.706 312.917 -309.777 308.843 -309.777 308.843 -313.706 312.917 -320.408 307.794 -320.408 307.794 -313.706 312.917 -330.79 305.274 -330.79 305.274 -313.706 312.917 -340.719 301.332 -340.719 301.332 -313.706 312.917 -462.592 251.854 -389.13 284.288 -462.592 251.854 -313.706 312.917 -381.806 330.394 -411.301 314.963 -405.276 312.064 -448.002 305.712 -441.315 330.394 -448.832 330.394 -462.592 251.854 -468.456 252.233 -469.235 249.129 -511.884 231.637 -485.374 242.51 -468.456 252.233 -554.534 214.145 -557.168 216.386 -555.991 213.548 -555.991 213.548 -554.534 214.081 -554.534 214.145 -555.192 211.62 -562.72 210.788 -558.214 200.318 -577.216 194.331 -572.479 185.616 -565.332 187.976 -572.479 185.616 -577.216 194.331 -575.401 177.897 -642.181 178.198 -582.713 202.588 -625.078 188.944 -580.175 220.475 -625.078 188.944 -563.912 213.661 -625.078 188.944 -580.175 220.475 -623.969 202.779 -580.175 220.475 -604.372 252.576 -610.176 243.579 -629.626 191.523 -628.518 206.713 -630.879 209.578 -629.626 191.523 -625.827 204.156 -628.518 206.713 -625.078 188.944 -625.827 204.156 -629.626 191.523 -625.078 188.944 -623.969 202.779 -625.827 204.156 -648.703 221.481 -649.115 226.693 -659.055 200.268 -640.94 202.272 -639.122 241.72 -646.552 242.087 -637.617 198.236 -639.122 241.72 -640.94 202.272 -636.683 226.917 -639.122 241.72 -637.617 198.236 -636.568 229.574 -639.122 241.72 -636.683 226.917 -636.568 229.574 -631.851 243.289 -639.122 241.72 -627.637 231.501 -631.851 243.289 -636.568 229.574 -627.637 231.501 -625.233 246.686 -631.851 243.289 -627.637 231.501 -619.72 251.68 -625.233 246.686 -618.112 236.39 -619.72 251.68 -627.637 231.501 -618.112 236.39 -615.687 257.931 -619.72 251.68 -618.112 236.39 -613.41 265.013 -615.687 257.931 -610.176 243.579 -613.41 265.013 -618.112 236.39 -610.176 243.579 -613.043 272.442 -613.41 265.013 -610.176 243.579 -612.331 330.394 -613.043 272.442 -604.372 252.576 -612.331 330.394 -610.176 243.579 -601.094 262.768 -612.331 330.394 -604.372 252.576 -600.735 270.042 -612.331 330.394 -601.094 262.768 -580.175 220.475 -612.331 330.394 -600.735 270.042 -612.331 330.394 -580.175 220.475 -563.912 213.661 -563.912 213.661 -557.168 216.386 -590.172 295.953 -557.168 216.386 -562.72 210.788 -555.991 213.548 -590.172 295.953 -597.059 325.453 -604.457 330.394 -588.579 292.812 -597.059 325.453 -590.172 295.953 -586.53 289.947 -597.059 325.453 -588.579 292.812 -586.53 289.947 -585.68 298.02 -597.059 325.453 -586.53 289.947 -584.343 295.381 -585.68 298.02 -584.071 287.426 -584.343 295.381 -586.53 289.947 -584.071 287.426 -582.731 293.128 -584.343 295.381 -581.258 285.306 -582.731 293.128 -584.071 287.426 -581.258 285.306 -580.797 291.145 -582.731 293.128 -581.258 285.306 -578.585 289.477 -580.797 291.145 -578.158 283.636 -578.585 289.477 -581.258 285.306 -578.158 283.636 -576.146 288.164 -578.585 289.477 -574.84 282.454 -576.146 288.164 -578.158 283.636 -574.84 282.454 -573.536 287.234 -576.146 288.164 -574.84 282.454 -572.696 287.072 -573.536 287.234 -571.381 281.788 -572.696 287.072 -574.84 282.454 -571.381 281.788 -571.164 288.306 -572.696 287.072 -571.381 281.788 -568.375 291.137 -571.164 288.306 -567.844 284.636 -568.375 291.137 -571.381 281.788 -567.844 284.636 -565.928 294.268 -568.375 291.137 -564.657 287.871 -565.928 294.268 -567.844 284.636 -564.657 287.871 -563.855 297.659 -565.928 294.268 -564.657 287.871 -562.184 301.264 -563.855 297.659 -561.86 291.449 -562.184 301.264 -564.657 287.871 -561.86 291.449 -560.936 305.037 -562.184 301.264 -561.86 291.449 -560.129 308.928 -560.936 305.037 -559.492 295.324 -560.129 308.928 -561.86 291.449 -560.129 308.928 -559.492 295.324 -559.772 312.886 -559.492 295.324 -558.348 330.394 -559.772 312.886 -557.582 299.444 -558.348 330.394 -559.492 295.324 -557.582 299.444 -556.711 326.158 -558.348 330.394 -556.157 303.756 -556.711 326.158 -557.582 299.444 -556.157 303.756 -555.569 321.762 -556.711 326.158 -555.234 308.202 -555.569 321.762 -556.157 303.756 -555.234 308.202 -554.938 317.265 -555.569 321.762 -554.938 317.265 -555.234 308.202 -554.826 312.725 -551.089 294.498 -557.582 299.444 -559.492 295.324 -559.772 312.886 -558.348 330.394 -559.87 316.859 -559.87 316.859 -558.348 330.394 -560.423 320.795 -560.423 320.795 -558.348 330.394 -561.422 324.641 -561.422 324.641 -558.348 330.394 -561.735 325.453 -561.735 325.453 -558.348 330.394 -604.457 330.394 -561.735 325.453 -604.457 330.394 -597.059 325.453 -560.423 320.795 -561.422 324.641 -561.735 325.453 -613.043 272.442 -612.331 330.394 -612.754 299.018 -616.053 329.779 -612.754 299.018 -612.331 330.394 -612.754 299.018 -616.053 329.779 -619.213 314.59 -619.213 314.59 -616.053 329.779 -619.653 328.653 -636.148 248.162 -631.851 243.289 -635.82 251.717 0 200.268 0 265.235 -176.644 330.394 0 61.6041 0 110.236 -176.644 110.236 -642.334 63.1922 -643.238 70.0601 -653.449 70.0601 -597.94 51.2967 -603.435 47.0797 -615.478 0 -591.605 82.6735 -591.797 78.67971 -589.086 80.6207 -591.797 78.67971 -591.605 82.6735 -593.836 85.0362 -565.069 108.271 -586.892 121.638 -589.022 118.823 -601.813 151.98 -602.237 141.359 -601.326 146.642 -602.237 141.359 -601.813 151.98 -603.665 157.01 -602.237 141.359 -603.665 157.01 -604.485 136.493 -604.485 136.493 -603.665 157.01 -606.756 161.389 -604.485 136.493 -606.756 161.389 -605.869 146.823 -605.869 146.823 -606.756 161.389 -606.249 150.979 -606.249 150.979 -606.756 161.389 -607.691 154.895 -607.691 154.895 -606.756 161.389 -610.875 164.819 -607.691 154.895 -610.875 164.819 -610.097 158.305 -610.097 158.305 -610.875 164.819 -613.304 160.976 -613.304 160.976 -610.875 164.819 -615.742 167.067 -613.304 160.976 -615.742 167.067 -617.28 162.812 -617.28 162.812 -615.742 167.067 -629.505 170.747 -617.28 162.812 -629.505 170.747 -631.243 166.546 -631.243 166.546 -629.505 170.747 -641.847 177.865 -631.243 166.546 -641.847 177.865 -642.66 173.13 -642.66 173.13 -641.847 177.865 -642.181 178.198 -642.66 173.13 -642.181 178.198 -659.055 171.277 -659.055 171.277 -644.914 180.929 -659.055 175.215 -659.055 175.215 -651.926 187.934 -659.055 200.268 -642.66 173.13 -659.055 171.277 -654.547 168.254 -654.547 168.254 -659.055 171.277 -654.547 110.236 -654.547 110.236 -659.055 171.277 -654.547 101.879 -654.547 101.879 -659.055 171.277 -656.67 66.1092 -656.67 66.1092 -659.055 171.277 -659.055 61.6041 -659.055 61.6041 -659.055 171.277 -659.055 110.236 -653.449 70.0601 -654.547 101.879 -656.67 66.1092 -653.449 70.0601 -653.108 106.265 -654.547 101.879 -653.449 70.0601 -652.037 89.00891 -653.108 106.265 -653.449 70.0601 -651.824 83.686 -652.037 89.00891 -653.449 70.0601 -650.98 78.4262 -651.824 83.686 -650.98 78.4262 -653.449 70.0601 -649.517 73.3039 -649.517 73.3039 -650.569 99.54251 -650.98 78.4262 -649.517 73.3039 -648.909 104.604 -650.569 99.54251 -649.517 73.3039 -647.522 88.92121 -648.909 104.604 -649.517 73.3039 -647.33 84.1352 -647.522 88.92121 -649.517 73.3039 -646.655 79.9307 -647.33 84.1352 -649.517 73.3039 -645.871 80.1696 -646.655 79.9307 -645.025 75.7149 -645.871 80.1696 -649.517 73.3039 -645.025 75.7149 -643.621 85.6012 -645.871 80.1696 -642.388 76.5179 -643.621 85.6012 -645.025 75.7149 -642.334 76.928 -643.621 85.6012 -642.388 76.5179 -639.683 83.3278 -643.621 85.6012 -642.334 76.928 -639.683 83.3278 -638.681 92.0385 -643.621 85.6012 -635.466 88.8235 -638.681 92.0385 -639.683 83.3278 -635.466 88.8235 -632.244 96.97811 -638.681 92.0385 -629.971 93.0405 -632.244 96.97811 -635.466 88.8235 -629.971 93.0405 -624.748 100.083 -632.244 96.97811 -623.571 95.6914 -624.748 100.083 -629.971 93.0405 -616.703 96.5955 -624.748 100.083 -623.571 95.6914 -616.703 96.5955 -616.703 101.142 -624.748 100.083 -609.835 95.6914 -616.703 101.142 -616.703 96.5955 -609.835 95.6914 -608.658 100.083 -616.703 101.142 -609.835 95.6914 -603.892 98.1089 -608.658 100.083 -603.892 98.1089 -609.835 95.6914 -603.435 93.0405 -625.127 75.7149 -620.635 73.3039 -616.703 96.5955 -611.097 61.6041 -617.178 54.0171 -609.835 44.4288 -617.178 54.0171 -613.482 66.1092 -616.703 70.0601 -591.797 78.67971 -593.836 85.0362 -593.723 83.3278 -593.723 83.3278 -593.836 85.0362 -597.94 88.8235 -597.94 88.8235 -593.836 85.0362 -595.742 87.6686 -597.94 88.8235 -595.742 87.6686 -597.289 90.5263 -597.94 88.8235 -597.289 90.5263 -598.453 93.5607 -597.94 88.8235 -598.453 93.5607 -603.435 93.0405 -603.435 93.0405 -598.453 93.5607 -599.212 96.7205 -603.435 93.0405 -599.212 96.7205 -599.554 99.9522 -603.435 93.0405 -599.554 99.9522 -600.753 114.592 -599.474 103.201 -600.753 114.592 -599.554 99.9522 -598.973 106.412 -600.753 114.592 -599.474 103.201 -598.973 106.412 -598.157 118.867 -600.753 114.592 -598.059 109.53 -598.157 118.867 -598.973 106.412 -596.747 112.504 -598.157 118.867 -598.059 109.53 -595.061 115.282 -598.157 118.867 -596.747 112.504 -595.061 115.282 -594.108 120.577 -598.157 118.867 -595.061 115.282 -592.259 122.016 -594.108 120.577 -591.808 116.655 -592.259 122.016 -595.061 115.282 -591.808 116.655 -590.845 123.885 -592.259 122.016 -591.808 116.655 -589.963 126.056 -590.845 123.885 -589.022 118.823 -589.963 126.056 -591.808 116.655 -589.022 118.823 -589.672 128.381 -589.963 126.056 -589.022 118.823 -589.151 137.948 -589.672 128.381 -589.022 118.823 -586.983 135.161 -589.151 137.948 -586.892 121.638 -586.983 135.161 -589.022 118.823 -586.892 121.638 -585.61 131.909 -586.983 135.161 -585.563 124.909 -585.61 131.909 -586.892 121.638 -585.61 131.909 -585.563 124.909 -585.126 128.412 -589.151 137.948 -589.994 130.702 -589.672 128.381 -589.994 130.702 -589.151 137.948 -591.967 140.078 -589.994 130.702 -591.967 140.078 -590.905 132.861 -590.905 132.861 -591.967 140.078 -592.344 134.711 -592.344 134.711 -591.967 140.078 -595.237 141.407 -592.344 134.711 -595.237 141.407 -594.213 136.125 -594.213 136.125 -595.237 141.407 -596.384 137.007 -596.384 137.007 -595.237 141.407 -598.74 141.844 -596.384 137.007 -598.74 141.844 -598.71 137.297 -598.71 137.297 -598.74 141.844 -599.178 137.232 -599.178 137.232 -598.74 141.844 -602.237 141.359 -599.178 137.232 -602.237 141.359 -600.641 134.064 -600.641 134.064 -602.237 141.359 -604.831 129.033 -604.831 129.033 -602.237 141.359 -604.485 136.493 -604.831 129.033 -604.485 136.493 -607.915 132.374 -605.869 146.823 -607.915 132.374 -604.485 136.493 -607.915 132.374 -605.869 146.823 -606.579 142.71 -654.547 168.254 -643.879 121.146 -639.7 125.26 -648.909 104.604 -647.54 116.564 -650.631 111.58 -646.658 109.433 -647.54 116.564 -648.909 104.604 -646.658 109.433 -643.879 121.146 -647.54 116.564 -643.851 113.96 -643.879 121.146 -646.658 109.433 -640.525 118.122 -643.879 121.146 -643.851 113.96 -640.525 118.122 -639.7 125.26 -643.879 121.146 -636.729 121.859 -639.7 125.26 -640.525 118.122 -636.729 121.859 -635.061 128.848 -639.7 125.26 -632.515 125.119 -635.061 128.848 -636.729 121.859 -632.515 125.119 -628.826 132.581 -635.061 128.848 -627.945 127.855 -628.826 132.581 -632.515 125.119 -622.662 126.944 -628.826 132.581 -627.945 127.855 -622.662 126.944 -622.481 131.487 -628.826 132.581 -622.662 126.944 -618.325 131.866 -622.481 131.487 -617.324 127.431 -618.325 131.866 -622.662 126.944 -617.324 127.431 -614.409 133.308 -618.325 131.866 -612.294 129.283 -614.409 133.308 -617.324 127.431 -612.294 129.283 -610.999 135.715 -614.409 133.308 -612.294 129.283 -608.328 138.921 -610.999 135.715 -607.915 132.374 -608.328 138.921 -612.294 129.283 -607.915 132.374 -606.579 142.71 -608.328 138.921 -610.18 125.258 -607.915 132.374 -612.294 129.283 -604.831 129.033 -607.915 132.374 -610.18 125.258 -608.658 100.083 -603.892 98.1089 -604.068 99.7695 -610.18 125.258 -612.294 129.283 -616.324 122.996 -616.324 122.996 -612.294 129.283 -617.324 127.431 -616.324 122.996 -617.324 127.431 -622.844 122.401 -622.844 122.401 -617.324 127.431 -622.662 126.944 -622.844 122.401 -622.662 126.944 -627.945 127.855 -622.844 122.401 -627.945 127.855 -627.064 123.129 -627.064 123.129 -627.945 127.855 -629.969 121.389 -629.969 121.389 -627.945 127.855 -632.515 125.119 -629.969 121.389 -632.515 125.119 -633.758 118.458 -633.758 118.458 -632.515 125.119 -636.729 121.859 -633.758 118.458 -636.729 121.859 -637.171 115.098 -637.171 115.098 -636.729 121.859 -640.525 118.122 -637.171 115.098 -640.525 118.122 -640.161 111.356 -640.161 111.356 -640.525 118.122 -642.686 107.285 -642.686 107.285 -640.525 118.122 -643.851 113.96 -642.686 107.285 -643.851 113.96 -644.709 102.944 -644.709 102.944 -643.851 113.96 -646.658 109.433 -644.709 102.944 -646.658 109.433 -646.202 98.39241 -646.202 98.39241 -646.658 109.433 -647.145 93.6961 -647.145 93.6961 -646.658 109.433 -648.909 104.604 -647.145 93.6961 -648.909 104.604 -647.522 88.92121 -603.892 98.1089 -603.973 103.606 -604.068 99.7695 -603.435 93.0405 -603.973 103.606 -603.892 98.1089 -603.435 93.0405 -603.381 107.398 -603.973 103.606 -603.435 93.0405 -602.302 111.081 -603.381 107.398 -603.435 93.0405 -600.753 114.592 -602.302 111.081 -648.909 104.604 -650.631 111.58 -650.569 99.54251 -650.569 99.54251 -650.631 111.58 -651.617 94.31951 -651.617 94.31951 -650.631 111.58 -653.108 106.265 -651.617 94.31951 -653.108 106.265 -652.037 89.00891 -651.824 83.686 -651.617 94.31951 -652.037 89.00891 -650.98 78.4262 -651.617 94.31951 -651.824 83.686 -650.98 78.4262 -650.569 99.54251 -651.617 94.31951 0 -169.374 8.976381 -269.07 8.976381 -119.601 -609.31 3.8599 -550.134 134.428 -615.478 0 -547.719 130.568 -550.134 134.428 -609.31 3.8599 -453.167 130.568 -550.134 134.428 -547.719 130.568 -453.167 130.568 -449.307 134.428 -550.134 134.428 -449.307 134.428 -453.167 130.568 -449.307 0 -453.167 3.8599 -449.307 0 -453.167 130.568 -449.307 0 -453.167 3.8599 -615.478 0 -615.478 0 -453.167 3.8599 -547.719 3.8599 -453.167 3.8599 -455.931 6.62361 -547.719 3.8599 -455.931 6.62361 -453.167 3.8599 -455.931 127.805 -453.167 130.568 -455.931 127.805 -453.167 3.8599 -455.931 127.805 -453.167 130.568 -547.719 130.568 -455.931 127.805 -547.719 130.568 -544.955 127.805 -544.955 127.805 -547.719 130.568 -544.955 6.62361 -547.719 3.8599 -544.955 6.62361 -547.719 130.568 -547.719 3.8599 -455.931 6.62361 -544.955 6.62361 9.56693 544.955 8.976381 455.931 9.56693 455.931 -455.931 6.62361 -544.955 127.805 -544.955 6.62361 -9.56693 6.62361 -8.976381 127.805 -9.56693 127.805 -9.56693 455.931 -8.976381 544.955 -9.56693 544.955 9.56693 127.805 8.976381 6.62361 9.56693 6.62361 -9.56693 3.8599 -8.976381 130.568 -9.56693 130.568 -609.31 3.8599 -547.719 3.8599 -547.719 130.568 8.976381 547.719 9.56693 609.31 8.976381 609.31 -615.478 0 -547.719 3.8599 -609.31 3.8599 9.56693 -122.017 8.976381 -262.902 9.56693 -262.902 9.56693 134.428 8.976381 0 9.56693 0 -449.307 0 -445.487 3.82023 -449.307 134.428 -449.307 0 -416.342 3.82023 -445.487 3.82023 -449.307 0 -381.593 3.82023 -416.342 3.82023 -449.307 0 -346.844 3.82023 -381.593 3.82023 -449.307 0 -312.095 3.82023 -346.844 3.82023 -449.307 0 -277.346 3.82023 -312.095 3.82023 -273.526 0 -277.346 3.82023 -449.307 0 -277.346 3.82023 -273.526 0 -277.346 130.608 -273.526 134.428 -277.346 130.608 -273.526 0 -277.346 130.608 -273.526 134.428 -449.307 134.428 -277.346 130.608 -449.307 134.428 -312.095 130.608 -312.095 130.608 -449.307 134.428 -346.844 130.608 -346.844 130.608 -449.307 134.428 -381.593 130.608 -381.593 130.608 -449.307 134.428 -416.342 130.608 -416.342 130.608 -449.307 134.428 -445.487 130.608 -445.487 130.608 -449.307 134.428 -445.487 100.176 -445.487 100.176 -449.307 134.428 -445.487 3.82023 -9.56693 100.176 -8.976381 3.82023 -8.976381 100.176 8.976381 442.175 9.56693 445.487 8.976381 445.487 -442.175 7.13184 -445.487 3.82023 -416.342 3.82023 -419.653 100.176 -442.175 7.13184 -419.653 7.13184 -9.56693 7.13184 -8.976381 100.176 -9.56693 100.176 -419.653 100.176 -442.175 7.13184 -419.653 7.13184 8.976381 419.653 9.56693 442.175 8.976381 442.175 8.976381 416.342 9.56693 419.653 8.976381 419.653 9.56693 413.03 8.976381 416.342 8.976381 413.03 9.56693 100.176 8.976381 7.13184 9.56693 7.13184 -413.03 100.176 -413.03 7.13184 -384.904 7.13184 -9.56693 384.904 -8.976381 416.342 -9.56693 416.342 -9.56693 7.13184 -8.976381 127.297 -9.56693 127.297 9.56693 413.03 8.976381 384.904 9.56693 384.904 -384.904 7.13184 -416.342 3.82023 -381.593 3.82023 -9.56693 127.297 -8.976381 130.608 -9.56693 130.608 -419.653 127.297 -419.653 100.176 -416.342 127.297 9.56693 416.342 8.976381 381.593 9.56693 381.593 9.56693 381.593 8.976381 346.844 9.56693 346.844 -350.155 127.297 -346.844 130.608 -381.593 130.608 -346.844 130.608 -350.155 127.297 -346.844 3.82023 -350.155 7.13184 -346.844 3.82023 -350.155 127.297 -346.844 3.82023 -350.155 7.13184 -381.593 3.82023 -381.593 3.82023 -350.155 7.13184 -378.281 7.13184 9.56693 378.281 8.976381 350.155 9.56693 350.155 -378.281 7.13184 -350.155 127.297 -378.281 127.297 9.56693 127.297 8.976381 7.13184 9.56693 7.13184 -9.56693 350.155 -8.976381 378.281 -9.56693 378.281 -9.56693 7.13184 -8.976381 127.297 -9.56693 127.297 -350.155 127.297 -381.593 130.608 -378.281 127.297 -378.281 127.297 -381.593 130.608 -378.281 7.13184 -381.593 3.82023 -378.281 7.13184 -381.593 130.608 -9.56693 346.844 -8.976381 381.593 -9.56693 381.593 -9.56693 312.095 -8.976381 346.844 -9.56693 346.844 -9.56693 277.346 -8.976381 312.095 -9.56693 312.095 9.56693 130.608 8.976381 3.82023 9.56693 3.82023 9.56693 312.095 8.976381 277.346 9.56693 277.346 9.56693 346.844 8.976381 312.095 9.56693 312.095 -315.407 127.297 -312.095 130.608 -346.844 130.608 -312.095 130.608 -315.407 127.297 -312.095 3.82023 -315.407 7.13184 -312.095 3.82023 -315.407 127.297 -312.095 3.82023 -315.407 7.13184 -346.844 3.82023 -346.844 3.82023 -315.407 7.13184 -343.532 7.13184 9.56693 343.532 8.976381 315.407 9.56693 315.407 -343.532 7.13184 -315.407 127.297 -343.532 127.297 9.56693 127.297 8.976381 7.13184 9.56693 7.13184 -9.56693 315.407 -8.976381 343.532 -9.56693 343.532 -9.56693 7.13184 -8.976381 127.297 -9.56693 127.297 -315.407 127.297 -346.844 130.608 -343.532 127.297 -343.532 127.297 -346.844 130.608 -343.532 7.13184 -346.844 3.82023 -343.532 7.13184 -346.844 130.608 -312.095 3.82023 -308.783 7.13184 -312.095 130.608 -312.095 3.82023 -280.658 7.13184 -308.783 7.13184 -277.346 3.82023 -280.658 7.13184 -312.095 3.82023 -280.658 7.13184 -277.346 3.82023 -280.658 127.297 -277.346 130.608 -280.658 127.297 -277.346 3.82023 -280.658 127.297 -277.346 130.608 -312.095 130.608 -280.658 127.297 -312.095 130.608 -308.783 127.297 -308.783 127.297 -312.095 130.608 -308.783 7.13184 9.56693 127.297 8.976381 7.13184 9.56693 7.13184 -280.658 127.297 -308.783 7.13184 -280.658 7.13184 -9.56693 7.13184 -8.976381 127.297 -9.56693 127.297 9.56693 308.783 8.976381 280.658 9.56693 280.658 -9.56693 280.658 -8.976381 308.783 -9.56693 308.783 -9.56693 381.593 -8.976381 416.342 -9.56693 416.342 -9.56693 416.342 -8.976381 445.487 -9.56693 445.487 9.56693 100.176 8.976381 7.13184 9.56693 7.13184 9.56693 442.175 8.976381 419.653 9.56693 419.653 -242.975 0 -273.526 134.428 -273.526 0 -9.56693 0 -8.976381 134.428 -9.56693 134.428 -242.975 0 -240.402 2.5723 -242.975 134.428 -242.975 0 -200.402 2.5723 -240.402 2.5723 -242.975 0 -160.402 2.5723 -200.402 2.5723 -242.975 0 -120.402 2.5723 -160.402 2.5723 -242.975 0 -80.4024 2.5723 -120.402 2.5723 -242.975 0 -40.4024 2.5723 -80.4024 2.5723 -242.975 0 -2.5723 2.5723 -40.4024 2.5723 0 0 -2.5723 2.5723 -242.975 0 -2.5723 2.5723 0 0 -2.5723 110.236 0 0 -2.5723 131.856 -2.5723 110.236 0 110.236 -2.5723 131.856 0 0 0 134.428 -2.5723 131.856 0 110.236 -2.5723 131.856 0 134.428 -242.975 134.428 -2.5723 131.856 -242.975 134.428 -40.4024 131.856 -40.4024 131.856 -242.975 134.428 -80.4024 131.856 -80.4024 131.856 -242.975 134.428 -120.402 131.856 -120.402 131.856 -242.975 134.428 -160.402 131.856 -160.402 131.856 -242.975 134.428 -200.402 131.856 -200.402 131.856 -242.975 134.428 -240.402 131.856 -240.402 131.856 -242.975 134.428 -240.402 2.5723 -240.402 2.5723 -237.83 5.14461 -240.402 131.856 -240.402 2.5723 -202.975 5.14461 -237.83 5.14461 -200.402 2.5723 -202.975 5.14461 -240.402 2.5723 -202.975 5.14461 -200.402 2.5723 -202.975 129.284 -200.402 131.856 -202.975 129.284 -200.402 2.5723 -202.975 129.284 -200.402 131.856 -240.402 131.856 -202.975 129.284 -240.402 131.856 -237.83 129.284 -237.83 129.284 -240.402 131.856 -237.83 5.14461 9.56693 129.284 8.976381 5.14461 9.56693 5.14461 -202.975 129.284 -237.83 5.14461 -202.975 5.14461 -9.56693 5.14461 -8.976381 129.284 -9.56693 129.284 9.56693 237.83 8.976381 202.975 9.56693 202.975 -9.56693 202.975 -8.976381 237.83 -9.56693 237.83 -200.402 2.5723 -197.83 5.14461 -200.402 131.856 -200.402 2.5723 -162.975 5.14461 -197.83 5.14461 -160.402 2.5723 -162.975 5.14461 -200.402 2.5723 -162.975 5.14461 -160.402 2.5723 -162.975 129.284 -160.402 131.856 -162.975 129.284 -160.402 2.5723 -162.975 129.284 -160.402 131.856 -200.402 131.856 -162.975 129.284 -200.402 131.856 -197.83 129.284 -197.83 129.284 -200.402 131.856 -197.83 5.14461 9.56693 129.284 8.976381 5.14461 9.56693 5.14461 -197.83 129.284 -162.975 5.14461 -162.975 129.284 -9.56693 162.975 -8.976381 197.83 -9.56693 197.83 -9.56693 5.14461 -8.976381 129.284 -9.56693 129.284 9.56693 197.83 8.976381 162.975 9.56693 162.975 -160.402 2.5723 -157.83 5.14461 -160.402 131.856 -160.402 2.5723 -122.975 5.14461 -157.83 5.14461 -120.402 2.5723 -122.975 5.14461 -160.402 2.5723 -122.975 5.14461 -120.402 2.5723 -122.975 129.284 -120.402 131.856 -122.975 129.284 -120.402 2.5723 -122.975 129.284 -120.402 131.856 -160.402 131.856 -122.975 129.284 -160.402 131.856 -157.83 129.284 -157.83 129.284 -160.402 131.856 -157.83 5.14461 9.56693 129.284 8.976381 5.14461 9.56693 5.14461 -157.83 5.14461 -122.975 129.284 -157.83 129.284 9.56693 157.83 8.976381 122.975 9.56693 122.975 -9.56693 5.14461 -8.976381 129.284 -9.56693 129.284 -9.56693 122.975 -8.976381 157.83 -9.56693 157.83 -120.402 2.5723 -117.83 5.14461 -120.402 131.856 -120.402 2.5723 -82.9747 5.14461 -117.83 5.14461 -80.4024 2.5723 -82.9747 5.14461 -120.402 2.5723 -82.9747 5.14461 -80.4024 2.5723 -82.9747 129.284 -80.4024 131.856 -82.9747 129.284 -80.4024 2.5723 -82.9747 129.284 -80.4024 131.856 -120.402 131.856 -82.9747 129.284 -120.402 131.856 -117.83 129.284 -117.83 129.284 -120.402 131.856 -117.83 5.14461 9.56693 129.284 8.976381 5.14461 9.56693 5.14461 -117.83 129.284 -82.9747 5.14461 -82.9747 129.284 -9.56693 82.9747 -8.976381 117.83 -9.56693 117.83 -9.56693 5.14461 -8.976381 129.284 -9.56693 129.284 9.56693 117.83 8.976381 82.9747 9.56693 82.9747 -80.4024 2.5723 -77.8301 5.14461 -80.4024 131.856 -80.4024 2.5723 -42.9747 5.14461 -77.8301 5.14461 -40.4024 2.5723 -42.9747 5.14461 -80.4024 2.5723 -42.9747 5.14461 -40.4024 2.5723 -42.9747 129.284 -40.4024 131.856 -42.9747 129.284 -40.4024 2.5723 -42.9747 129.284 -40.4024 131.856 -80.4024 131.856 -42.9747 129.284 -80.4024 131.856 -77.8301 129.284 -77.8301 129.284 -80.4024 131.856 -77.8301 5.14461 9.56693 129.284 8.976381 5.14461 9.56693 5.14461 -77.8301 129.284 -42.9747 5.14461 -42.9747 129.284 -9.56693 42.9747 -8.976381 77.8301 -9.56693 77.8301 -9.56693 5.14461 -8.976381 129.284 -9.56693 129.284 9.56693 77.8301 8.976381 42.9747 9.56693 42.9747 -40.4024 2.5723 -37.8301 5.14461 -40.4024 131.856 -40.4024 2.5723 -5.14461 5.14461 -37.8301 5.14461 -2.5723 2.5723 -5.14461 5.14461 -40.4024 2.5723 -5.14461 5.14461 -2.5723 2.5723 -5.14461 110.236 -5.14461 110.236 -2.5723 2.5723 -5.14461 129.284 -2.5723 2.5723 -2.5723 131.856 -5.14461 129.284 -2.5723 131.856 -2.5723 2.5723 -2.5723 110.236 -5.14461 129.284 -2.5723 131.856 -40.4024 131.856 -5.14461 129.284 -40.4024 131.856 -37.8301 129.284 -37.8301 129.284 -40.4024 131.856 -37.8301 5.14461 9.56693 129.284 8.976381 5.14461 9.56693 5.14461 -37.8301 5.14461 -5.14461 5.14461 -5.14461 110.236 9.56693 37.8301 8.976381 5.14461 9.56693 5.14461 -9.56693 5.14461 -8.976381 110.236 -9.56693 110.236 -9.56693 110.236 -8.976381 129.284 -9.56693 129.284 -9.56693 5.14461 -8.976381 37.8301 -9.56693 37.8301 -613.043 272.442 -614.901 301.388 -614.612 279.714 -614.901 301.388 -613.043 272.442 -612.754 299.018 -620.194 313.727 -621.522 312.181 -614.901 301.388 -629.254 295.877 -623.898 307.193 -623.899 307.193 -623.003 291.845 -623.898 307.193 -629.254 295.877 -618.009 286.332 -623.898 307.193 -623.003 291.845 -618.009 286.332 -614.901 301.388 -623.898 307.193 -614.612 279.714 -614.901 301.388 -618.009 286.332 -629.254 295.877 -623.899 307.193 -626.212 324.964 -623.473 308.614 -626.212 324.964 -623.899 307.193 -623.473 308.614 -623.061 327.038 -626.212 324.964 -622.622 310.466 -623.061 327.038 -623.473 308.614 -621.522 312.181 -623.061 327.038 -622.622 310.466 -620.194 313.727 -623.061 327.038 -621.522 312.181 -620.194 313.727 -619.653 328.653 -623.061 327.038 -619.213 314.59 -619.653 328.653 -620.194 313.727 -629.254 295.877 -626.212 324.964 -629.044 322.473 -629.254 295.877 -629.044 322.473 -631.501 319.611 -629.254 295.877 -631.501 319.611 -636.335 298.155 -636.335 298.155 -631.501 319.611 -633.538 316.436 -636.335 298.155 -633.538 316.436 -635.113 313.009 -636.335 298.155 -635.113 313.009 -636.196 309.396 -636.335 298.155 -636.196 309.396 -636.767 305.668 -636.335 298.155 -636.767 305.668 -636.813 301.896 -637.617 198.236 -636.39 223.216 -636.683 226.917 -637.617 198.236 -635.649 219.579 -636.39 223.216 -637.617 198.236 -634.47 216.059 -635.649 219.579 -633.826 194.636 -634.47 216.059 -637.617 198.236 -633.826 194.636 -632.872 212.709 -634.47 216.059 -633.826 194.636 -630.879 209.578 -632.872 212.709 -629.626 191.523 -630.879 209.578 -633.826 194.636 -640.94 202.272 -646.552 242.087 -643.749 206.682 -643.749 206.682 -646.552 242.087 -645.999 211.401 -645.999 211.401 -646.552 242.087 -647.659 216.358 -647.659 216.358 -646.552 242.087 -648.032 237.073 -647.659 216.358 -648.032 237.073 -648.703 221.481 -648.703 221.481 -648.032 237.073 -648.891 231.916 -648.703 221.481 -648.891 231.916 -649.115 226.693 -555.192 211.62 -550.093 211.094 -554.534 214.081 -535.534 164.227 -550.093 211.094 -555.192 211.62 -535.534 164.227 -533.107 170.143 -550.093 211.094 -535.534 164.227 -531.283 170.912 -533.107 170.143 -529.216 166.891 -531.283 170.912 -535.534 164.227 -529.216 166.891 -526.025 174.14 -531.283 170.912 -523.374 170.478 -526.025 174.14 -529.216 166.891 -523.374 170.478 -521.315 178.127 -526.025 174.14 -518.141 174.908 -521.315 178.127 -523.374 170.478 -518.141 174.908 -517.262 182.779 -521.315 178.127 -518.141 174.908 -513.958 187.991 -517.262 182.779 -513.638 180.077 -513.958 187.991 -518.141 174.908 -513.638 180.077 -511.48 193.642 -513.958 187.991 -509.968 185.867 -511.48 193.642 -513.638 180.077 -509.968 185.867 -509.885 199.603 -511.48 193.642 -509.968 185.867 -509.208 205.736 -509.885 199.603 -507.214 192.146 -509.208 205.736 -509.968 185.867 -507.214 192.146 -508.616 225.611 -509.208 205.736 -507.214 192.146 -506.296 219.16 -508.616 225.611 -505.442 198.768 -506.296 219.16 -507.214 192.146 -505.442 198.768 -504.977 212.432 -506.296 219.16 -505.442 198.768 -504.833 209.007 -504.977 212.432 -504.833 209.007 -505.442 198.768 -504.69 205.582 -507.209 187.022 -506.559 184.534 -507.214 192.146 -483.42 207.072 -485.374 242.51 -485.142 208.676 -493.317 234.029 -491.796 236.546 -511.884 231.637 -509.466 211.901 -508.616 225.611 -511.884 231.637 -508.616 225.611 -509.466 211.901 -509.208 205.736 -509.208 205.736 -509.466 211.901 -509.337 208.819 -510.653 217.957 -512.742 223.763 -550.093 211.094 -509.466 211.901 -511.884 231.637 -510.653 217.957 -510.653 217.957 -511.884 231.637 -512.742 223.763 -512.742 223.763 -511.884 231.637 -513.918 225.931 -513.918 225.931 -511.884 231.637 -554.534 214.145 -513.918 225.931 -554.534 214.145 -550.093 211.094 -550.093 211.094 -554.534 214.145 -554.534 214.081 -495.228 162.084 -492.907 174.44 -495.457 174.768 -448.002 305.712 -389.13 284.288 -437.362 313.703 -316.504 313.635 -368.321 330.394 -381.806 330.394 -313.706 312.917 -311.17 315.79 -316.504 313.635 -275.031 330.394 -308.416 315.087 -271.094 330.394 -275.031 330.394 -368.321 330.394 -311.17 315.79 -239.705 297.53 -271.094 330.394 -308.416 315.087 -235.519 296.46 -227.666 330.394 -239.705 297.53 -236.709 293.158 -239.705 297.53 -240.912 294.236 -340.719 301.332 -462.592 251.854 -350.001 296.045 -350.001 296.045 -462.592 251.854 -357.497 292.79 -357.497 292.79 -462.592 251.854 -460.916 250.374 -460.916 250.374 -462.592 251.854 -475.581 196.241 -475.581 196.241 -462.592 251.854 -478.498 193.141 -478.498 193.141 -473.349 196.995 -475.581 196.241 -472.629 195.122 -473.349 196.995 -478.498 193.141 -472.629 195.122 -467.817 199.389 -473.349 196.995 -466.944 197.583 -467.817 199.389 -472.629 195.122 -466.944 197.583 -462.502 202.234 -467.817 199.389 -461.482 200.506 -462.502 202.234 -466.944 197.583 -461.482 200.506 -457.441 205.51 -462.502 202.234 -456.282 203.872 -457.441 205.51 -461.482 200.506 -456.282 203.872 -452.67 209.193 -457.441 205.51 -451.379 207.657 -452.67 209.193 -456.282 203.872 -451.379 207.657 -448.22 213.26 -452.67 209.193 -446.806 211.836 -448.22 213.26 -451.379 207.657 -446.806 211.836 -444.122 217.681 -448.22 213.26 -442.595 216.38 -444.122 217.681 -446.806 211.836 -442.595 216.38 -440.406 222.427 -444.122 217.681 -438.776 221.257 -440.406 222.427 -442.595 216.38 -438.776 221.257 -437.095 227.465 -440.406 222.427 -435.374 226.434 -437.095 227.465 -438.776 221.257 -435.374 226.434 -434.213 232.76 -437.095 227.465 -432.413 231.874 -434.213 232.76 -435.374 226.434 -432.413 231.874 -431.78 238.275 -434.213 232.76 -429.913 237.542 -431.78 238.275 -432.413 231.874 -429.913 237.542 -429.775 244.083 -431.78 238.275 -427.891 243.398 -429.775 244.083 -429.913 237.542 -427.891 243.398 -427.846 249.122 -429.775 244.083 -426.028 248.265 -427.846 249.122 -427.891 243.398 -426.028 248.265 -425.132 253.919 -427.846 249.122 -423.461 252.801 -425.132 253.919 -426.028 248.265 -423.461 252.801 -421.735 258.259 -425.132 253.919 -420.249 256.906 -421.735 258.259 -423.461 252.801 -420.249 256.906 -417.731 262.046 -421.735 258.259 -416.462 260.487 -417.731 262.046 -420.249 256.906 -416.462 260.487 -413.208 265.196 -417.731 262.046 -412.185 263.465 -413.208 265.196 -416.462 260.487 -412.185 263.465 -408.267 267.637 -413.208 265.196 -407.513 265.774 -408.267 267.637 -412.185 263.465 -407.513 265.774 -403.017 269.317 -408.267 267.637 -402.549 267.362 -403.017 269.317 -407.513 265.774 -402.549 267.362 -397.576 270.198 -403.017 269.317 -397.404 268.195 -397.576 270.198 -402.549 267.362 -392.192 268.254 -397.576 270.198 -397.404 268.195 -392.192 268.254 -392.065 270.26 -397.576 270.198 -387.03 267.537 -392.065 270.26 -392.192 268.254 -387.03 267.537 -386.606 269.502 -392.065 270.26 -382.032 266.06 -386.606 269.502 -387.03 267.537 -382.032 266.06 -381.32 267.94 -386.606 269.502 -382.032 266.06 -378.177 266.474 -381.32 267.94 -377.309 263.857 -378.177 266.474 -382.032 266.06 -377.309 263.857 -373.944 274.337 -378.177 266.474 -372.245 273.263 -373.944 274.337 -377.309 263.857 -372.245 273.263 -367.452 283.172 -373.944 274.337 -365.92 281.872 -367.452 283.172 -372.245 273.263 -365.92 281.872 -359.793 291.017 -367.452 283.172 -358.457 289.516 -359.793 291.017 -365.92 281.872 -358.457 289.516 -357.497 292.79 -359.793 291.017 -357.497 292.79 -358.457 289.516 -350.001 296.045 -326.871 272.943 -324.489 274.993 -340.719 301.332 -349.832 249.565 -333.65 252.834 -350.115 251.612 -333.497 250.777 -333.65 252.834 -349.832 249.565 -333.497 250.777 -327.358 253.301 -333.65 252.834 -327.335 251.235 -327.358 253.301 -333.497 250.777 -304.807 250.051 -327.358 253.301 -327.335 251.235 -304.807 250.051 -304.569 252.104 -327.358 253.301 -282.609 246.034 -304.569 252.104 -304.807 250.051 -282.609 246.034 -282.113 248.04 -304.569 252.104 -263.029 239.857 -282.113 248.04 -282.609 246.034 -282.113 248.04 -263.029 239.857 -260.35 241.174 -260.35 241.174 -263.245 247.063 -282.113 248.04 -282.113 248.04 -263.245 247.063 -280.972 252.655 -282.113 248.04 -280.972 252.655 -304.02 256.826 -282.113 248.04 -304.02 256.826 -304.569 252.104 -304.569 252.104 -304.02 256.826 -327.409 258.054 -304.569 252.104 -327.409 258.054 -327.358 253.301 -327.358 253.301 -327.409 258.054 -333.65 252.834 -333.65 252.834 -327.409 258.054 -329.024 257.935 -333.65 252.834 -329.024 257.935 -330.715 267.987 -328.99 258.515 -330.715 267.987 -329.024 257.935 -328.99 258.515 -328.959 270.594 -330.715 267.987 -328.513 260.977 -328.959 270.594 -328.99 258.515 -327.712 263.353 -328.959 270.594 -328.513 260.977 -327.712 263.353 -326.871 272.943 -328.959 270.594 -326.602 265.601 -326.871 272.943 -327.712 263.353 -333.65 252.834 -330.715 267.987 -332.107 265.169 -333.65 252.834 -332.107 265.169 -333.111 262.191 -333.65 252.834 -333.111 262.191 -333.708 259.106 -333.65 252.834 -333.708 259.106 -333.889 255.968 -327.335 251.235 -329.475 233.047 -318.286 224.426 -330.593 231.305 -329.475 233.047 -335.727 236.335 -319.686 222.901 -329.475 233.047 -330.593 231.305 -319.686 222.901 -318.286 224.426 -329.475 233.047 -310.382 212.75 -318.286 224.426 -319.686 222.901 -310.382 212.75 -308.741 214.013 -318.286 224.426 -302.957 201.155 -308.741 214.013 -310.382 212.75 -302.957 201.155 -301.124 202.117 -308.741 214.013 -297.631 188.457 -301.124 202.117 -302.957 201.155 -297.631 188.457 -295.66 189.091 -301.124 202.117 -294.561 175.035 -295.66 189.091 -297.631 188.457 -294.561 175.035 -292.511 175.321 -295.66 189.091 -292.511 175.321 -294.561 175.035 -293.839 161.284 -293.839 161.284 -291.77 161.214 -292.511 175.321 -354.051 199.245 -360.951 196.573 -349.603 191.903 -336.687 234.51 -340.108 230.814 -339.671 228.472 -336.687 234.51 -341.397 239.317 -342.78 237.714 -336.687 234.51 -335.727 236.335 -341.397 239.317 -330.593 231.305 -335.727 236.335 -336.687 234.51 -342.78 237.714 -341.397 239.317 -345.642 245.124 -342.78 237.714 -345.642 245.124 -347.147 243.687 -347.147 243.687 -345.642 245.124 -350.892 249.35 -347.147 243.687 -350.892 249.35 -352.911 248.327 -350.892 249.35 -357.123 250.187 -352.911 248.327 -350.892 249.35 -350.115 251.612 -357.123 250.187 -349.832 249.565 -350.115 251.612 -350.892 249.35 -369.521 243.851 -355.885 241.938 -357.123 250.187 -344.554 235.835 -342.78 237.714 -355.885 241.938 -342.394 230.258 -342.78 237.714 -344.554 235.835 -342.224 228.693 -342.78 237.714 -342.394 230.258 -342.78 237.714 -342.224 228.693 -340.108 230.814 -342.983 222.608 -340.108 230.814 -342.224 228.693 -340.108 230.814 -342.983 222.608 -339.825 228.199 -350.549 211.472 -354.781 206.233 -348.078 203.612 -364.077 196.494 -365.674 198.195 -364.409 196.2 -364.077 196.494 -360.983 202.846 -365.674 198.195 -359.295 201.235 -360.983 202.846 -364.077 196.494 -359.295 201.235 -356.555 207.749 -360.983 202.846 -354.781 206.233 -356.555 207.749 -359.295 201.235 -354.781 206.233 -352.404 212.887 -356.555 207.749 -350.549 211.472 -352.404 212.887 -354.781 206.233 -350.549 211.472 -348.542 218.247 -352.404 212.887 -346.612 216.936 -348.542 218.247 -350.549 211.472 -346.612 216.936 -344.982 223.811 -348.542 218.247 -342.983 222.608 -344.982 223.811 -346.612 216.936 -342.983 222.608 -342.224 228.693 -344.982 223.811 -390.495 206.275 -396.682 194.69 -381.181 185.887 -386.6 218.818 -388.893 219.298 -390.495 206.275 -388.893 219.298 -386.6 218.818 -387.478 231.91 -385.775 240.089 -387.478 231.91 -386.6 218.818 -385.775 240.089 -388.241 241.715 -387.478 231.91 -385.775 240.089 -383.283 243.398 -388.241 241.715 -382.861 241.078 -383.283 243.398 -385.775 240.089 -369.646 241.513 -383.283 243.398 -382.861 241.078 -369.646 241.513 -369.521 243.851 -383.283 243.398 -356.409 239.656 -369.521 243.851 -369.646 241.513 -356.409 239.656 -355.885 241.938 -369.521 243.851 -344.554 235.835 -355.885 241.938 -356.409 239.656 -383.283 243.398 -387.222 244.618 -388.241 241.715 -388.463 244.562 -388.357 243.208 -387.222 244.618 -390.054 241.1 -388.241 241.715 -388.357 243.208 -372.478 247.064 -381.249 248.985 -383.283 243.398 -386.6 218.818 -385.136 231.87 -385.775 240.089 -390.495 206.275 -388.893 219.298 -392.657 207.179 -390.495 206.275 -392.657 207.179 -396.682 194.69 -396.682 194.69 -392.657 207.179 -398.635 195.984 -396.682 194.69 -398.635 195.984 -404.939 184.476 -404.939 184.476 -398.635 195.984 -406.613 186.115 -404.939 184.476 -406.613 186.115 -408.926 181.106 -408.926 181.106 -406.613 186.115 -412.644 181.019 -408.926 181.106 -412.644 181.019 -409.095 178.296 -409.095 178.296 -407.432 179.96 -408.926 181.106 -406.28 174.627 -407.432 179.96 -409.095 178.296 -405.847 173.58 -407.432 179.96 -406.28 174.627 -405.847 173.58 -404.612 176.285 -407.432 179.96 -405.847 173.58 -392.339 179.294 -404.612 176.285 -391.482 177.103 -392.339 179.294 -405.847 173.58 -391.482 177.103 -386.775 182.374 -392.339 179.294 -385.59 180.365 -386.775 182.374 -391.482 177.103 -385.59 180.365 -381.181 185.887 -386.775 182.374 -379.886 183.946 -381.181 185.887 -385.59 180.365 -379.886 183.946 -375.788 189.703 -381.181 185.887 -374.389 187.836 -375.788 189.703 -379.886 183.946 -374.389 187.836 -370.614 193.81 -375.788 189.703 -369.114 192.023 -370.614 193.81 -374.389 187.836 -369.114 192.023 -365.957 197.944 -370.614 193.81 -369.114 192.023 -365.674 198.195 -365.957 197.944 -364.409 196.2 -365.674 198.195 -369.114 192.023 -299.103 308.399 -299.592 296.331 -299.573 292.934 -299.592 296.331 -299.103 308.399 -300.372 299.638 -300.372 299.638 -299.103 308.399 -301.872 302.686 -301.872 302.686 -299.103 308.399 -304.017 305.321 -304.017 305.321 -299.103 308.399 -306.697 307.408 -306.697 307.408 -299.103 308.399 -309.777 308.843 -421.735 258.259 -417.731 262.046 -460.916 250.374 -297.731 284.022 -295.878 301.251 -296.816 303.157 -295.802 288.058 -295.878 301.251 -297.731 284.022 -295.802 288.058 -294.851 296.897 -295.878 301.251 -294.851 296.897 -295.802 288.058 -294.825 292.423 -234.943 271.32 -235.104 292.602 -235.07 269.914 -234.568 272.68 -235.104 292.602 -234.943 271.32 -233.955 273.952 -235.104 292.602 -234.568 272.68 -233.955 273.952 -233.61 291.793 -235.104 292.602 -233.125 275.093 -233.61 291.793 -233.955 273.952 -233.125 275.093 -232.267 290.752 -233.61 291.793 -232.105 276.068 -232.267 290.752 -233.125 275.093 -232.105 276.068 -231.111 289.506 -232.267 290.752 -230.926 276.845 -231.111 289.506 -232.105 276.068 -230.926 276.845 -230.173 288.09 -231.111 289.506 -230.03 278.288 -230.173 288.09 -230.926 276.845 -230.03 278.288 -229.476 286.54 -230.173 288.09 -229.379 279.857 -229.476 286.54 -230.03 278.288 -229.379 279.857 -229.041 284.898 -229.476 286.54 -228.992 281.512 -229.041 284.898 -229.379 279.857 -229.041 284.898 -228.992 281.512 -228.878 283.207 -153.351 280.004 -143.809 291.234 -161.637 318.344 -97.4617 253.541 -107.909 260.104 -106.57 255.878 -106.57 255.878 -107.909 260.104 -127.238 231.625 -127.238 231.625 -107.909 260.104 -130.186 233.963 -127.238 231.625 -130.186 233.963 -130.049 227.813 -130.049 227.813 -130.186 233.963 -132.236 223.761 -132.236 223.761 -130.186 233.963 -133.233 229.831 -156.45 202.668 -135.752 195.395 -137.506 200.219 -129.324 170.962 -122.682 179.887 -131.222 175.916 -120.118 175.244 -122.682 179.887 -129.324 170.962 -120.118 175.244 -114.774 185.001 -122.682 179.887 -111.592 180.756 -114.774 185.001 -120.118 175.244 -111.592 180.756 -107.649 191.159 -114.774 185.001 -103.91 187.395 -107.649 191.159 -111.592 180.756 -103.91 187.395 -101.443 198.243 -107.649 191.159 -97.2202 195.032 -101.443 198.243 -103.91 187.395 -97.2202 195.032 -96.2765 206.116 -101.443 198.243 -97.2202 195.032 -92.2482 214.629 -96.2765 206.116 -91.6503 203.521 -92.2482 214.629 -97.2202 195.032 -91.6503 203.521 -89.4356 223.617 -92.2482 214.629 -91.7372 232.708 -92.2482 214.629 -89.4356 223.617 -92.2482 214.629 -91.7372 232.708 -93.1019 224.491 -95.7585 216.001 -93.1019 224.491 -127.238 231.625 -132.236 223.761 -133.233 229.831 -133.833 219.443 -133.833 219.443 -133.233 229.831 -135.67 225.314 -133.833 219.443 -135.67 225.314 -134.809 214.944 -134.809 214.944 -135.67 225.314 -135.145 210.353 -135.752 195.395 -135.145 210.353 -135.67 225.314 -135.752 195.395 -134.834 205.759 -135.145 210.353 -135.752 195.395 -133.882 201.255 -134.834 205.759 -133.339 190.864 -133.882 201.255 -135.752 195.395 -133.339 190.864 -132.309 196.928 -133.882 201.255 -130.315 186.716 -132.309 196.928 -133.339 190.864 -130.315 186.716 -130.145 192.865 -132.309 196.928 -130.315 186.716 -127.433 189.145 -130.145 192.865 -126.739 183.033 -127.433 189.145 -130.315 186.716 -126.739 183.033 -124.226 185.842 -127.433 189.145 -122.682 179.887 -124.226 185.842 -126.739 183.033 -122.682 179.887 -122.485 184.492 -124.226 185.842 -122.682 179.887 -117.035 188.016 -122.485 184.492 -114.774 185.001 -117.035 188.016 -122.682 179.887 -114.774 185.001 -110.305 193.833 -117.035 188.016 -107.649 191.159 -110.305 193.833 -114.774 185.001 -107.649 191.159 -104.443 200.524 -110.305 193.833 -101.443 198.243 -104.443 200.524 -107.649 191.159 -101.443 198.243 -99.5634 207.961 -104.443 200.524 -96.2765 206.116 -99.5634 207.961 -101.443 198.243 -96.2765 206.116 -95.7585 216.001 -99.5634 207.961 -96.2765 206.116 -93.1019 224.491 -95.7585 216.001 -92.2482 214.629 -93.1019 224.491 -96.2765 206.116 -135.752 195.395 -135.67 225.314 -137.451 220.499 -135.752 195.395 -137.451 220.499 -137.506 200.219 -137.506 200.219 -137.451 220.499 -138.539 215.483 -137.506 200.219 -138.539 215.483 -138.567 205.241 -138.567 205.241 -138.539 215.483 -138.914 210.363 -139.033 167.995 -128.681 146.906 -129.324 170.962 -129.324 170.962 -131.222 175.916 -139.033 167.995 -139.033 167.995 -131.222 175.916 -140.228 173.164 -139.033 167.995 -140.228 173.164 -149.06 166.399 -149.06 166.399 -140.228 173.164 -149.529 171.683 -149.06 166.399 -149.529 171.683 -159.211 166.205 -159.211 166.205 -149.529 171.683 -158.945 171.503 -159.211 166.205 -158.945 171.503 -168.295 172.626 -159.211 166.205 -168.295 172.626 -163.528 166.723 -163.528 166.723 -168.295 172.626 -163.605 165.897 -163.605 165.897 -168.295 172.626 -165.196 140.482 -165.196 140.482 -168.295 172.626 -167.027 146.736 -167.027 146.736 -168.295 172.626 -168.261 153.135 -168.261 153.135 -168.295 172.626 -168.886 159.621 -168.886 159.621 -168.295 172.626 -168.898 166.137 -165.196 140.482 -163.595 159.88 -163.605 165.897 -165.196 140.482 -163.017 153.891 -163.595 159.88 -176.7 252.596 -175.976 261.193 -177.703 257.173 -177.703 257.173 -175.976 261.193 -187.215 254.4 -177.703 257.173 -187.215 254.4 -185.809 252.274 -185.809 252.274 -187.215 254.4 -196.29 244.71 -196.29 244.71 -187.215 254.4 -197.864 246.714 -196.29 244.71 -197.864 246.714 -203.969 238.153 -203.969 238.153 -197.864 246.714 -207.852 238.187 -208.685 237.35 -203.969 238.153 -207.852 238.187 -202.516 234.795 -203.969 238.153 -208.685 237.35 -202.516 234.795 -201.232 237.019 -203.969 238.153 -196.662 230.302 -201.232 237.019 -202.516 234.795 -196.662 230.302 -194.845 232.119 -201.232 237.019 -192.169 224.448 -194.845 232.119 -196.662 230.302 -192.169 224.448 -189.945 225.732 -194.845 232.119 -189.345 217.63 -189.945 225.732 -192.169 224.448 -188.382 210.314 -189.945 225.732 -189.345 217.63 -189.945 225.732 -188.382 210.314 -186.864 218.295 -241.501 223.553 -233.208 208.147 -225.583 218.839 -296.841 161.385 -299.454 134.428 -295.486 147.614 -299.454 134.428 -296.841 161.385 -298.426 148.228 -310.96 151.307 -296.841 161.385 -318.91 157.787 -351.705 171.035 -350.806 173.889 -355.698 175.43 -346.949 169.537 -350.806 173.889 -351.705 171.035 -346.949 169.537 -345.915 172.348 -350.806 173.889 -337.762 165.655 -345.915 172.348 -346.949 169.537 -337.762 165.655 -336.466 168.356 -345.915 172.348 -328.983 160.921 -336.466 168.356 -337.762 165.655 -328.983 160.921 -327.438 163.488 -336.466 168.356 -320.691 155.379 -327.438 163.488 -328.983 160.921 -320.691 155.379 -318.91 157.787 -327.438 163.488 -312.96 149.077 -318.91 157.787 -320.691 155.379 -312.96 149.077 -310.96 151.307 -318.91 157.787 -305.86 142.073 -310.96 151.307 -312.96 149.077 -305.86 142.073 -303.658 144.103 -310.96 151.307 -305.86 142.073 -300.722 140.6 -303.658 144.103 -299.454 134.428 -300.722 140.6 -305.86 142.073 -299.454 134.428 -298.426 148.228 -300.722 140.6 -349.677 151.164 -336.505 146.237 -337.762 165.655 -351.705 171.035 -355.698 175.43 -356.462 172.533 -356.462 172.533 -355.698 175.43 -365.729 177.573 -356.462 172.533 -365.729 177.573 -366.215 174.617 -366.215 174.617 -365.729 177.573 -375.691 178.731 -366.215 174.617 -375.691 178.731 -376.122 175.769 -436.92 168.509 -439.002 168.317 -439.072 167.789 -18.1051 179.767 -23.2071 171.222 0 134.428 0 232.411 0 236.282 -0.552146 232.553 -41.6906 243.11 0 236.282 -73.24501 254.997 -58.2077 186.89 -58.6985 195.47 -90.27571 255.578 -42.6291 210.026 -56.7415 212.517 -42.4514 207.548 -38.3658 198.629 -33.8182 195.143 -39.858 219.437 -53.992 314.775 -56.536 320.39 -95.5858 274.565 -472.048 326.579 -467.709 330.394 -512.239 330.394 -467.709 330.394 -472.048 326.579 -469.185 318.959 -469.185 318.959 -472.048 326.579 -472.039 307.787 -472.939 319.677 -472.039 307.787 -472.048 326.579 -472.039 307.787 -472.939 319.677 -476.227 297.045 -476.227 297.045 -472.939 319.677 -475.677 308.957 -484.939 288.903 -489.439 295.983 -492.574 288.508 -472.048 326.579 -512.239 330.394 -498.079 326.579 -498.079 326.579 -512.239 330.394 -505.691 327.648 -498.079 326.579 -505.691 327.648 -500.076 323.3 -500.076 323.3 -497.343 326.009 -498.079 326.579 -495.778 317.648 -497.343 326.009 -500.076 323.3 -493.09 311.075 -497.343 326.009 -495.778 317.648 -493.09 311.075 -492.437 319.557 -497.343 326.009 -492.194 304.031 -492.437 319.557 -493.09 311.075 -489.439 295.983 -492.437 319.557 -492.194 304.031 -489.439 295.983 -489.369 312.055 -492.437 319.557 -489.369 312.055 -489.439 295.983 -488.346 304.014 -492.194 304.031 -492.574 288.508 -489.439 295.983 -492.574 288.508 -492.194 304.031 -493.151 296.995 -492.574 288.508 -493.151 296.995 -497.536 282.099 -497.536 282.099 -493.151 296.995 -495.898 290.447 -497.536 282.099 -495.898 290.447 -500.245 284.832 -497.536 282.099 -500.245 284.832 -503.988 277.193 -503.988 277.193 -500.245 284.832 -505.898 280.534 -503.988 277.193 -505.898 280.534 -511.49 274.124 -511.49 274.124 -505.898 280.534 -512.47 277.845 -511.49 274.124 -512.47 277.845 -519.531 273.102 -519.531 273.102 -512.47 277.845 -519.514 276.95 -519.531 273.102 -519.514 276.95 -526.55 277.907 -519.531 273.102 -526.55 277.907 -526.249 274.016 -526.249 274.016 -526.55 277.907 -528.8 273.256 -528.8 273.256 -526.55 277.907 -530.14 276.838 -528.8 273.256 -530.14 276.838 -531.735 271.923 -531.735 271.923 -530.14 276.838 -533.551 275.289 -531.735 271.923 -533.551 275.289 -534.46 270.202 -534.46 270.202 -533.551 275.289 -536.718 273.288 -534.46 270.202 -536.718 273.288 -536.925 268.126 -536.925 268.126 -536.718 273.288 -539.583 270.875 -536.925 268.126 -539.583 270.875 -539.083 265.732 -539.083 265.732 -539.583 270.875 -540.895 263.066 -540.895 263.066 -539.583 270.875 -542.091 268.093 -540.895 263.066 -542.091 268.093 -542.325 260.178 -542.325 260.178 -542.091 268.093 -544.197 264.994 -542.325 260.178 -544.197 264.994 -543.349 257.122 -543.349 257.122 -544.197 264.994 -543.945 253.955 -543.945 253.955 -544.197 264.994 -544.104 250.736 -546.766 243.279 -544.104 250.736 -544.197 264.994 -546.766 243.279 -543.852 247.861 -544.104 250.736 -546.766 243.279 -536.606 249.521 -543.852 247.861 -535.528 245.854 -536.606 249.521 -546.766 243.279 -535.528 245.854 -526.201 253.284 -536.606 249.521 -524.685 249.775 -526.201 253.284 -535.528 245.854 -524.685 249.775 -516.329 258.282 -526.201 253.284 -514.398 254.984 -516.329 258.282 -524.685 249.775 -514.398 254.984 -507.137 264.442 -516.329 258.282 -504.82 261.402 -507.137 264.442 -514.398 254.984 -504.82 261.402 -498.761 271.673 -507.137 264.442 -496.092 268.937 -498.761 271.673 -504.82 261.402 -496.092 268.937 -491.325 279.867 -498.761 271.673 -488.344 277.475 -491.325 279.867 -496.092 268.937 -488.344 277.475 -484.939 288.903 -491.325 279.867 -481.689 286.891 -484.939 288.903 -488.344 277.475 -481.689 286.891 -479.697 298.648 -484.939 288.903 -476.227 297.045 -479.697 298.648 -481.689 286.891 -476.227 297.045 -475.677 308.957 -479.697 298.648 -546.766 243.279 -544.197 264.994 -545.86 261.638 -546.766 243.279 -545.86 261.638 -547.049 258.086 -546.766 243.279 -547.049 258.086 -547.6 246.931 -547.6 246.931 -547.049 258.086 -547.743 254.404 -547.6 246.931 -547.743 254.404 -547.928 250.663 -5.87963 4.09004 -6.04725 3.31418 -4.58812 3.80587 9.001091 0 8.03222 0.984252 8.03222 0 9.91863 0 9.00278 0.984252 9.00278 0 10.5316 0 9.662711 0.984252 9.662711 0 11.0852 0 10.2845 0.984252 10.2845 0 11.5434 0 10.8395 0.984252 10.8395 0 4.96807 0 0.817369 0.984252 0.817369 0 -8.74202 0 -12.1903 0.984252 -12.1903 0 -3.85696 0 -4.96807 0.984252 -4.96807 0 10.9387 0 8.74202 0.984252 8.74202 0 -1.39847 0 -3.85696 0.984252 -3.85696 0 -10.0192 0 -10.9423 0.984252 -10.9423 0 -9.03346 0 -10.1026 0.984252 -10.1026 0 -8.14742 0 -8.836131 0.984252 -8.836131 0 -6.915 0 -7.55874 0.984252 -7.55874 0 -5.29868 0 -5.92101 0.984252 -5.92101 0 -3.36934 0 -3.99484 0.984252 -3.99484 0 -1.32951 0 -1.99544 0.984252 -1.99544 0 0.754565 0 0.03948599 0.984252 0.03948599 0 2.75616 0 1.96239 0.984252 1.96239 0 4.6156 0 3.71667 0.984252 3.71667 0 6.17122 0 5.35334 0.984252 5.35334 0 7.66582 0 6.91804 0.984252 6.91804 0 9.031901 0 8.334481 0.984252 8.334481 0 10.1344 0 9.463211 0.984252 9.463211 0 10.8285 0 10.186 0.984252 10.186 0 10.9857 0 10.3718 0.984252 10.3718 0 10.5501 0 9.931221 0.984252 9.931221 0 9.70951 0 9.052781 0.984252 9.052781 0 8.86974 0 7.78937 0.984252 7.78937 0 7.35784 0 6.42056 0.984252 6.42056 0 6.12061 0 5.30124 0.984252 5.30124 0 4.56724 0 3.93642 0.984252 3.93642 0 12.152 0 12.0434 0.984252 12.0434 0 9.04853 0 7.52235 0.984252 7.52235 0 -6.58967 0 -7.28832 0.984252 -7.28832 0 -6.77587 0 -7.53559 0.984252 -7.53559 0 -7.54304 0 -8.40745 0.984252 -8.40745 0 -8.26442 0 -9.18664 0.984252 -9.18664 0 -8.89333 0 -9.86605 0.984252 -9.86605 0 -9.52319 0 -10.4479 0.984252 -10.4479 0 -9.90395 0 -10.7873 0.984252 -10.7873 0 -9.937331 0 -10.79 0.984252 -10.79 0 -9.41645 0 -10.3039 0.984252 -10.3039 0 -8.39117 0 -9.32146 0.984252 -9.32146 0 -6.96942 0 -7.96895 0.984252 -7.96895 0 -5.26809 0 -6.36063 0.984252 -6.36063 0 -3.47701 0 -4.62283 0.984252 -4.62283 0 -1.60508 0 -2.63584 0.984252 -2.63584 0 0.386467 0 -0.555159 0.984252 -0.555159 0 2.45529 0 1.57151 0.984252 1.57151 0 4.49238 0 3.63635 0.984252 3.63635 0 6.29699 0 5.42883 0.984252 5.42883 0 7.78214 0 6.87297 0.984252 6.87297 0 5.82375 4.98723 5.87664 5.8034 4.5083 4.94891 -15.9579 9.69349 -14.0294 0.185185 -12.7522 0.185185 -14.0294 0.185185 -15.9579 9.69349 -14.8914 2.84163 -14.8914 2.84163 -15.9579 9.69349 -15.2427 3.92082 -15.2427 3.92082 -15.9579 9.69349 -16.705 8.40358 -16.705 8.40358 -15.9579 9.69349 -17.516 9.69349 -15.9579 0 -17.516 0.984252 -17.516 0 -4.24946 0 -14.2836 0.984252 -14.2836 0 14.0294 0 12.7522 0.984252 12.7522 0 7.29945 0 4.50662 0.984252 4.50662 0 18.5249 0 14.8914 0.984252 14.8914 0 -15.2427 3.92082 -18.5249 2.84163 -14.8914 2.84163 -18.5249 2.84163 -15.2427 3.92082 -18.1737 3.92082 -15.2427 0 -18.1737 0.984252 -18.1737 0 13.1699 0 8.454661 0.984252 8.454661 0 1.93245 0 -2.78478 0.984252 -2.78478 0 -16.705 8.40358 -17.516 9.69349 -18.1737 3.92082 -18.1737 3.92082 -17.516 9.69349 -20.7216 0.185185 3.58966 0 -6.44448 0.984252 -6.44448 0 17.516 9.69349 18.1737 3.92082 20.7216 0.185185 17.516 9.69349 16.705 8.40358 18.1737 3.92082 15.9579 9.69349 16.705 8.40358 17.516 9.69349 15.9579 9.69349 15.2427 3.92082 16.705 8.40358 15.9579 9.69349 14.8914 2.84163 15.2427 3.92082 15.9579 9.69349 14.0294 0.185185 14.8914 2.84163 14.0294 0.185185 15.9579 9.69349 12.7522 0.185185 18.5249 2.84163 15.2427 3.92082 14.8914 2.84163 15.2427 3.92082 18.5249 2.84163 18.1737 3.92082 20.7216 0.185185 18.1737 3.92082 18.5249 2.84163 20.7216 0.185185 18.5249 2.84163 19.387 0.185185 5.80808 0 3.01525 0.984252 3.01525 0 -18.5249 2.84163 -20.7216 0.185185 -19.387 0.185185 -18.1737 3.92082 -20.7216 0.185185 -18.5249 2.84163 20.7216 0 19.387 0.984252 19.387 0 -21.622 9.69349 -22.8863 9.69349 -22.8863 1.30907 27.1328 0 21.622 0.984252 21.622 0 1.30907 0 0.185185 0.984252 0.185185 0 -22.8863 0 -27.1328 0.984252 -27.1328 0 9.69349 0 1.30907 0.984252 1.30907 0 -21.622 0 -22.8863 0.984252 -22.8863 0 -0.185185 0 -9.69349 0.984252 -9.69349 0 21.622 0.185185 22.8863 1.30907 21.622 9.69349 -28.129 9.69349 -29.3934 9.69349 -29.3934 1.30907 33.6398 0 28.129 0.984252 28.129 0 1.30907 0 0.185185 0.984252 0.185185 0 -29.3934 0 -33.6398 0.984252 -33.6398 0 9.69349 0 1.30907 0.984252 1.30907 0 -28.129 0 -29.3934 0.984252 -29.3934 0 -0.185185 0 -9.69349 0.984252 -9.69349 0 28.129 0.185185 29.3934 1.30907 28.129 9.69349 -35.9004 5.96424 -40.2618 4.84036 -35.9004 4.84036 -0.185185 0 -9.69349 0.984252 -9.69349 0 40.5811 0 34.636 0.984252 34.636 0 1.30907 0 0.185185 0.984252 0.185185 0 -35.9004 0 -40.5811 0.984252 -40.5811 0 4.84036 0 1.30907 0.984252 1.30907 0 40.2618 0 35.9004 0.984252 35.9004 0 5.96424 0 4.84036 0.984252 4.84036 0 -35.9004 0 -40.2618 0.984252 -40.2618 0 8.569601 0 5.96424 0.984252 5.96424 0 40.5811 0 35.9004 0.984252 35.9004 0 9.69349 0 8.569601 0.984252 8.569601 0 -34.636 0 -40.5811 0.984252 -40.5811 0 34.636 9.69349 35.9004 4.84036 35.9004 5.96424 -41.9732 9.69349 -43.2375 8.60792 -41.9732 0.185185 -43.2375 8.60792 -41.9732 9.69349 -44.4253 9.69349 -41.9732 0 -44.4253 0.984252 -44.4253 0 -0.185185 0 -9.69349 0.984252 -9.69349 0 43.2375 0 41.9732 0.984252 41.9732 0 -43.2375 8.60792 -43.2375 0.185185 -41.9732 0.185185 -43.2375 0.185185 -43.2375 8.60792 -43.2375 5.01916 8.60792 0 5.01916 0.984252 5.01916 0 44.4891 0 43.2375 0.984252 43.2375 0 -43.2375 8.60792 -44.4253 9.69349 -44.4891 8.60792 -44.4891 8.60792 -44.4253 9.69349 -45.795 9.60409 -43.6996 0 -45.0723 0.984252 -45.0723 0 44.4253 9.69349 44.4891 8.60792 45.795 9.60409 44.4253 9.69349 43.2375 8.60792 44.4891 8.60792 41.9732 9.69349 43.2375 8.60792 44.4253 9.69349 41.9732 9.69349 43.2375 0.185185 43.2375 8.60792 43.2375 0.185185 41.9732 9.69349 41.9732 0.185185 43.2375 8.60792 43.2375 0.185185 43.2375 3.96552 3.96552 0 0.185185 0.984252 0.185185 0 -43.2375 0.185185 -43.2375 5.01916 -43.2375 3.96552 -44.3487 5.01916 -43.2375 3.96552 -43.2375 5.01916 -43.2375 3.96552 -44.3487 5.01916 -44.6807 3.96552 -44.6807 3.96552 -44.3487 5.01916 -45.3257 5.11494 -44.6268 0 -45.6085 0.984252 -45.6085 0 -43.2375 0 -44.3487 0.984252 -44.3487 0 43.2375 5.01916 44.6807 3.96552 44.3487 5.01916 44.6807 3.96552 43.2375 5.01916 43.2375 3.96552 43.2375 8.60792 43.2375 3.96552 43.2375 5.01916 44.6807 0 43.2375 0.984252 43.2375 0 29.5884 0 24.7536 0.984252 24.7536 0 -44.6807 3.96552 -45.3257 5.11494 -47.6948 0.185185 -47.6948 0.185185 -45.3257 5.11494 -45.9515 4.32312 -45.9515 4.32312 -45.3257 5.11494 -45.728 5.26181 -44.3311 0 -44.7594 0.984252 -44.7594 0 45.3257 5.11494 45.9515 4.32312 45.728 5.26181 45.3257 5.11494 47.6948 0.185185 45.9515 4.32312 45.3257 5.11494 44.6807 3.96552 47.6948 0.185185 44.3487 5.01916 44.6807 3.96552 45.3257 5.11494 45.9515 4.32312 47.6948 0.185185 49.3359 0.185185 49.3359 0 47.6948 0.984252 47.6948 0 -47.6948 0.185185 -45.9515 4.32312 -49.3359 0.185185 -25.7459 0 -31.0916 0.984252 -31.0916 0 43.6128 0 42.6895 0.984252 42.6895 0 -45.9515 4.32312 -46.0664 5.51086 -46.7688 4.75255 -46.0664 5.51086 -45.9515 4.32312 -45.728 5.26181 -39.9496 0 -40.3698 0.984252 -40.3698 0 45.9515 4.32312 46.0664 5.51086 45.728 5.26181 46.0664 5.51086 45.9515 4.32312 46.7688 4.75255 46.0664 5.51086 46.7688 4.75255 46.3051 5.8046 46.3051 5.8046 46.7688 4.75255 46.4719 6.14943 46.4719 6.14943 46.7688 4.75255 46.6028 7.01788 46.8455 9.189021 46.6028 7.01788 46.7688 4.75255 46.8455 9.189021 46.5661 7.4098 46.6028 7.01788 46.8455 9.189021 46.4559 7.75543 46.5661 7.4098 46.3338 9.45562 46.4559 7.75543 46.8455 9.189021 46.3338 9.45562 46.2692 8.048371 46.4559 7.75543 46.3338 9.45562 46.0026 8.282251 46.2692 8.048371 45.795 9.60409 46.0026 8.282251 46.3338 9.45562 45.795 9.60409 45.3768 8.534481 46.0026 8.282251 45.795 9.60409 44.4891 8.60792 45.3768 8.534481 44.5186 0 43.6279 0.984252 43.6279 0 -44.4891 8.60792 -45.795 9.60409 -45.3768 8.534481 -45.3768 8.534481 -45.795 9.60409 -46.0026 8.282251 -46.0026 8.282251 -45.795 9.60409 -46.3338 9.45562 -41.5982 0 -42.157 0.984252 -42.157 0 -36.7209 0 -37.2978 0.984252 -37.2978 0 -46.4559 7.75543 -46.3338 9.45562 -46.8455 9.189021 -46.2692 8.048371 -46.3338 9.45562 -46.4559 7.75543 -46.0026 8.282251 -46.3338 9.45562 -46.2692 8.048371 29.4748 0 29.1201 0.984252 29.1201 0 18.4363 0 18.0889 0.984252 18.0889 0 7.08023 0 6.71748 0.984252 6.71748 0 -46.4559 7.75543 -46.8455 9.189021 -46.5661 7.4098 -46.5661 7.4098 -46.8455 9.189021 -46.6028 7.01788 -46.6028 7.01788 -46.8455 9.189021 -46.7688 4.75255 -46.7688 4.75255 -46.8455 9.189021 -47.3946 5.36398 -47.3946 5.36398 -46.8455 9.189021 -47.2917 8.82344 -30.4125 0 -30.9893 0.984252 -30.9893 0 46.8455 9.189021 47.3946 5.36398 47.2917 8.82344 46.8455 9.189021 46.7688 4.75255 47.3946 5.36398 37.6486 0 36.7737 0.984252 36.7737 0 30.0275 0 29.5885 0.984252 29.5885 0 -47.3946 5.36398 -47.6341 8.365261 -47.6265 5.73675 -47.3946 5.36398 -47.2917 8.82344 -47.6341 8.365261 -21.244 0 -21.816 0.984252 -21.816 0 47.2917 8.82344 47.3946 5.36398 47.6341 8.365261 47.6341 8.365261 47.3946 5.36398 47.6265 5.73675 47.6341 8.365261 47.6265 5.73675 47.7921 6.15262 23.3994 0 22.9517 0.984252 22.9517 0 -47.6265 5.73675 -47.6341 8.365261 -47.7921 6.15262 -47.7921 6.15262 -47.6341 8.365261 -47.852 7.80013 -9.332381 0 -9.938071 0.984252 -9.938071 0 47.6341 8.365261 47.7921 6.15262 47.852 7.80013 47.852 7.80013 47.7921 6.15262 47.9246 7.11367 13.5926 0 12.6225 0.984252 12.6225 0 -47.7921 6.15262 -47.852 7.80013 -47.9246 7.11367 2.72152 0 2.03123 0.984252 2.03123 0 -46.7688 4.75255 -46.4719 6.14943 -46.6028 7.01788 -46.7688 4.75255 -46.3051 5.8046 -46.4719 6.14943 -46.7688 4.75255 -46.0664 5.51086 -46.3051 5.8046 -33.3262 0 -33.7047 0.984252 -33.7047 0 -25.3914 0 -25.7744 0.984252 -25.7744 0 -13.0074 0 -13.8857 0.984252 -13.8857 0 -2.64027 0 -3.03391 0.984252 -3.03391 0 39.5709 0 38.8962 0.984252 38.8962 0 -53.5313 4.39336 -52.2669 4.25926 -52.9119 5.49808 37.6988 0 31.5014 0.984252 31.5014 0 -55.4023 0 -56.7433 0.984252 -56.7433 0 -31.7366 0 -36.6155 0.984252 -36.6155 0 -17.0934 0 -21.9529 0.984252 -21.9529 0 -49.0549 0 -50.4598 0.984252 -50.4598 0 22.9284 0 16.6159 0.984252 16.6159 0 -0.185185 0 -4.25926 0.984252 -4.25926 0 53.5313 0 52.2669 0.984252 52.2669 0 4.39336 0 0.185185 0.984252 0.185185 0 53.5313 4.39336 52.9119 5.49808 52.2669 4.25926 -63.8889 9.69349 -61.9604 0.185185 -60.6833 0.185185 -61.9604 0.185185 -63.8889 9.69349 -62.8225 2.84163 -62.8225 2.84163 -63.8889 9.69349 -63.1737 3.92082 -63.1737 3.92082 -63.8889 9.69349 -64.636 8.40358 -64.636 8.40358 -63.8889 9.69349 -65.447 9.69349 -63.8889 0 -65.447 0.984252 -65.447 0 -19.5621 0 -29.5962 0.984252 -29.5962 0 61.9604 0 60.6833 0.984252 60.6833 0 22.0944 0 19.3016 0.984252 19.3016 0 66.4559 0 62.8225 0.984252 62.8225 0 -63.1737 3.92082 -66.4559 2.84163 -62.8225 2.84163 -66.4559 2.84163 -63.1737 3.92082 -66.1047 3.92082 -63.1737 0 -66.1047 0.984252 -66.1047 0 28.0346 0 23.3194 0.984252 23.3194 0 16.8558 0 12.1386 0.984252 12.1386 0 -64.636 8.40358 -65.447 9.69349 -66.1047 3.92082 -66.1047 3.92082 -65.447 9.69349 -68.65261 0.185185 -11.7229 0 -21.7571 0.984252 -21.7571 0 65.447 9.69349 66.1047 3.92082 68.65261 0.185185 65.447 9.69349 64.636 8.40358 66.1047 3.92082 63.8889 9.69349 64.636 8.40358 65.447 9.69349 63.8889 9.69349 63.1737 3.92082 64.636 8.40358 63.8889 9.69349 62.8225 2.84163 63.1737 3.92082 63.8889 9.69349 61.9604 0.185185 62.8225 2.84163 61.9604 0.185185 63.8889 9.69349 60.6833 0.185185 66.4559 2.84163 63.1737 3.92082 62.8225 2.84163 63.1737 3.92082 66.4559 2.84163 66.1047 3.92082 68.65261 0.185185 66.1047 3.92082 66.4559 2.84163 68.65261 0.185185 66.4559 2.84163 67.318 0.185185 20.6031 0 17.8102 0.984252 17.8102 0 -66.4559 2.84163 -68.65261 0.185185 -67.318 0.185185 -66.1047 3.92082 -68.65261 0.185185 -66.4559 2.84163 68.65261 0 67.318 0.984252 67.318 0 -69.553 9.69349 -70.8174 8.60792 -69.553 0.185185 -70.8174 8.60792 -69.553 9.69349 -72.0051 9.69349 -69.553 0 -72.0051 0.984252 -72.0051 0 -0.185185 0 -9.69349 0.984252 -9.69349 0 70.8174 0 69.553 0.984252 69.553 0 -70.8174 8.60792 -70.8174 0.185185 -69.553 0.185185 -70.8174 0.185185 -70.8174 8.60792 -70.8174 5.01916 8.60792 0 5.01916 0.984252 5.01916 0 72.069 0 70.8174 0.984252 70.8174 0 -70.8174 8.60792 -72.0051 9.69349 -72.069 8.60792 -72.069 8.60792 -72.0051 9.69349 -73.3748 9.60409 -71.2209 0 -72.5935 0.984252 -72.5935 0 72.0051 9.69349 72.069 8.60792 73.3748 9.60409 72.0051 9.69349 70.8174 8.60792 72.069 8.60792 69.553 9.69349 70.8174 8.60792 72.0051 9.69349 69.553 9.69349 70.8174 0.185185 70.8174 8.60792 70.8174 0.185185 69.553 9.69349 69.553 0.185185 70.8174 8.60792 70.8174 0.185185 70.8174 3.96552 3.96552 0 0.185185 0.984252 0.185185 0 -70.8174 0.185185 -70.8174 5.01916 -70.8174 3.96552 -71.9285 5.01916 -70.8174 3.96552 -70.8174 5.01916 -70.8174 3.96552 -71.9285 5.01916 -72.2605 3.96552 -72.2605 3.96552 -71.9285 5.01916 -72.9055 5.11494 -72.075 0 -73.0567 0.984252 -73.0567 0 -70.8174 0 -71.9285 0.984252 -71.9285 0 70.8174 5.01916 72.2605 3.96552 71.9285 5.01916 72.2605 3.96552 70.8174 5.01916 70.8174 3.96552 70.8174 8.60792 70.8174 3.96552 70.8174 5.01916 72.2605 0 70.8174 0.984252 70.8174 0 46.7818 0 41.947 0.984252 41.947 0 -72.2605 3.96552 -72.9055 5.11494 -75.2746 0.185185 -75.2746 0.185185 -72.9055 5.11494 -73.53131 4.32312 -73.53131 4.32312 -72.9055 5.11494 -73.3078 5.26181 -70.23841 0 -70.6667 0.984252 -70.6667 0 72.9055 5.11494 73.53131 4.32312 73.3078 5.26181 72.9055 5.11494 75.2746 0.185185 73.53131 4.32312 72.9055 5.11494 72.2605 3.96552 75.2746 0.185185 71.9285 5.01916 72.2605 3.96552 72.9055 5.11494 73.53131 4.32312 75.2746 0.185185 76.91571 0.185185 76.91571 0 75.2746 0.984252 75.2746 0 -75.2746 0.185185 -73.53131 4.32312 -76.91571 0.185185 -43.2069 0 -48.5526 0.984252 -48.5526 0 68.028 0 67.1047 0.984252 67.1047 0 -73.53131 4.32312 -73.6462 5.51086 -74.3487 4.75255 -73.6462 5.51086 -73.53131 4.32312 -73.3078 5.26181 -62.1634 0 -62.5836 0.984252 -62.5836 0 73.53131 4.32312 73.6462 5.51086 73.3078 5.26181 73.6462 5.51086 73.53131 4.32312 74.3487 4.75255 73.6462 5.51086 74.3487 4.75255 73.88491 5.8046 73.88491 5.8046 74.3487 4.75255 74.0517 6.14943 74.0517 6.14943 74.3487 4.75255 74.1826 7.01788 74.4253 9.189021 74.1826 7.01788 74.3487 4.75255 74.4253 9.189021 74.1459 7.4098 74.1826 7.01788 74.4253 9.189021 74.0358 7.75543 74.1459 7.4098 73.9136 9.45562 74.0358 7.75543 74.4253 9.189021 73.9136 9.45562 73.849 8.048371 74.0358 7.75543 73.9136 9.45562 73.5824 8.282251 73.849 8.048371 73.3748 9.60409 73.5824 8.282251 73.9136 9.45562 73.3748 9.60409 72.9566 8.534481 73.5824 8.282251 73.3748 9.60409 72.069 8.60792 72.9566 8.534481 72.0045 0 71.1138 0.984252 71.1138 0 -72.069 8.60792 -73.3748 9.60409 -72.9566 8.534481 -72.9566 8.534481 -73.3748 9.60409 -73.5824 8.282251 -73.5824 8.282251 -73.3748 9.60409 -73.9136 9.45562 -68.187 0 -68.74591 0.984252 -68.74591 0 -61.1796 0 -61.7565 0.984252 -61.7565 0 -74.0358 7.75543 -73.9136 9.45562 -74.4253 9.189021 -73.849 8.048371 -73.9136 9.45562 -74.0358 7.75543 -73.5824 8.282251 -73.9136 9.45562 -73.849 8.048371 50.2076 0 49.853 0.984252 49.853 0 33.2637 0 32.9163 0.984252 32.9163 0 15.4551 0 15.0923 0.984252 15.0923 0 -74.0358 7.75543 -74.4253 9.189021 -74.1459 7.4098 -74.1459 7.4098 -74.4253 9.189021 -74.1826 7.01788 -74.1826 7.01788 -74.4253 9.189021 -74.3487 4.75255 -74.3487 4.75255 -74.4253 9.189021 -74.97451 5.36398 -74.97451 5.36398 -74.4253 9.189021 -74.8715 8.82344 -51.7462 0 -52.323 0.984252 -52.323 0 74.4253 9.189021 74.97451 5.36398 74.8715 8.82344 74.4253 9.189021 74.3487 4.75255 74.97451 5.36398 57.3756 0 56.5007 0.984252 56.5007 0 44.5952 0 44.1562 0.984252 44.1562 0 -74.97451 5.36398 -75.2139 8.365261 -75.2063 5.73675 -74.97451 5.36398 -74.8715 8.82344 -75.2139 8.365261 -37.7549 0 -38.3269 0.984252 -38.3269 0 74.8715 8.82344 74.97451 5.36398 75.2139 8.365261 75.2139 8.365261 74.97451 5.36398 75.2063 5.73675 75.2139 8.365261 75.2063 5.73675 75.372 6.15262 33.6041 0 33.1565 0.984252 33.1565 0 -75.2063 5.73675 -75.2139 8.365261 -75.372 6.15262 -75.372 6.15262 -75.2139 8.365261 -75.4318 7.80013 -19.2549 0 -19.8606 0.984252 -19.8606 0 75.2139 8.365261 75.372 6.15262 75.4318 7.80013 75.4318 7.80013 75.372 6.15262 75.5045 7.11367 17.3595 0 16.3894 0.984252 16.3894 0 -75.372 6.15262 -75.4318 7.80013 -75.5045 7.11367 -0.180604 0 -0.870899 0.984252 -0.870899 0 -74.3487 4.75255 -74.0517 6.14943 -74.1826 7.01788 -74.3487 4.75255 -73.88491 5.8046 -74.0517 6.14943 -74.3487 4.75255 -73.6462 5.51086 -73.88491 5.8046 -50.7178 0 -51.0963 0.984252 -51.0963 0 -37.4026 0 -37.7856 0.984252 -37.7856 0 -17.1183 0 -17.9965 0.984252 -17.9965 0 -0.06768327 0 -0.461322 0.984252 -0.461322 0 65.151 0 64.47631 0.984252 64.47631 0 -79.89141 8.569601 -76.6986 9.69349 -81.1558 8.569601 -0.185185 0 -8.569601 0.984252 -8.569601 0 81.1558 0 79.89141 0.984252 79.89141 0 8.569601 0 0.185185 0.984252 0.185185 0 84.3487 0 81.1558 0.984252 81.1558 0 9.69349 0 8.569601 0.984252 8.569601 0 -76.6986 0 -84.3487 0.984252 -84.3487 0 -8.569601 0 -9.69349 0.984252 -9.69349 0 79.89141 0 76.6986 0.984252 76.6986 0 79.89141 8.569601 81.1558 8.569601 76.6986 9.69349 -1.79598 4.00782 -1.97318 3.23436 -0.499681 3.78512 4.66293 0 3.76472 0.984252 3.76472 0 5.59261 0 4.66721 0.984252 4.66721 0 6.22991 0 5.43377 0.984252 5.43377 0 6.76236 0 6.03959 0.984252 6.03959 0 7.24789 0 6.59379 0.984252 6.59379 0 2.32439 0 0.817369 0.984252 0.817369 0 -7.54151 0 -7.63729 0.984252 -7.63729 0 -6.65919 0 -7.19533 0.984252 -7.19533 0 -6.30043 0 -7.03011 0.984252 -7.03011 0 -5.74331 0 -6.63979 0.984252 -6.63979 0 -4.78973 0 -5.81387 0.984252 -5.81387 0 -3.96404 0 -4.55139 0.984252 -4.55139 0 -2.96476 0 -3.54559 0.984252 -3.54559 0 -1.78966 0 -2.37269 0.984252 -2.37269 0 -0.471655 0 -1.06949 0.984252 -1.06949 0 0.877903 0 0.2254689 0.984252 0.2254689 0 2.19328 0 1.48529 0.984252 1.48529 0 3.50554 0 2.71203 0.984252 2.71203 0 4.79403 0 3.88295 0.984252 3.88295 0 5.89289 0 5.01786 0.984252 5.01786 0 6.83601 0 6.03757 0.984252 6.03757 0 7.55312 0 6.82949 0.984252 6.82949 0 7.93691 0 7.28291 0.984252 7.28291 0 7.88279 0 7.2686 0.984252 7.2686 0 7.43971 0 6.8445 0.984252 6.8445 0 6.64706 0 6.05791 0.984252 6.05791 0 5.581 0 4.98706 0.984252 4.98706 0 4.52374 0 3.52575 0.984252 3.52575 0 2.81754 0 1.96136 0.984252 1.96136 0 1.5113 0 0.742653 0.984252 0.742653 0 0.773629 0 0.207747 0.984252 0.207747 0 7.63729 0 7.53512 0.984252 7.53512 0 9.04853 0 7.52235 0.984252 7.52235 0 -2.09787 0 -2.80753 0.984252 -2.80753 0 -2.53878 0 -3.21182 0.984252 -3.21182 0 -3.2572 0 -4.05339 0.984252 -4.05339 0 -3.91647 0 -4.8164 0.984252 -4.8164 0 -4.65455 0 -5.57631 0.984252 -5.57631 0 -5.60194 0 -6.46474 0.984252 -6.46474 0 -6.42631 0 -7.26094 0.984252 -7.26094 0 -6.92966 0 -7.76771 0.984252 -7.76771 0 -7.00584 0 -7.88521 0.984252 -7.88521 0 -6.68148 0 -7.59147 0.984252 -7.59147 0 -5.98743 0 -6.97814 0.984252 -6.97814 0 -4.93424 0 -6.0543 0.984252 -6.0543 0 -3.74166 0 -4.87623 0.984252 -4.87623 0 -2.54732 0 -3.56921 0.984252 -3.56921 0 -1.32393 0 -2.25304 0.984252 -2.25304 0 -0.06014835 0 -0.919778 0.984252 -0.919778 0 1.22362 0 0.398238 0.984252 0.398238 0 2.46843 0 1.64209 0.984252 1.64209 0 3.61819 0 2.7655 0.984252 2.7655 0 1.79278 5.79023 1.96041 6.57088 0.497286 6.03448 -14.2976 0.172414 -8.818651 0.172414 -10.083 1.2963 -17.5032 9.680721 -14.3295 0.172414 -14.2976 0.172414 -14.3295 0.172414 -17.5032 9.680721 -15.5747 0.172414 -15.5747 0.172414 -17.5032 9.680721 -16.4368 2.82886 -16.4368 2.82886 -17.5032 9.680721 -16.788 3.90805 -16.788 3.90805 -17.5032 9.680721 -18.2503 8.390801 -18.2503 8.390801 -17.5032 9.680721 -19.0613 9.680721 -17.5032 0 -19.0613 0.984252 -19.0613 0 -4.73105 0 -4.73105 0.984252 -4.83099 0.984252 14.2976 0 8.818651 0.984252 8.818651 0 14.3295 0 14.2976 0.984252 14.2976 0 1.2963 0 1.2963 0.984252 0.267118 0.984252 -10.083 0 -14.3295 0.984252 -14.3295 0 9.680721 0 1.2963 0.984252 1.2963 0 -8.818651 0 -10.083 0.984252 -10.083 0 -0.172414 0 -9.680721 0.984252 -9.680721 0 8.818651 0.172414 10.083 1.2963 8.818651 9.680721 14.3295 0.172414 14.3295 0.267118 14.2976 0.172414 15.5747 0.172414 14.3295 0.267118 14.3295 0.172414 14.3295 0.267118 15.5747 0.172414 17.5032 9.680721 17.5032 9.680721 15.5747 0.172414 16.4368 2.82886 7.76431 0 4.97148 0.984252 4.97148 0 20.0702 0 16.4368 0.984252 16.4368 0 -16.788 3.90805 -20.0702 2.82886 -16.4368 2.82886 -20.0702 2.82886 -16.788 3.90805 -19.719 3.90805 -16.788 0 -19.719 0.984252 -19.719 0 13.637 0 8.921771 0.984252 8.921771 0 2.42573 0 -2.2915 0.984252 -2.2915 0 -18.2503 8.390801 -19.0613 9.680721 -19.719 3.90805 -19.719 3.90805 -19.0613 9.680721 -22.2669 0.172414 3.08386 0 -6.95027 0.984252 -6.95027 0 19.0613 9.680721 19.719 3.90805 22.2669 0.172414 19.0613 9.680721 18.2503 8.390801 19.719 3.90805 17.5032 9.680721 18.2503 8.390801 19.0613 9.680721 17.5032 9.680721 16.788 3.90805 18.2503 8.390801 17.5032 9.680721 16.4368 2.82886 16.788 3.90805 20.0702 2.82886 16.788 3.90805 16.4368 2.82886 16.788 3.90805 20.0702 2.82886 19.719 3.90805 22.2669 0.172414 19.719 3.90805 20.0702 2.82886 22.2669 0.172414 20.0702 2.82886 20.9323 0.172414 6.29723 0 3.50441 0.984252 3.50441 0 -20.0702 2.82886 -22.2669 0.172414 -20.9323 0.172414 -19.719 3.90805 -22.2669 0.172414 -20.0702 2.82886 22.2669 0 20.9323 0.984252 20.9323 0 15.5747 0 14.3295 0.984252 14.3295 0 -24.3997 6.30268 -24.7909 5.99298 -23.7069 5.12612 25.7772 0 24.8186 0.984252 24.8186 0 26.5517 0 25.754 0.984252 25.754 0 26.4571 0 25.7854 0.984252 25.7854 0 25.146 0 24.5341 0.984252 24.5341 0 23.1541 0 22.5424 0.984252 22.5424 0 19.7605 0 19.2066 0.984252 19.2066 0 15.3739 0 14.8035 0.984252 14.8035 0 10.8764 0 10.3046 0.984252 10.3046 0 5.84149 0 5.28623 0.984252 5.28623 0 -0.327979 0 -1.15317 0.984252 -1.15317 0 -8.97921 0 -9.73671 0.984252 -9.73671 0 -17.5664 0 -18.3565 0.984252 -18.3565 0 -22.8 0 -23.7306 0.984252 -23.7306 0 -24.0523 0 -25.049 0.984252 -25.049 0 -23.1679 0 -24.1815 0.984252 -24.1815 0 -20.792 0 -21.368 0.984252 -21.368 0 -15.2163 0 -15.7152 0.984252 -15.7152 0 -6.13013 0 -6.61348 0.984252 -6.61348 0 3.69654 0 3.14634 0.984252 3.14634 0 12.9752 0 12.3543 0.984252 12.3543 0 22.3418 0 21.7151 0.984252 21.7151 0 26.4782 0 25.7788 0.984252 25.7788 0 26.9555 0 26.1522 0.984252 26.1522 0 25.7928 0 25.0274 0.984252 25.0274 0 23.6526 0 22.89 0.984252 22.89 0 21.2412 0 20.514 0.984252 20.514 0 18.2987 0 17.6517 0.984252 17.6517 0 28.7931 0 28.6973 0.984252 28.6973 0 9.2401 0 7.72669 0.984252 7.72669 0 -22.4329 0 -23.1173 0.984252 -23.1173 0 -23.8165 0 -24.5288 0.984252 -24.5288 0 -24.8109 0 -25.5541 0.984252 -25.5541 0 -25.4244 0 -26.2021 0.984252 -26.2021 0 -25.9442 0 -26.6141 0.984252 -26.6141 0 -26.2695 0 -26.8928 0.984252 -26.8928 0 -25.883 0 -26.4791 0.984252 -26.4791 0 -24.5434 0 -25.134 0.984252 -25.134 0 -22.3065 0 -22.8783 0.984252 -22.8783 0 -18.97 0 -19.5102 0.984252 -19.5102 0 -14.4937 0 -15.0289 0.984252 -15.0289 0 -9.39466 0 -9.952071 0.984252 -9.952071 0 -4.81969 0 -5.3441 0.984252 -5.3441 0 -0.02949106 0 -0.502891 0.984252 -0.502891 0 5.06139 0 4.61909 0.984252 4.61909 0 9.91856 0 9.48926 0.984252 9.48926 0 14.2351 0 13.8021 0.984252 13.8021 0 17.8586 0 17.4262 0.984252 17.4262 0 21.823 0 20.8835 0.984252 20.8835 0 24.0929 0 23.1528 0.984252 23.1528 0 24.7544 0 23.9227 0.984252 23.9227 0 23.6512 0 23.0779 0.984252 23.0779 0 18.6049 0 18.1259 0.984252 18.1259 0 9.84668 0 9.385451 0.984252 9.385451 0 1.10137 0 0.580967 0.984252 0.580967 0 -7.62866 0 -8.28819 0.984252 -8.28819 0 -18.1771 0 -18.8242 0.984252 -18.8242 0 -23.4948 0 -23.8508 0.984252 -23.8508 0 -25.3687 0 -25.7575 0.984252 -25.7575 0 -25.6769 0 -26.6029 0.984252 -26.6029 0 -24.7102 0 -25.4632 0.984252 -25.4632 0 -22.6892 0 -23.5034 0.984252 -23.5034 0 -19.9934 0 -20.8384 0.984252 -20.8384 0 -16.5249 0 -17.3717 0.984252 -17.3717 0 -22.6948 0 -22.7842 0.984252 -22.7842 0 -0.740741 0 -2.32439 0.984252 -2.32439 0 22.3639 0 20.9023 0.984252 20.9023 0 24.3671 0 23.549 0.984252 23.549 0 28.7101 4.3742 27.2031 3.91922 27.567 3.60792 -31.6858 6.30268 -32.0769 5.99298 -30.993 5.12612 33.0519 0 32.0933 0.984252 32.0933 0 33.8199 0 33.0222 0.984252 33.0222 0 33.5128 0 32.841 0.984252 32.841 0 31.6761 0 31.0643 0.984252 31.0643 0 28.9818 0 28.3701 0.984252 28.3701 0 24.5376 0 23.9836 0.984252 23.9836 0 18.8507 0 18.2803 0.984252 18.2803 0 13.0427 0 12.4709 0.984252 12.4709 0 6.58515 0 6.02988 0.984252 6.02988 0 -1.32878 0 -2.15397 0.984252 -2.15397 0 -12.2499 0 -13.0074 0.984252 -13.0074 0 -22.9696 0 -23.7597 0.984252 -23.7597 0 -29.4622 0 -30.3928 0.984252 -30.3928 0 -31.1012 0 -32.0979 0.984252 -32.0979 0 -30.2364 0 -31.2501 0.984252 -31.2501 0 -27.557 0 -28.133 0.984252 -28.133 0 -20.9285 0 -21.4274 0.984252 -21.4274 0 -9.73986 0 -10.2232 0.984252 -10.2232 0 2.6395 0 2.0893 0.984252 2.0893 0 14.5677 0 13.9468 0.984252 13.9468 0 27.0744 0 26.4476 0.984252 26.4476 0 33.0149 0 32.3155 0.984252 32.3155 0 34.1814 0 33.3782 0.984252 33.3782 0 33.0415 0 32.2761 0.984252 32.2761 0 30.5925 0 29.8299 0.984252 29.8299 0 27.7028 0 26.9756 0.984252 26.9756 0 24.1233 0 23.4763 0.984252 23.4763 0 36.0792 0 35.9834 0.984252 35.9834 0 9.2401 0 7.72669 0.984252 7.72669 0 -29.1718 0 -29.8562 0.984252 -29.8562 0 -30.8296 0 -31.5419 0.984252 -31.5419 0 -32.0018 0 -32.745 0.984252 -32.745 0 -32.7008 0 -33.4785 0.984252 -33.4785 0 -33.2109 0 -33.8808 0.984252 -33.8808 0 -33.351 0 -33.9743 0.984252 -33.9743 0 -32.5281 0 -33.1241 0.984252 -33.1241 0 -30.4814 0 -31.072 0.984252 -31.072 0 -27.3259 0 -27.8977 0.984252 -27.8977 0 -22.7649 0 -23.3051 0.984252 -23.3051 0 -16.7921 0 -17.3273 0.984252 -17.3273 0 -10.1302 0 -10.6876 0.984252 -10.6876 0 -4.25409 0 -4.7785 0.984252 -4.7785 0 1.85015 0 1.37675 0.984252 1.37675 0 8.282951 0 7.84066 0.984252 7.84066 0 14.3485 0 13.9192 0.984252 13.9192 0 19.6615 0 19.2285 0.984252 19.2285 0 24.0462 0 23.6139 0.984252 23.6139 0 28.6573 0 27.7178 0.984252 27.7178 0 31.1701 0 30.23 0.984252 30.23 0 31.8027 0 30.971 0.984252 30.971 0 30.3864 0 29.8131 0.984252 29.8131 0 24.142 0 23.6631 0.984252 23.6631 0 13.1755 0 12.7143 0.984252 12.7143 0 2.08482 0 1.56441 0.984252 1.56441 0 -9.110111 0 -9.76964 0.984252 -9.76964 0 -22.7067 0 -23.3538 0.984252 -23.3538 0 -29.6383 0 -29.9942 0.984252 -29.9942 0 -32.1896 0 -32.5784 0.984252 -32.5784 0 -32.912 0 -33.838 0.984252 -33.838 0 -31.9544 0 -32.7074 0.984252 -32.7074 0 -29.6464 0 -30.4607 0.984252 -30.4607 0 -26.4628 0 -27.3078 0.984252 -27.3078 0 -22.267 0 -23.1137 0.984252 -23.1137 0 -29.9808 0 -30.0702 0.984252 -30.0702 0 -0.740741 0 -2.32439 0.984252 -2.32439 0 29.1602 0 27.6986 0.984252 27.6986 0 31.5116 0 30.6936 0.984252 30.6936 0 35.9962 4.3742 34.4891 3.91922 34.8531 3.60792 -38.5824 1.14304 -39.8467 8.71009 -39.8467 1.14304 41.06 0 37.3691 0.984252 37.3691 0 1.14304 0 0.172414 0.984252 0.172414 0 -39.8467 0 -41.06 0.984252 -41.06 0 8.71009 0 1.14304 0.984252 1.14304 0 41.06 0 39.8467 0.984252 39.8467 0 9.680721 0 8.71009 0.984252 8.71009 0 -37.3691 0 -41.06 0.984252 -41.06 0 -8.71009 0 -9.680721 0.984252 -9.680721 0 38.5824 0 37.3691 0.984252 37.3691 0 -1.14304 0 -8.71009 0.984252 -8.71009 0 -37.3691 0 -38.5824 0.984252 -38.5824 0 -0.172414 0 -1.14304 0.984252 -1.14304 0 39.8467 1.14304 38.5824 8.71009 38.5824 1.14304 -43.4499 4.00782 -43.6271 3.23436 -42.1536 3.78512 46.1586 0 45.2604 0.984252 45.2604 0 47.1263 0 46.2009 0.984252 46.2009 0 46.4884 0 45.6923 0.984252 45.6923 0 45.5874 0 44.8647 0.984252 44.8647 0 44.8631 0 44.209 0.984252 44.209 0 2.32439 0 0.817369 0.984252 0.817369 0 -49.1954 0 -49.2912 0.984252 -49.2912 0 -37.9146 0 -38.4507 0.984252 -38.4507 0 -40.9305 0 -41.6602 0.984252 -41.6602 0 -44.3148 0 -45.2113 0.984252 -45.2113 0 -46.085 0 -47.1091 0.984252 -47.1091 0 -45.401 0 -45.9884 0.984252 -45.9884 0 -42.5774 0 -43.1582 0.984252 -43.1582 0 -37.6028 0 -38.1859 0.984252 -38.1859 0 -30.5036 0 -31.1014 0.984252 -31.1014 0 -22.4622 0 -23.1146 0.984252 -23.1146 0 -14.2433 0 -14.9513 0.984252 -14.9513 0 -5.79646 0 -6.58997 0.984252 -6.58997 0 2.0935 0 1.18242 0.984252 1.18242 0 8.55269 0 7.67766 0.984252 7.67766 0 15.5808 0 14.7823 0.984252 14.7823 0 22.9913 0 22.2677 0.984252 22.2677 0 30.7128 0 30.0588 0.984252 30.0588 0 37.8729 0 37.2587 0.984252 37.2587 0 43.0785 0 42.4833 0.984252 42.4833 0 46.1521 0 45.563 0.984252 45.563 0 47.0054 0 46.4115 0.984252 46.4115 0 45.8351 0 44.8372 0.984252 44.8372 0 41.3404 0 40.4842 0.984252 40.4842 0 36.1161 0 35.3475 0.984252 35.3475 0 32.2665 0 31.7006 0.984252 31.7006 0 49.2912 0 49.189 0.984252 49.189 0 9.04853 0 7.52235 0.984252 7.52235 0 -39.3916 0 -40.1013 0.984252 -40.1013 0 -41.467 0 -42.14 0.984252 -42.14 0 -43.8472 0 -44.6434 0.984252 -44.6434 0 -45.4433 0 -46.3432 0.984252 -46.3432 0 -46.1359 0 -47.0577 0.984252 -47.0577 0 -45.4479 0 -46.3107 0.984252 -46.3107 0 -42.6775 0 -43.5121 0.984252 -43.5121 0 -37.7959 0 -38.6339 0.984252 -38.6339 0 -31.2417 0 -32.1211 0.984252 -32.1211 0 -23.7444 0 -24.6544 0.984252 -24.6544 0 -15.5521 0 -16.5428 0.984252 -16.5428 0 -7.75427 0 -8.87433 0.984252 -8.87433 0 -0.869753 0 -2.00432 0.984252 -2.00432 0 7.01844 0 5.99656 0.984252 5.99656 0 15.5668 0 14.6376 0.984252 14.6376 0 24.3843 0 23.5246 0.984252 23.5246 0 32.6038 0 31.7784 0.984252 31.7784 0 39.204 0 38.3777 0.984252 38.3777 0 43.6635 0 42.8108 0.984252 42.8108 0 43.4467 5.79023 43.6143 6.57088 42.1512 6.03448 -52.6501 9.680721 -50.7216 0.172414 -49.4444 0.172414 -50.7216 0.172414 -52.6501 9.680721 -51.5837 2.82886 -51.5837 2.82886 -52.6501 9.680721 -51.9349 3.90805 -51.9349 3.90805 -52.6501 9.680721 -53.3972 8.390801 -53.3972 8.390801 -52.6501 9.680721 -54.2082 9.680721 -52.6501 0 -54.2082 0.984252 -54.2082 0 -15.9595 0 -25.9936 0.984252 -25.9936 0 50.7216 0 49.4444 0.984252 49.4444 0 18.6132 0 15.8203 0.984252 15.8203 0 55.2171 0 51.5837 0.984252 51.5837 0 -51.9349 3.90805 -55.2171 2.82886 -51.5837 2.82886 -55.2171 2.82886 -51.9349 3.90805 -54.8659 3.90805 -51.9349 0 -54.8659 0.984252 -54.8659 0 24.537 0 19.8218 0.984252 19.8218 0 13.3687 0 8.651491 0.984252 8.651491 0 -53.3972 8.390801 -54.2082 9.680721 -54.8659 3.90805 -54.8659 3.90805 -54.2082 9.680721 -57.4138 0.172414 -8.14456 0 -18.1787 0.984252 -18.1787 0 54.2082 9.680721 54.8659 3.90805 57.4138 0.172414 54.2082 9.680721 53.3972 8.390801 54.8659 3.90805 52.6501 9.680721 53.3972 8.390801 54.2082 9.680721 52.6501 9.680721 51.9349 3.90805 53.3972 8.390801 52.6501 9.680721 51.5837 2.82886 51.9349 3.90805 52.6501 9.680721 50.7216 0.172414 51.5837 2.82886 50.7216 0.172414 52.6501 9.680721 49.4444 0.172414 55.2171 2.82886 51.9349 3.90805 51.5837 2.82886 51.9349 3.90805 55.2171 2.82886 54.8659 3.90805 57.4138 0.172414 54.8659 3.90805 55.2171 2.82886 57.4138 0.172414 55.2171 2.82886 56.0792 0.172414 17.1461 0 14.3533 0.984252 14.3533 0 -55.2171 2.82886 -57.4138 0.172414 -56.0792 0.172414 -54.8659 3.90805 -57.4138 0.172414 -55.2171 2.82886 57.4138 0 56.0792 0.984252 56.0792 0 -58.3142 9.680721 -59.5785 9.680721 -59.5785 1.2963 63.825 0 58.3142 0.984252 58.3142 0 1.2963 0 0.172414 0.984252 0.172414 0 -59.5785 0 -63.825 0.984252 -63.825 0 9.680721 0 1.2963 0.984252 1.2963 0 -58.3142 0 -59.5785 0.984252 -59.5785 0 -0.172414 0 -9.680721 0.984252 -9.680721 0 58.3142 0.172414 59.5785 1.2963 58.3142 9.680721 -4.60409 2.79055 -2.14559 8.365261 -5.06386 4.38697 9.11239 0 7.84802 0.984252 7.84802 0 9.680721 0 0.172414 0.984252 0.172414 0 -7.35632 0 -9.11239 0.984252 -9.11239 0 -6.03803 0 -11.8068 0.984252 -11.8068 0 7.7316 0 1.92931 0.984252 1.92931 0 -0.96424 0 -2.68838 0.984252 -2.68838 0 -0.172414 0 -9.680721 0.984252 -9.680721 0 2.14559 0 0.96424 0.984252 0.96424 0 8.365261 0 0.172414 0.984252 0.172414 0 -0.695481 0 -6.78823 0.984252 -6.78823 0 5.37037 0 4.60409 0.984252 4.60409 0 10.8317 0 4.73115 0.984252 4.73115 0 -0.172414 0 -8.365261 0.984252 -8.365261 0 5.06386 4.38697 5.37037 2.79055 7.84802 8.365261 -11.0409 9.680721 -12.3052 8.59515 -11.0409 0.172414 -12.3052 8.59515 -11.0409 9.680721 -13.4291 9.680721 -11.0409 0 -13.4291 0.984252 -13.4291 0 -0.172414 0 -9.680721 0.984252 -9.680721 0 12.3052 0 11.0409 0.984252 11.0409 0 -12.3052 8.59515 -12.3052 0.172414 -11.0409 0.172414 -12.3052 0.172414 -12.3052 8.59515 -12.3052 4.79566 8.59515 0 4.79566 0.984252 4.79566 0 13.3525 0 12.3052 0.984252 12.3052 0 -12.3052 8.59515 -13.4291 9.680721 -13.3525 8.59515 -13.3525 8.59515 -13.4291 9.680721 -14.3455 8.51213 -14.3455 8.51213 -13.4291 9.680721 -14.2098 9.64559 -12.9805 0 -13.7619 0.984252 -13.7619 0 13.4291 9.680721 14.3455 8.51213 14.2098 9.64559 13.4291 9.680721 13.3525 8.59515 14.3455 8.51213 13.4291 9.680721 12.3052 8.59515 13.3525 8.59515 11.0409 9.680721 12.3052 8.59515 13.4291 9.680721 11.0409 9.680721 12.3052 0.172414 12.3052 8.59515 12.3052 0.172414 11.0409 9.680721 11.0409 0.172414 12.3052 8.59515 12.3052 0.172414 12.3052 3.71648 3.71648 0 0.172414 0.984252 0.172414 0 -12.3052 0.172414 -12.3052 4.79566 -12.3052 3.71648 -13.1673 4.79566 -12.3052 3.71648 -12.3052 4.79566 -12.3052 3.71648 -13.1673 4.79566 -13.378 3.71648 -13.378 3.71648 -13.1673 4.79566 -13.8602 4.82679 -13.3693 0 -14.0628 0.984252 -14.0628 0 -12.3052 0 -13.1673 0.984252 -13.1673 0 12.3052 4.79566 13.378 3.71648 13.1673 4.79566 13.378 3.71648 12.3052 4.79566 12.3052 3.71648 12.3052 8.59515 12.3052 3.71648 12.3052 4.79566 13.378 0 12.3052 0.984252 12.3052 0 14.5265 0 13.5969 0.984252 13.5969 0 -13.378 3.71648 -13.8602 4.82679 -14.3056 3.77874 -14.3056 3.77874 -13.8602 4.82679 -14.4061 4.92018 -14.4755 0 -15.0295 0.984252 -15.0295 0 13.8602 4.82679 14.3056 3.77874 14.4061 4.92018 13.8602 4.82679 13.378 3.71648 14.3056 3.77874 13.1673 4.79566 13.378 3.71648 13.8602 4.82679 14.4061 4.92018 14.3056 3.77874 15.0575 3.96552 15.5694 0 14.7946 0.984252 14.7946 0 -14.3056 3.77874 -14.4061 4.92018 -15.0575 3.96552 -15.0575 3.96552 -14.4061 4.92018 -14.8388 5.09339 -15.2028 0 -15.6688 0.984252 -15.6688 0 14.4061 4.92018 15.0575 3.96552 14.8388 5.09339 14.8388 5.09339 15.0575 3.96552 15.1916 5.36398 15.1916 5.36398 15.0575 3.96552 15.6785 4.27363 15.9443 0 15.251 0.984252 15.251 0 -15.0575 3.96552 -15.1916 5.36398 -15.6785 4.27363 -15.0575 3.96552 -14.8388 5.09339 -15.1916 5.36398 -14.8742 0 -15.3188 0.984252 -15.3188 0 -13.7225 0 -14.1084 0.984252 -14.1084 0 -15.6785 4.27363 -15.1916 5.36398 -15.4342 5.66411 -15.6785 4.27363 -15.4342 5.66411 -15.6003 5.98978 -12.0562 0 -12.4218 0.984252 -12.4218 0 15.4342 5.66411 15.6785 4.27363 15.6003 5.98978 15.1916 5.36398 15.6785 4.27363 15.4342 5.66411 15.6003 5.98978 15.6785 4.27363 15.728 6.78161 15.728 6.78161 15.6785 4.27363 16.2133 4.69987 15.6082 0 14.9243 0.984252 14.9243 0 -15.6785 4.27363 -15.728 6.78161 -16.2133 4.69987 -15.6785 4.27363 -15.6003 5.98978 -15.728 6.78161 -8.397431 0 -9.19949 0.984252 -9.19949 0 -5.31198 0 -5.77369 0.984252 -5.77369 0 -15.6857 7.24138 -15.9132 9.086851 -15.728 6.78161 -15.5587 7.63729 -15.9132 9.086851 -15.6857 7.24138 -15.5587 7.63729 -15.4246 9.35664 -15.9132 9.086851 -15.3456 7.96775 -15.4246 9.35664 -15.5587 7.63729 -15.0447 8.231161 -15.4246 9.35664 -15.3456 7.96775 -15.0447 8.231161 -14.8659 9.54023 -15.4246 9.35664 -14.3455 8.51213 -14.8659 9.54023 -15.0447 8.231161 -14.3455 8.51213 -14.2098 9.64559 -14.8659 9.54023 -12.5007 0 -13.1652 0.984252 -13.1652 0 14.2098 9.64559 14.3455 8.51213 14.8659 9.54023 14.8659 9.54023 14.3455 8.51213 15.0447 8.231161 10.8908 0 10.1373 0.984252 10.1373 0 6.29894 0 5.89901 0.984252 5.89901 0 2.01438 0 1.62116 0.984252 1.62116 0 -2.10748 0 -2.52323 0.984252 -2.52323 0 15.9132 9.086851 15.5587 7.63729 15.6857 7.24138 15.4246 9.35664 15.5587 7.63729 15.9132 9.086851 15.4246 9.35664 15.3456 7.96775 15.5587 7.63729 15.4246 9.35664 15.0447 8.231161 15.3456 7.96775 14.8659 9.54023 15.0447 8.231161 15.4246 9.35664 -11.1451 0 -11.7332 0.984252 -11.7332 0 -8.97874 0 -9.536801 0.984252 -9.536801 0 -6.00872 0 -6.63609 0.984252 -6.63609 0 -16.2133 4.69987 -15.9132 9.086851 -16.3857 8.67417 -16.2133 4.69987 -15.728 6.78161 -15.9132 9.086851 -16.2133 4.69987 -16.3857 8.67417 -16.5605 5.13011 -16.5605 5.13011 -16.3857 8.67417 -16.7433 8.164111 -2.30394 0 -2.92687 0.984252 -2.92687 0 16.3857 8.67417 16.5605 5.13011 16.7433 8.164111 16.3857 8.67417 16.2133 4.69987 16.5605 5.13011 15.9132 9.086851 16.2133 4.69987 16.3857 8.67417 15.728 6.78161 16.2133 4.69987 15.9132 9.086851 15.9132 9.086851 15.6857 7.24138 15.728 6.78161 14.3927 0 13.8399 0.984252 13.8399 0 12.7011 0 12.126 0.984252 12.126 0 -16.5605 5.13011 -16.7433 8.164111 -16.8231 5.64176 -16.8231 5.64176 -16.7433 8.164111 -16.9684 7.54709 1.93144 0 1.27464 0.984252 1.27464 0 16.7433 8.164111 16.8231 5.64176 16.9684 7.54709 16.7433 8.164111 16.5605 5.13011 16.8231 5.64176 16.9684 7.54709 16.8231 5.64176 16.9883 6.21089 10.7011 0 10.1085 0.984252 10.1085 0 -16.8231 5.64176 -16.9684 7.54709 -16.9883 6.21089 -16.9883 6.21089 -16.9684 7.54709 -17.0434 6.81354 5.78132 0 5.04393 0.984252 5.04393 0 16.9684 7.54709 16.9883 6.21089 17.0434 6.81354 8.33641 0 7.73125 0.984252 7.73125 0 13.5864 0 12.59 0.984252 12.59 0 -18.2503 9.680721 -19.5147 8.59515 -18.2503 0.172414 -19.5147 8.59515 -18.2503 9.680721 -20.7024 9.680721 -18.2503 0 -20.7024 0.984252 -20.7024 0 -0.172414 0 -9.680721 0.984252 -9.680721 0 19.5147 0 18.2503 0.984252 18.2503 0 -19.5147 8.59515 -19.5147 0.172414 -18.2503 0.172414 -19.5147 0.172414 -19.5147 8.59515 -19.5147 5.00639 8.59515 0 5.00639 0.984252 5.00639 0 20.7663 0 19.5147 0.984252 19.5147 0 -19.5147 8.59515 -20.7024 9.680721 -20.7663 8.59515 -20.7663 8.59515 -20.7024 9.680721 -22.0722 9.59132 -20.028 0 -21.4006 0.984252 -21.4006 0 20.7024 9.680721 20.7663 8.59515 22.0722 9.59132 20.7024 9.680721 19.5147 8.59515 20.7663 8.59515 18.2503 9.680721 19.5147 8.59515 20.7024 9.680721 18.2503 9.680721 19.5147 0.172414 19.5147 8.59515 19.5147 0.172414 18.2503 9.680721 18.2503 0.172414 19.5147 8.59515 19.5147 0.172414 19.5147 3.95275 3.95275 0 0.172414 0.984252 0.172414 0 -19.5147 0.172414 -19.5147 5.00639 -19.5147 3.95275 -20.6258 5.00639 -19.5147 3.95275 -19.5147 5.00639 -19.5147 3.95275 -20.6258 5.00639 -20.9579 3.95275 -20.9579 3.95275 -20.6258 5.00639 -21.6028 5.10217 -21.0159 0 -21.9976 0.984252 -21.9976 0 -19.5147 0 -20.6258 0.984252 -20.6258 0 19.5147 5.00639 20.9579 3.95275 20.6258 5.00639 20.9579 3.95275 19.5147 5.00639 19.5147 3.95275 19.5147 8.59515 19.5147 3.95275 19.5147 5.00639 20.9579 0 19.5147 0.984252 19.5147 0 14.8094 0 9.9746 0.984252 9.9746 0 -20.9579 3.95275 -21.6028 5.10217 -23.9719 0.172414 -23.9719 0.172414 -21.6028 5.10217 -22.2286 4.31034 -22.2286 4.31034 -21.6028 5.10217 -22.0051 5.24904 -22.0425 0 -22.4708 0.984252 -22.4708 0 21.6028 5.10217 22.2286 4.31034 22.0051 5.24904 21.6028 5.10217 23.9719 0.172414 22.2286 4.31034 21.6028 5.10217 20.9579 3.95275 23.9719 0.172414 20.6258 5.00639 20.9579 3.95275 21.6028 5.10217 22.2286 4.31034 23.9719 0.172414 25.613 0.172414 25.613 0 23.9719 0.984252 23.9719 0 -23.9719 0.172414 -22.2286 4.31034 -25.613 0.172414 -10.7366 0 -16.0823 0.984252 -16.0823 0 22.6061 0 21.6828 0.984252 21.6828 0 -22.2286 4.31034 -22.3436 5.49808 -23.046 4.73978 -22.3436 5.49808 -22.2286 4.31034 -22.0051 5.24904 -20.8347 0 -21.2549 0.984252 -21.2549 0 22.2286 4.31034 22.3436 5.49808 22.0051 5.24904 22.3436 5.49808 22.2286 4.31034 23.046 4.73978 22.3436 5.49808 23.046 4.73978 22.5822 5.79183 22.5822 5.79183 23.046 4.73978 22.749 6.13665 22.749 6.13665 23.046 4.73978 22.8799 7.00511 23.1226 9.176251 22.8799 7.00511 23.046 4.73978 23.1226 9.176251 22.8432 7.39703 22.8799 7.00511 23.1226 9.176251 22.7331 7.74266 22.8432 7.39703 22.611 9.442851 22.7331 7.74266 23.1226 9.176251 22.611 9.442851 22.5463 8.0356 22.7331 7.74266 22.611 9.442851 22.2797 8.26948 22.5463 8.0356 22.0722 9.59132 22.2797 8.26948 22.611 9.442851 22.0722 9.59132 21.6539 8.521711 22.2797 8.26948 22.0722 9.59132 20.7663 8.59515 21.6539 8.521711 20.8775 0 19.9869 0.984252 19.9869 0 -20.7663 8.59515 -22.0722 9.59132 -21.6539 8.521711 -21.6539 8.521711 -22.0722 9.59132 -22.2797 8.26948 -22.2797 8.26948 -22.0722 9.59132 -22.611 9.442851 -18.7311 0 -19.29 0.984252 -19.29 0 -15.6886 0 -16.2656 0.984252 -16.2656 0 -22.7331 7.74266 -22.611 9.442851 -23.1226 9.176251 -22.5463 8.0356 -22.611 9.442851 -22.7331 7.74266 -22.2797 8.26948 -22.611 9.442851 -22.5463 8.0356 11.6498 0 11.2951 0.984252 11.2951 0 5.69321 0 5.34579 0.984252 5.34579 0 -0.111228 0 -0.473982 0.984252 -0.473982 0 -22.7331 7.74266 -23.1226 9.176251 -22.8432 7.39703 -22.8432 7.39703 -23.1226 9.176251 -22.8799 7.00511 -22.8799 7.00511 -23.1226 9.176251 -23.046 4.73978 -23.046 4.73978 -23.1226 9.176251 -23.6718 5.35121 -23.6718 5.35121 -23.1226 9.176251 -23.5688 8.810661 -12.0703 0 -12.6472 0.984252 -12.6472 0 23.1226 9.176251 23.6718 5.35121 23.5688 8.810661 23.1226 9.176251 23.046 4.73978 23.6718 5.35121 20.6714 0 19.7965 0.984252 19.7965 0 17.4863 0 17.0473 0.984252 17.0473 0 -23.6718 5.35121 -23.9112 8.352491 -23.9037 5.72398 -23.6718 5.35121 -23.5688 8.810661 -23.9112 8.352491 -7.05232 0 -7.62432 0.984252 -7.62432 0 23.5688 8.810661 23.6718 5.35121 23.9112 8.352491 23.9112 8.352491 23.6718 5.35121 23.9037 5.72398 23.9112 8.352491 23.9037 5.72398 24.0693 6.13985 14.6099 0 14.1623 0.984252 14.1623 0 -23.9037 5.72398 -23.9112 8.352491 -24.0693 6.13985 -24.0693 6.13985 -23.9112 8.352491 -24.1292 7.78736 -0.809432 0 -1.41512 0.984252 -1.41512 0 23.9112 8.352491 24.0693 6.13985 24.1292 7.78736 24.1292 7.78736 24.0693 6.13985 24.2018 7.10089 10.3399 0 9.36973 0.984252 9.36973 0 -24.0693 6.13985 -24.1292 7.78736 -24.2018 7.10089 5.2051 0 4.5148 0.984252 4.5148 0 -23.046 4.73978 -22.749 6.13665 -22.8799 7.00511 -23.046 4.73978 -22.5822 5.79183 -22.749 6.13665 -23.046 4.73978 -22.3436 5.49808 -22.5822 5.79183 -18.3568 0 -18.7353 0.984252 -18.7353 0 -15.0484 0 -15.4315 0.984252 -15.4315 0 -9.458881 0 -10.3371 0.984252 -10.3371 0 -4.84037 0 -5.23401 0.984252 -5.23401 0 17.5729 0 16.8981 0.984252 16.8981 0 -27.6309 5.95147 -31.9923 4.82759 -27.6309 4.82759 -0.172414 0 -9.680721 0.984252 -9.680721 0 32.3116 0 26.3665 0.984252 26.3665 0 1.2963 0 0.172414 0.984252 0.172414 0 -27.6309 0 -32.3116 0.984252 -32.3116 0 4.82759 0 1.2963 0.984252 1.2963 0 31.9923 0 27.6309 0.984252 27.6309 0 5.95147 0 4.82759 0.984252 4.82759 0 -27.6309 0 -31.9923 0.984252 -31.9923 0 8.556831 0 5.95147 0.984252 5.95147 0 32.3116 0 27.6309 0.984252 27.6309 0 9.680721 0 8.556831 0.984252 8.556831 0 -26.3665 0 -32.3116 0.984252 -32.3116 0 26.3665 9.680721 27.6309 4.82759 27.6309 5.95147 -34.9361 6.30268 -35.3273 5.99298 -34.2433 5.12612 36.2971 0 35.3386 0.984252 35.3386 0 37.0623 0 36.2645 0.984252 36.2645 0 36.6603 0 35.9885 0.984252 35.9885 0 34.5892 0 33.9774 0.984252 33.9774 0 31.5816 0 30.9698 0.984252 30.9698 0 26.6686 0 26.1147 0.984252 26.1147 0 20.4017 0 19.8313 0.984252 19.8313 0 14.0091 0 13.4372 0.984252 13.4372 0 6.91689 0 6.36163 0.984252 6.36163 0 -1.77523 0 -2.60042 0.984252 -2.60042 0 -13.709 0 -14.4665 0.984252 -14.4665 0 -25.38 0 -26.1701 0.984252 -26.1701 0 -32.4342 0 -33.3648 0.984252 -33.3648 0 -34.2457 0 -35.2424 0.984252 -35.2424 0 -33.3897 0 -34.4034 0.984252 -34.4034 0 -30.5748 0 -31.1508 0.984252 -31.1508 0 -23.4767 0 -23.9756 0.984252 -23.9756 0 -11.3502 0 -11.8335 0.984252 -11.8335 0 2.16796 0 1.61775 0.984252 1.61775 0 15.2781 0 14.6572 0.984252 14.6572 0 29.1856 0 28.5588 0.984252 28.5588 0 35.9309 0 35.2316 0.984252 35.2316 0 37.4049 0 36.6017 0.984252 36.6017 0 36.2752 0 35.5098 0.984252 35.5098 0 33.6883 0 32.9257 0.984252 32.9257 0 30.5853 0 29.8581 0.984252 29.8581 0 26.7216 0 26.0746 0.984252 26.0746 0 39.3295 0 39.2337 0.984252 39.2337 0 9.2401 0 7.72669 0.984252 7.72669 0 -32.178 0 -32.8624 0.984252 -32.8624 0 -33.9581 0 -34.6705 0.984252 -34.6705 0 -35.2096 0 -35.9529 0.984252 -35.9529 0 -35.9469 0 -36.7246 0.984252 -36.7246 0 -36.4525 0 -37.1224 0.984252 -37.1224 0 -36.51 0 -37.1334 0.984252 -37.1334 0 -35.4925 0 -36.0885 0.984252 -36.0885 0 -33.1304 0 -33.721 0.984252 -33.721 0 -29.565 0 -30.1368 0.984252 -30.1368 0 -24.4578 0 -24.998 0.984252 -24.998 0 -17.8174 0 -18.3526 0.984252 -18.3526 0 -10.4584 0 -11.0158 0.984252 -11.0158 0 -4.00178 0 -4.52619 0.984252 -4.52619 0 2.68866 0 2.21526 0.984252 2.21526 0 9.72009 0 9.2778 0.984252 9.2778 0 16.3247 0 15.8954 0.984252 15.8954 0 22.0822 0 21.6492 0.984252 21.6492 0 26.8065 0 26.3742 0.984252 26.3742 0 31.7061 0 30.7666 0.984252 30.7666 0 34.3273 0 33.3872 0.984252 33.3872 0 34.947 0 34.1153 0.984252 34.1153 0 33.391 0 32.8176 0.984252 32.8176 0 26.6121 0 26.1332 0.984252 26.1332 0 14.6605 0 14.1993 0.984252 14.1993 0 2.52354 0 2.00313 0.984252 2.00313 0 -9.770991 0 -10.4305 0.984252 -10.4305 0 -24.7273 0 -25.3745 0.984252 -25.3745 0 -32.3789 0 -32.7348 0.984252 -32.7348 0 -35.2324 0 -35.6213 0.984252 -35.6213 0 -36.1396 0 -37.0656 0.984252 -37.0656 0 -35.186 0 -35.9391 0.984252 -35.9391 0 -32.7501 0 -33.5643 0.984252 -33.5643 0 -29.3487 0 -30.1938 0.984252 -30.1938 0 -24.8285 0 -25.6752 0.984252 -25.6752 0 -33.2312 0 -33.3206 0.984252 -33.3206 0 -0.740741 0 -2.32439 0.984252 -2.32439 0 32.192 0 30.7304 0.984252 30.7304 0 34.6988 0 33.8808 0.984252 33.8808 0 39.2465 4.3742 37.7395 3.91922 38.1034 3.60792 -42.2222 6.30268 -42.6133 5.99298 -41.5294 5.12612 43.5719 0 42.6133 0.984252 42.6133 0 44.3305 0 43.5327 0.984252 43.5327 0 43.7159 0 43.0441 0.984252 43.0441 0 41.1193 0 40.5075 0.984252 40.5075 0 37.4093 0 36.7976 0.984252 36.7976 0 31.4457 0 30.8917 0.984252 30.8917 0 23.8785 0 23.3081 0.984252 23.3081 0 16.1754 0 15.6036 0.984252 15.6036 0 7.66055 0 7.10528 0.984252 7.10528 0 -2.77603 0 -3.60122 0.984252 -3.60122 0 -16.9797 0 -17.7372 0.984252 -17.7372 0 -30.7833 0 -31.5733 0.984252 -31.5733 0 -39.0965 0 -40.027 0.984252 -40.027 0 -41.2946 0 -42.2913 0.984252 -42.2913 0 -40.4582 0 -41.4719 0.984252 -41.4719 0 -37.3398 0 -37.9158 0.984252 -37.9158 0 -29.1888 0 -29.6877 0.984252 -29.6877 0 -14.9599 0 -15.4432 0.984252 -15.4432 0 1.11092 0 0.560716 0.984252 0.560716 0 16.8705 0 16.2497 0.984252 16.2497 0 33.9181 0 33.2914 0.984252 33.2914 0 42.4676 0 41.7683 0.984252 41.7683 0 44.6309 0 43.8276 0.984252 43.8276 0 43.5239 0 42.7585 0.984252 42.7585 0 40.6282 0 39.8656 0.984252 39.8656 0 37.0469 0 36.3197 0.984252 36.3197 0 32.5462 0 31.8991 0.984252 31.8991 0 46.6156 0 46.5198 0.984252 46.5198 0 9.2401 0 7.72669 0.984252 7.72669 0 -38.9169 0 -39.6012 0.984252 -39.6012 0 -40.9712 0 -41.6836 0.984252 -41.6836 0 -42.4006 0 -43.1438 0.984252 -43.1438 0 -43.2234 0 -44.001 0.984252 -44.001 0 -43.7192 0 -44.3891 0.984252 -44.3891 0 -43.5916 0 -44.2149 0.984252 -44.2149 0 -42.1375 0 -42.7335 0.984252 -42.7335 0 -39.0685 0 -39.6591 0.984252 -39.6591 0 -34.5845 0 -35.1563 0.984252 -35.1563 0 -28.2526 0 -28.7929 0.984252 -28.7929 0 -20.1157 0 -20.6509 0.984252 -20.6509 0 -11.194 0 -11.7514 0.984252 -11.7514 0 -3.43618 0 -3.96059 0.984252 -3.96059 0 4.56831 0 4.09491 0.984252 4.09491 0 12.9417 0 12.4994 0.984252 12.4994 0 20.7547 0 20.3254 0.984252 20.3254 0 27.5085 0 27.0755 0.984252 27.0755 0 32.9942 0 32.5618 0.984252 32.5618 0 38.5404 0 37.6009 0.984252 37.6009 0 41.4044 0 40.4643 0.984252 40.4643 0 41.9954 0 41.1636 0.984252 41.1636 0 40.1262 0 39.5528 0.984252 39.5528 0 32.1493 0 31.6703 0.984252 31.6703 0 17.9894 0 17.5282 0.984252 17.5282 0 3.50699 0 2.98658 0.984252 2.98658 0 -11.2524 0 -11.912 0.984252 -11.912 0 -29.257 0 -29.9041 0.984252 -29.9041 0 -38.5223 0 -38.8783 0.984252 -38.8783 0 -42.0534 0 -42.4422 0.984252 -42.4422 0 -43.3747 0 -44.3007 0.984252 -44.3007 0 -42.4302 0 -43.1833 0.984252 -43.1833 0 -39.7073 0 -40.5215 0.984252 -40.5215 0 -35.8181 0 -36.6632 0.984252 -36.6632 0 -30.5705 0 -31.4173 0.984252 -31.4173 0 -40.5172 0 -40.6066 0.984252 -40.6066 0 -0.740741 0 -2.32439 0.984252 -2.32439 0 38.9883 0 37.5267 0.984252 37.5267 0 41.8434 0 41.0253 0.984252 41.0253 0 46.5326 4.3742 45.0255 3.91922 45.3895 3.60792 -49.1188 1.14304 -50.3831 8.71009 -50.3831 1.14304 51.5964 0 47.9055 0.984252 47.9055 0 1.14304 0 0.172414 0.984252 0.172414 0 -50.3831 0 -51.5964 0.984252 -51.5964 0 8.71009 0 1.14304 0.984252 1.14304 0 51.5964 0 50.3831 0.984252 50.3831 0 9.680721 0 8.71009 0.984252 8.71009 0 -47.9055 0 -51.5964 0.984252 -51.5964 0 -8.71009 0 -9.680721 0.984252 -9.680721 0 49.1188 0 47.9055 0.984252 47.9055 0 -1.14304 0 -8.71009 0.984252 -8.71009 0 -47.9055 0 -49.1188 0.984252 -49.1188 0 -0.172414 0 -1.14304 0.984252 -1.14304 0 50.3831 1.14304 49.1188 8.71009 49.1188 1.14304 -52.1392 9.680721 -53.493 9.680721 -56.1239 1.78799 28.6793 0 18.6246 0.984252 18.6246 0 -58.7548 0 -60.0447 0.984252 -60.0447 0 -19.4442 0 -27.7638 0.984252 -27.7638 0 -7.73203 0 -16.0517 0.984252 -16.0517 0 -52.1392 0 -53.493 0.984252 -53.493 0 17.8541 0 7.7994 0.984252 7.7994 0 56.7752 0 55.4087 0.984252 55.4087 0 56.1239 1.78799 52.1392 9.680721 55.4087 0.172414 -62.2222 5.95147 -66.5837 4.82759 -62.2222 4.82759 -0.172414 0 -9.680721 0.984252 -9.680721 0 66.9029 0 60.9579 0.984252 60.9579 0 1.2963 0 0.172414 0.984252 0.172414 0 -62.2222 0 -66.9029 0.984252 -66.9029 0 4.82759 0 1.2963 0.984252 1.2963 0 66.5837 0 62.2222 0.984252 62.2222 0 5.95147 0 4.82759 0.984252 4.82759 0 -62.2222 0 -66.5837 0.984252 -66.5837 0 8.556831 0 5.95147 0.984252 5.95147 0 66.9029 0 62.2222 0.984252 62.2222 0 9.680721 0 8.556831 0.984252 8.556831 0 -60.9579 0 -66.9029 0.984252 -66.9029 0 60.9579 9.680721 62.2222 4.82759 62.2222 5.95147 116.191 -255.97 106.742 -247.33 106.742 -255.97 -106.742 215.414 -116.191 324.321 -116.191 204.364 -299.97 38.6209 -304.017 29.7274 -296.353 33.7155 116.191 322.994 106.742 209.12 116.191 203.024 367.556 130.27 304.017 29.7274 373.28 127.292 106.742 -270.798 116.191 -272.985 116.191 -270.798 -116.191 -272.377 -106.742 -274.565 -106.742 -272.377 -106.742 -272.377 -116.191 -265.925 -116.191 -272.377 116.191 -218.816 106.742 -270.798 116.191 -270.798 327.299 151.541 373.28 127.292 337.147 151.541 226.805 -60.8772 218.397 -60.8772 248.625 -92.1798 106.742 337.147 111.584 344.181 106.742 344.181 106.742 327.299 116.191 337.147 106.742 337.147 -379.986 132.658 -375.221 126.282 -373.28 127.292 -111.584 -233.748 -106.742 -274.228 -106.742 -233.748 387.832 123.727 351.777 142.698 381.145 118.336 375.221 126.282 379.986 132.658 373.28 127.292 -116.191 333.747 -116.191 325.786 -106.742 325.786 375.221 126.282 375.214 126.272 375.217 126.277 -375.214 126.272 -375.221 126.282 -375.217 126.277 -310.576 38.6209 -367.556 130.27 -373.28 127.292 -360.126 100.217 -344.181 100.217 -344.181 108.592 -111.584 151.541 -125.758 151.541 -121.151 122.769 125.758 344.181 111.584 449.307 111.584 344.181 125.758 151.541 114.227 143.594 125.758 143.594 360.126 143.594 370.047 136.08 449.307 151.541 -125.758 360.126 -114.227 344.181 -114.227 360.126 125.758 143.594 116.725 136.08 125.758 136.08 -125.758 370.047 -116.725 360.126 -116.725 370.047 121.151 122.769 125.758 136.08 116.725 136.08 370.047 155.639 449.307 155.639 370.047 169.724 445.306 142.577 445.163 171.714 365.941 156.057 -6.65354 30.5512 -6.65354 0 0 0 0 0 0 134.428 -6.65354 134.428 0 0 0 134.428 -30.5512 134.428 6.65354 0 6.65354 134.428 0 134.428 30.5512 0 30.5512 134.428 0 134.428 0 30.5512 0 0 6.65354 0 -6.65354 30.5512 -6.65354 0 0 0 0 0 0 134.428 -6.65354 134.428 0 0 0 134.428 -30.5512 134.428 6.65354 0 6.65354 134.428 0 134.428 30.5512 0 30.5512 134.428 0 134.428 0 30.5512 0 0 6.65354 0 659.055 0 659.055 40.315 0 40.315 -292.835 0 0 0 0 659.055 0 3.93701 0 0 10.9149 3.93701 0 0 292.835 0 10.9149 3.93701 292.835 0 292.835 40.315 66.033 32.874 292.835 40.315 66.033 40.315 66.033 32.874 66.033 32.874 58.159 32.874 58.159 28.2677 18.7889 9.84252 10.9149 9.84252 10.9149 3.93701 26.6629 15.0394 18.7889 15.0394 18.7889 9.84252 34.5369 18.0709 26.6629 18.0709 26.6629 15.0394 42.411 20.4724 34.5369 20.4724 34.5369 18.0709 50.285 24.0551 42.411 24.0551 42.411 20.4724 58.159 28.2677 50.285 28.2677 50.285 24.0551 292.835 0 66.033 32.874 58.159 28.2677 18.7889 9.84252 10.9149 3.93701 42.411 20.4724 10.9149 3.93701 292.835 0 42.411 20.4724 34.5369 18.0709 26.6629 15.0394 18.7889 9.84252 42.411 20.4724 34.5369 18.0709 18.7889 9.84252 292.835 0 58.159 28.2677 50.285 24.0551 66.033 659.055 66.033 0 292.835 0 -292.835 40.315 -292.835 0 -66.033 32.874 -292.835 0 0 0 -10.9149 3.93701 0 0 0 3.93701 -10.9149 3.93701 -10.9149 3.93701 -10.9149 9.84252 -18.7889 9.84252 -18.7889 9.84252 -18.7889 15.0394 -26.6629 15.0394 -26.6629 15.0394 -26.6629 18.0709 -34.5369 18.0709 -34.5369 18.0709 -34.5369 20.4724 -42.411 20.4724 -42.411 20.4724 -42.411 24.0551 -50.285 24.0551 -50.285 24.0551 -50.285 28.2677 -58.159 28.2677 -58.159 28.2677 -58.159 32.874 -66.033 32.874 -66.033 32.874 -66.033 40.315 -292.835 40.315 -292.835 0 -10.9149 3.93701 -50.285 24.0551 -10.9149 3.93701 -18.7889 9.84252 -42.411 20.4724 -18.7889 9.84252 -26.6629 15.0394 -34.5369 18.0709 -42.411 20.4724 -18.7889 9.84252 -34.5369 18.0709 -58.159 28.2677 -66.033 32.874 -292.835 0 -10.9149 3.93701 -42.411 20.4724 -50.285 24.0551 0 0 0 3.93701 -659.055 3.93701 0 659.055 0 0 10.9149 0 0 3.93701 0 9.84252 -659.055 9.84252 10.9149 659.055 10.9149 0 18.7889 0 0 15.0394 -659.055 15.0394 -659.055 9.84252 18.7889 659.055 18.7889 0 26.6629 0 0 18.0709 -659.055 18.0709 -659.055 15.0394 26.6629 659.055 26.6629 0 34.5369 0 -659.055 20.4724 -659.055 18.0709 0 18.0709 34.5369 659.055 34.5369 0 42.411 0 0 20.4724 0 24.0551 -659.055 24.0551 42.411 659.055 42.411 0 50.285 0 -659.055 24.0551 0 24.0551 0 28.2677 50.285 659.055 50.285 0 58.159 0 -659.055 28.2677 0 28.2677 0 32.874 58.159 659.055 58.159 0 66.033 0 -659.055 32.874 0 32.874 0 40.315 -22.3622 10.9843 -3.34646 10.9843 -3.34646 51.7717 51.7717 134.428 10.9843 134.428 10.9843 0 -22.3622 134.428 -22.3622 0 -12.7953 134.428 -22.3622 0 -3.34646 0 -12.7953 134.428 -3.34646 0 -3.34646 146.614 -12.7953 134.428 -51.7717 146.614 -51.7717 0 -10.9843 134.428 -51.7717 0 -10.9843 0 -10.9843 134.428 -10.9843 134.428 111.024 134.428 130.433 146.614 22.3622 0 22.3622 134.428 12.7953 134.428 12.7953 134.428 3.34646 134.428 3.34646 0 22.3622 10.9843 22.3622 51.7717 12.7953 51.7717 51.7717 134.428 51.7717 146.614 10.9843 134.428 51.7717 146.614 -130.433 146.614 10.9843 134.428 12.7953 51.7717 3.34646 51.7717 3.34646 -130.433 3.34646 165.506 12.7953 165.506 12.7953 188.424 -12.7953 10.9843 -12.7953 -111.024 -3.34646 -111.024 -557.5 277.735 -554.777 286.301 -557.744 284.403 -557.5 277.735 -557.744 284.403 -560.964 282.975 -559.224 268.914 -557.5 277.735 -564.362 282.051 -557.5 277.735 -560.964 282.975 -564.362 282.051 -559.925 259.954 -559.224 268.914 -571.381 281.788 -559.224 268.914 -564.362 282.051 -567.862 281.652 -559.224 268.914 -567.862 281.652 -571.381 281.788 -559.593 250.972 -559.925 259.954 -578.158 283.636 -559.925 259.954 -571.381 281.788 -574.84 282.454 -554.535 217.45 -554.541 228.328 -557.168 216.386 -554.541 228.328 -558.235 242.087 -557.168 216.386 -558.235 242.087 -559.593 250.972 -581.258 285.306 -559.925 259.954 -574.84 282.454 -578.158 283.636 -588.579 292.812 -590.172 295.953 -557.168 216.386 -586.53 289.947 -588.579 292.812 -557.168 216.386 -557.168 216.386 -558.235 242.087 -584.071 287.426 -559.593 250.972 -578.158 283.636 -581.258 285.306 -584.071 287.426 -586.53 289.947 -557.168 216.386 -559.593 250.972 -558.235 242.087 -547.6 246.931 -558.235 242.087 -546.766 243.279 -547.6 246.931 -559.224 268.914 -559.925 259.954 -545.86 261.638 -559.925 259.954 -559.593 250.972 -547.743 254.404 -545.86 261.638 -559.925 259.954 -547.049 258.086 -554.777 286.301 -557.5 277.735 -542.091 268.093 -557.5 277.735 -559.224 268.914 -544.197 264.994 -544.197 264.994 -559.224 268.914 -545.86 261.638 -546.487 302.217 -551.089 294.498 -533.551 275.289 -551.089 294.498 -554.777 286.301 -536.718 273.288 -539.583 270.875 -554.777 286.301 -542.091 268.093 -534.789 315.827 -541.029 309.359 -526.55 277.907 -541.029 309.359 -546.487 302.217 -530.14 276.838 -530.14 276.838 -546.487 302.217 -533.551 275.289 -520.298 326.414 -527.848 321.537 -505.898 280.534 -527.848 321.537 -534.789 315.827 -519.514 276.95 -505.898 280.534 -527.848 321.537 -512.47 277.845 -505.691 327.648 -512.239 330.394 -520.298 326.414 -495.778 317.648 -500.076 323.3 -520.298 326.414 -500.076 323.3 -505.691 327.648 -520.298 326.414 -492.194 304.031 -493.09 311.075 -493.151 296.995 -493.09 311.075 -495.778 317.648 -493.151 296.995 -495.898 290.447 -493.151 296.995 -495.778 317.648 -505.898 280.534 -500.245 284.832 -520.298 326.414 -500.245 284.832 -495.898 290.447 -520.298 326.414 -519.514 276.95 -512.47 277.845 -527.848 321.537 -526.55 277.907 -519.514 276.95 -534.789 315.827 -520.298 326.414 -495.898 290.447 -495.778 317.648 -554.777 286.301 -539.583 270.875 -536.718 273.288 -559.593 250.972 -547.6 246.931 -547.928 250.663 -559.593 250.972 -547.928 250.663 -547.743 254.404 -530.14 276.838 -526.55 277.907 -541.029 309.359 -547.743 254.404 -547.049 258.086 -559.925 259.954 -557.5 277.735 -544.197 264.994 -542.091 268.093 -468.456 252.233 -448.832 330.394 -472.039 307.787 -448.832 330.394 -467.709 330.394 -469.185 318.959 -448.832 330.394 -469.185 318.959 -472.039 307.787 -554.541 228.328 -554.535 217.45 -535.528 245.854 -554.535 217.45 -468.456 252.233 -524.685 249.775 -535.528 245.854 -554.535 217.45 -524.685 249.775 -546.766 243.279 -558.235 242.087 -554.541 228.328 -535.528 245.854 -546.766 243.279 -554.541 228.328 -468.456 252.233 -472.039 307.787 -476.227 297.045 -468.456 252.233 -476.227 297.045 -481.689 286.891 -468.456 252.233 -481.689 286.891 -488.344 277.475 -514.398 254.984 -524.685 249.775 -468.456 252.233 -504.82 261.402 -514.398 254.984 -468.456 252.233 -468.456 252.233 -488.344 277.475 -496.092 268.937 0 0 176.644 0 0 48.0111 176.644 0 176.644 659.055 0 48.0111 176.644 659.055 0 659.055 0 612.331 0 604.457 0 558.348 176.644 659.055 0 558.348 0 512.239 176.644 659.055 176.644 659.055 0 612.331 0 604.457 0 114.68 0 111.199 176.644 659.055 0 111.199 0 57.723 176.644 659.055 0 57.723 0 48.0111 176.644 659.055 0 467.709 0 448.832 176.644 659.055 0 448.832 0 441.315 176.644 659.055 176.644 659.055 0 512.239 0 467.709 0 227.666 0 223.286 176.644 659.055 0 223.286 0 123.718 176.644 659.055 0 123.718 0 114.68 176.644 659.055 0 381.806 0 368.321 176.644 659.055 0 368.321 0 275.031 176.644 659.055 176.644 659.055 0 441.315 0 381.806 0 275.031 0 271.094 176.644 659.055 659.055 110.236 659.055 330.394 0 330.394 659.055 0 659.055 110.236 0 110.236 0 659.055 -176.644 659.055 -8.976381 615.478 -176.644 659.055 -176.644 0 -9.56693 449.307 -8.976381 615.478 -176.644 659.055 -9.56693 449.307 -176.644 0 -8.976381 0 -9.56693 242.975 -8.976381 0 -8.976381 242.975 -9.56693 242.975 -9.56693 242.975 -9.56693 273.526 -176.644 0 -9.56693 273.526 -9.56693 449.307 -176.644 0 0 615.478 0 637.266 -8.976381 615.478 0 637.266 0 659.055 -8.976381 615.478 176.644 0 176.644 110.236 8.976381 110.236 8.976381 134.428 8.976381 110.236 176.644 110.236 176.644 110.236 176.644 330.394 0 236.282 176.644 330.394 0 330.394 0 236.282 0 236.282 0 232.411 8.976381 134.428 0 232.411 0 134.428 8.976381 134.428 0 330.394 -9.9838 326.633 -9.40333 322.465 0 330.394 -9.40333 322.465 -9.06353 318.271 -9.9838 240.042 0 236.282 -16.7573 281.611 0 236.282 0 330.394 -10.1214 301.506 -9.49535 305.667 0 330.394 -9.109621 309.858 -26.3353 253.548 -18.9057 245.891 -18.7548 277.907 -18.9057 245.891 -9.9838 240.042 -18.7548 277.907 -28.7155 257.905 -27.9336 256.153 -29.3545 260.312 -27.9336 256.153 -26.3353 253.548 -26.6884 272.15 -29.601 262.79 -27.9336 256.153 -29.4487 265.276 -29.601 262.79 -29.3545 260.312 -27.9336 256.153 -28.9015 267.706 -29.4487 265.276 -27.9336 256.153 -26.6884 272.15 -27.9735 270.017 -27.9336 256.153 -27.9735 270.017 -28.9015 267.706 -27.9336 256.153 -23.1871 275.67 -25.0792 274.051 -26.3353 253.548 -25.0792 274.051 -26.6884 272.15 -26.3353 253.548 -18.7548 277.907 -21.0609 276.967 -26.3353 253.548 -21.0609 276.967 -23.1871 275.67 -26.3353 253.548 0 330.394 -9.06353 318.271 -8.96552 314.064 0 330.394 -8.96552 314.064 -9.109621 309.858 0 330.394 -9.49535 305.667 -10.1214 301.506 -16.7573 281.611 -18.7548 277.907 -9.9838 240.042 -14.9762 285.424 -16.7573 281.611 0 236.282 0 236.282 -10.1214 301.506 -10.9858 297.387 0 236.282 -10.9858 297.387 -12.0856 293.325 -13.4172 289.333 -14.9762 285.424 0 236.282 -27.7004 255.631 -27.9336 256.153 -31.9139 262.641 -73.24501 254.997 0 236.282 -9.9838 240.042 -68.3194 258.703 -73.24501 254.997 -26.3353 253.548 -73.24501 254.997 -9.9838 240.042 -18.9057 245.891 -73.24501 254.997 -18.9057 245.891 -26.3353 253.548 -63.885 262.984 -68.3194 258.703 -26.3353 253.548 -60.0086 267.777 -63.885 262.984 -31.9139 262.641 -63.885 262.984 -26.3353 253.548 -27.7004 255.631 -63.885 262.984 -27.7004 255.631 -31.9139 262.641 -56.7487 273.008 -60.0086 267.777 -31.9139 262.641 -54.1543 278.6 -56.7487 273.008 -35.3726 272.734 -56.7487 273.008 -31.9139 262.641 -35.3726 272.734 -52.2647 284.467 -54.1543 278.6 -36.5443 283.338 -54.1543 278.6 -35.3726 272.734 -36.5443 283.338 -51.1081 290.522 -52.2647 284.467 -36.5443 283.338 -51.1081 290.522 -36.5443 283.338 -35.3726 293.942 -50.7021 296.672 -51.1081 290.522 -35.3726 293.942 -50.7021 296.672 -35.3726 293.942 -51.0529 302.827 -35.3726 293.942 -31.9139 304.034 -51.0529 302.827 -51.0529 302.827 -31.9139 304.034 -52.155 308.891 -31.9139 304.034 -26.3353 313.128 -48.0111 330.394 -52.155 308.891 -31.9139 304.034 -48.0111 330.394 -26.3353 313.128 -18.9057 320.784 -48.0111 330.394 -52.155 308.891 -48.0111 330.394 -53.992 314.775 -48.0111 330.394 -56.536 320.39 -53.992 314.775 -9.9838 326.633 0 330.394 -48.0111 330.394 -35.3726 272.734 -31.9139 262.641 -29.4487 265.276 -31.9139 262.641 -27.9336 256.153 -28.7155 257.905 -31.9139 262.641 -28.7155 257.905 -29.3545 260.312 -35.3726 293.942 -36.5443 283.338 -23.1871 275.67 -36.5443 283.338 -35.3726 272.734 -25.0792 274.051 -26.3353 313.128 -31.9139 304.034 -10.9858 297.387 -31.9139 304.034 -35.3726 293.942 -13.4172 289.333 -13.4172 289.333 -35.3726 293.942 -14.9762 285.424 -9.9838 326.633 -18.9057 320.784 -9.40333 322.465 -18.9057 320.784 -26.3353 313.128 -9.109621 309.858 -9.06353 318.271 -18.9057 320.784 -8.96552 314.064 -9.06353 318.271 -9.40333 322.465 -18.9057 320.784 -9.109621 309.858 -8.96552 314.064 -18.9057 320.784 -10.1214 301.506 -9.49535 305.667 -26.3353 313.128 -9.49535 305.667 -9.109621 309.858 -26.3353 313.128 -12.0856 293.325 -10.9858 297.387 -31.9139 304.034 -10.9858 297.387 -10.1214 301.506 -26.3353 313.128 -13.4172 289.333 -12.0856 293.325 -31.9139 304.034 -18.7548 277.907 -16.7573 281.611 -21.0609 276.967 -16.7573 281.611 -14.9762 285.424 -35.3726 293.942 -21.0609 276.967 -16.7573 281.611 -35.3726 293.942 -36.5443 283.338 -25.0792 274.051 -23.1871 275.67 -31.9139 262.641 -29.3545 260.312 -29.601 262.79 -31.9139 262.641 -29.601 262.79 -29.4487 265.276 -23.1871 275.67 -21.0609 276.967 -35.3726 293.942 -35.3726 272.734 -29.4487 265.276 -28.9015 267.706 -26.6884 272.15 -25.0792 274.051 -35.3726 272.734 -35.3726 272.734 -28.9015 267.706 -27.9735 270.017 -48.0111 330.394 -57.723 330.394 -56.536 320.39 -57.723 330.394 -97.9229 282.922 -56.536 320.39 -97.9229 282.922 -111.199 330.394 -114.68 330.394 -95.5858 274.565 -97.9229 282.922 -100.726 279.612 -95.527 260.69 -91.4112 259.639 -95.5858 274.565 -94.4142 256.64 -90.27571 255.578 -91.4112 259.639 -77.6231 195.534 -60.832 134.428 -56.3939 134.428 -56.3939 134.428 -90.27571 255.578 -77.6231 195.534 -90.27571 255.578 -94.4142 256.64 -87.8926 232.907 0 529.079 0 531.047 -8.976381 550.134 0 531.047 0 550.134 -8.976381 550.134 0 529.079 -8.976381 550.134 0 527.11 -8.976381 550.134 -8.976381 449.307 0 498.033 -8.976381 449.307 -9.56693 449.307 0 310.985 -9.56693 449.307 -9.56693 273.526 0 310.985 -9.56693 273.526 -9.56693 242.975 0 258.8 -9.56693 242.975 -8.976381 242.975 0 258.8 -8.976381 242.975 -8.976381 0 0 162.785 -8.976381 0 0 0 0 56.3939 0 56.3939 0 60.832 -8.976381 0 0 60.832 0 162.785 -8.976381 0 -8.976381 242.975 0 215.005 0 223.671 0 527.11 -8.976381 550.134 0 523.173 0 498.033 0 523.173 -8.976381 550.134 0 162.785 0 215.005 -8.976381 242.975 0 299.454 0 310.985 -9.56693 273.526 0 310.985 0 494.404 -8.976381 449.307 0 494.404 0 498.033 -8.976381 449.307 -8.976381 242.975 0 223.671 0 258.8 0 258.8 0 293.929 -9.56693 273.526 -550.134 134.428 -531.047 134.428 -563.17 157.435 -531.047 134.428 -558.309 200.153 -565.428 167.094 -565.332 187.976 -571.031 182.271 -568.539 176.513 -531.047 134.428 -565.428 167.094 -563.17 157.435 -558.309 200.153 -565.332 187.976 -565.428 167.094 -568.065 98.8151 -571.893 89.6645 -550.134 134.428 -565.069 108.271 -568.065 98.8151 -550.134 134.428 -565.332 187.976 -568.539 176.513 -565.428 167.094 -562.929 117.957 -565.069 108.271 -550.134 134.428 -561.663 127.795 -562.929 117.957 -550.134 134.428 -550.134 134.428 -563.17 157.435 -561.784 147.613 -561.28 137.707 -561.663 127.795 -550.134 134.428 -527.11 134.428 -523.173 134.428 -524.516 137.665 -535.534 164.227 -555.192 211.62 -558.214 200.318 -527.11 134.428 -524.516 137.665 -529.079 134.428 -524.516 137.665 -535.534 164.227 -531.047 134.428 -529.079 134.428 -524.516 137.665 -531.047 134.428 -558.309 200.153 -531.047 134.428 -535.534 164.227 -523.173 134.428 -498.033 134.428 -523.649 145.644 -498.033 134.428 -491.416 160.784 -495.228 162.084 -495.228 162.084 -499.206 162.717 -498.033 134.428 -499.206 162.717 -503.234 162.666 -498.033 134.428 -503.234 162.666 -507.194 161.932 -498.033 134.428 -507.194 161.932 -510.972 160.537 -498.033 134.428 -510.972 160.537 -514.459 158.52 -498.033 134.428 -514.459 158.52 -517.552 155.941 -498.033 134.428 -517.552 155.941 -520.163 152.874 -498.033 134.428 -520.163 152.874 -522.215 149.408 -498.033 134.428 -522.215 149.408 -523.649 145.644 -498.033 134.428 -523.649 145.644 -524.424 141.691 -523.173 134.428 -491.416 160.784 -498.033 134.428 -494.404 134.428 -478.498 193.141 -462.592 251.854 -480.767 203.199 -462.592 251.854 -469.235 249.129 -480.767 203.199 -491.416 160.784 -494.404 134.428 -478.498 193.141 -480.767 203.199 -487.825 175.088 -478.498 193.141 -481.175 157.197 -480.57 157.911 -482.256 161.981 -483.211 154.593 -481.175 157.197 -482.256 161.981 -485.143 151.912 -483.211 154.593 -482.256 161.981 -485.143 151.912 -482.256 161.981 -482.877 166.698 -486.969 149.157 -485.143 151.912 -482.877 166.698 -486.969 149.157 -482.877 166.698 -488.685 146.333 -482.877 166.698 -482.256 171.415 -490.288 143.443 -488.685 146.333 -482.877 166.698 -490.288 143.443 -491.778 140.493 -490.288 143.443 -482.256 171.415 -493.15 137.486 -491.778 140.493 -482.256 171.415 -478.498 193.141 -494.404 134.428 -493.15 137.486 -478.498 193.141 -493.15 137.486 -482.256 171.415 -478.498 193.141 -482.256 171.415 -480.436 175.81 -472.629 195.122 -478.498 193.141 -473.765 182.481 -478.498 193.141 -480.436 175.81 -477.539 179.585 -478.498 193.141 -477.539 179.585 -473.765 182.481 -466.944 197.583 -472.629 195.122 -466.381 185.504 -472.629 195.122 -473.765 182.481 -469.369 184.302 -461.482 200.506 -466.944 197.583 -466.381 185.504 -472.629 195.122 -469.369 184.302 -466.381 185.504 -469.369 184.302 -467.004 184.613 -466.381 185.504 -456.282 203.872 -461.482 200.506 -451.037 202.396 -451.037 202.396 -461.482 200.506 -466.381 185.504 -451.379 207.657 -456.282 203.872 -451.037 202.396 -451.379 207.657 -451.037 202.396 -446.806 211.836 -451.037 202.396 -433.684 217.216 -446.806 211.836 -446.806 211.836 -433.684 217.216 -442.595 216.38 -433.684 217.216 -414.599 229.728 -432.413 231.874 -442.595 216.38 -433.684 217.216 -438.776 221.257 -438.776 221.257 -433.684 217.216 -435.374 226.434 -394.088 239.731 -390.054 241.1 -388.463 244.562 -390.054 241.1 -388.357 243.208 -388.463 244.562 -414.599 229.728 -394.088 239.731 -416.462 260.487 -435.374 226.434 -433.684 217.216 -432.413 231.874 -388.463 244.562 -391.811 256.803 -394.088 239.731 -391.811 256.803 -397.404 268.195 -402.549 267.362 -407.513 265.774 -391.811 256.803 -402.549 267.362 -407.513 265.774 -412.185 263.465 -394.088 239.731 -412.185 263.465 -416.462 260.487 -394.088 239.731 -416.462 260.487 -420.249 256.906 -414.599 229.728 -420.249 256.906 -423.461 252.801 -414.599 229.728 -423.461 252.801 -426.028 248.265 -414.599 229.728 -426.028 248.265 -427.891 243.398 -414.599 229.728 -427.891 243.398 -429.913 237.542 -414.599 229.728 -407.513 265.774 -394.088 239.731 -391.811 256.803 -439.253 166.414 -446.427 166.456 -446.459 166.454 -446.459 166.454 -449.533 166.318 -451.981 165.989 -451.981 165.989 -454.171 166.111 -490.288 143.443 -454.171 166.111 -460.477 165.831 -490.288 143.443 -460.477 165.831 -474.478 164.501 -476.806 162.154 -476.806 162.154 -479.039 159.718 -460.477 165.831 -479.039 159.718 -480.57 157.911 -460.477 165.831 -480.57 157.911 -481.175 157.197 -460.477 165.831 -481.175 157.197 -483.211 154.593 -460.477 165.831 -483.211 154.593 -485.143 151.912 -460.477 165.831 -485.143 151.912 -486.969 149.157 -460.477 165.831 -486.969 149.157 -488.685 146.333 -460.477 165.831 -488.685 146.333 -490.288 143.443 -460.477 165.831 -490.288 143.443 -491.778 140.493 -451.981 165.989 -491.778 140.493 -493.15 137.486 -451.981 165.989 -493.15 137.486 -494.404 134.428 -451.981 165.989 -494.404 134.428 -310.985 134.428 -336.505 146.237 -357.232 153.565 -494.404 134.428 -336.505 146.237 -310.985 134.428 -323.596 140.654 -336.505 146.237 -336.505 146.237 -349.677 151.164 -357.232 153.565 -357.232 153.565 -363.081 155.423 -376.682 159.003 -376.682 159.003 -390.446 161.894 -393.905 162.441 -393.905 162.441 -404.132 164.057 -404.337 164.089 -404.337 164.089 -418.322 165.584 -494.404 134.428 -418.322 165.584 -432.364 166.373 -494.404 134.428 -494.404 134.428 -432.364 166.373 -439.253 166.414 -439.253 166.414 -446.459 166.454 -494.404 134.428 -494.404 134.428 -446.459 166.454 -451.981 165.989 -393.905 162.441 -404.337 164.089 -494.404 134.428 -357.232 153.565 -376.682 159.003 -494.404 134.428 -439.404 167.678 -446.432 166.734 -446.427 166.698 -446.427 166.698 -446.459 166.454 -446.427 166.456 -439.253 166.414 -439.072 167.789 -439.404 167.678 -439.404 167.678 -446.427 166.698 -446.427 166.456 -439.072 167.789 -439.002 168.317 -439.404 167.678 -439.002 168.317 -446.549 167.624 -439.404 167.678 -451.037 202.396 -466.381 185.504 -449.848 167.321 -466.381 185.504 -467.004 184.613 -464.652 166.698 -449.848 167.321 -466.381 185.504 -464.652 166.698 -467.004 184.613 -479.47 166.81 -472.061 166.754 -472.061 166.754 -464.652 166.698 -467.004 184.613 -449.848 167.321 -446.549 167.624 -451.037 202.396 -446.549 167.624 -439.002 168.317 -438.734 170.354 -446.549 167.624 -438.734 170.354 -436.964 174.627 -433.684 217.216 -451.037 202.396 -430.48 181.111 -394.088 239.731 -414.599 229.728 -388.893 219.298 -414.599 229.728 -433.684 217.216 -417.037 182.881 -417.037 182.881 -433.684 217.216 -421.622 183.485 -387.478 231.91 -388.241 241.715 -390.054 241.1 -390.054 241.1 -394.088 239.731 -387.478 231.91 -398.635 195.984 -414.599 229.728 -406.613 186.115 -434.149 178.296 -451.037 202.396 -436.964 174.627 -446.549 167.624 -436.964 174.627 -451.037 202.396 -414.599 229.728 -398.635 195.984 -392.657 207.179 -451.037 202.396 -434.149 178.296 -430.48 181.111 -388.893 219.298 -387.478 231.91 -394.088 239.731 -392.657 207.179 -388.893 219.298 -414.599 229.728 -412.644 181.019 -406.613 186.115 -412.764 181.111 -412.764 181.111 -406.613 186.115 -417.037 182.881 -417.037 182.881 -406.613 186.115 -414.599 229.728 -433.684 217.216 -430.48 181.111 -426.207 182.881 -479.47 166.81 -467.004 184.613 -469.369 184.302 -469.369 184.302 -473.765 182.481 -479.47 166.81 -473.765 182.481 -477.539 179.585 -479.47 166.81 -477.539 179.585 -480.436 175.81 -479.47 166.81 -480.436 175.81 -482.256 171.415 -479.47 166.81 -482.256 171.415 -482.877 166.698 -479.47 166.81 -482.877 166.698 -482.256 161.981 -479.47 166.81 -482.256 161.981 -480.57 157.911 -479.039 159.718 -482.256 161.981 -479.039 159.718 -476.806 162.154 -474.478 164.501 -472.061 166.754 -479.47 166.81 -482.256 161.981 -476.806 162.154 -479.47 166.81 -464.652 166.698 -472.061 166.754 -474.478 164.501 -460.477 165.831 -454.171 166.111 -464.652 166.698 -454.171 166.111 -449.533 166.318 -449.848 167.321 -449.533 166.318 -446.432 166.734 -446.549 167.624 -449.848 167.321 -449.533 166.318 -446.549 167.624 -446.459 166.454 -446.427 166.698 -446.432 166.734 -427.369 171.704 -416.307 177.924 -421.622 183.485 -416.307 177.924 -412.644 181.019 -412.764 181.111 -427.369 171.704 -421.622 183.485 -426.207 182.881 -412.764 181.111 -417.037 182.881 -416.307 177.924 -417.037 182.881 -421.622 183.485 -416.307 177.924 -426.207 182.881 -430.48 181.111 -427.369 171.704 -430.48 181.111 -434.149 178.296 -427.369 171.704 -434.149 178.296 -436.964 174.627 -427.369 171.704 -436.964 174.627 -438.734 170.354 -436.92 168.509 -438.734 170.354 -439.002 168.317 -436.92 168.509 -420.422 170.763 -405.873 173.574 -416.307 177.924 -405.873 173.574 -405.847 173.58 -406.28 174.627 -416.307 177.924 -405.873 173.574 -406.28 174.627 -406.28 174.627 -409.095 178.296 -416.307 177.924 -409.095 178.296 -412.644 181.019 -416.307 177.924 -427.369 171.704 -436.92 168.509 -435.092 168.677 -416.307 177.924 -427.369 171.704 -420.422 170.763 -404.132 164.057 -393.905 162.441 -394.828 165.012 -394.828 165.012 -396.301 167.507 -404.132 164.057 -396.301 167.507 -398.217 169.681 -404.132 164.057 -404.132 164.057 -398.217 169.681 -400.507 171.456 -400.507 171.456 -403.089 172.769 -404.132 164.057 -404.132 164.057 -403.089 172.769 -404.337 164.089 -403.089 172.769 -405.84 173.564 -404.337 164.089 -405.84 173.564 -405.873 173.574 -404.337 164.089 -405.873 173.574 -420.422 170.763 -418.322 165.584 -418.322 165.584 -404.337 164.089 -405.873 173.574 -435.092 168.677 -436.92 168.509 -432.364 166.373 -436.92 168.509 -439.072 167.789 -439.253 166.414 -420.422 170.763 -435.092 168.677 -432.364 166.373 -432.364 166.373 -418.322 165.584 -420.422 170.763 -386.094 175.979 -396.04 175.245 -396.301 167.507 -396.04 175.245 -405.846 173.579 -403.089 172.769 -405.846 173.579 -405.84 173.564 -403.089 172.769 -396.04 175.245 -403.089 172.769 -400.507 171.456 -366.215 174.617 -376.122 175.769 -376.682 159.003 -376.122 175.769 -386.094 175.979 -376.682 159.003 -376.682 159.003 -386.094 175.979 -390.446 161.894 -351.705 171.035 -356.462 172.533 -353.492 170.515 -356.462 172.533 -366.215 174.617 -357.921 167.218 -353.492 170.515 -356.462 172.533 -355.157 169.687 -355.157 169.687 -356.462 172.533 -356.65 168.576 -396.04 175.245 -400.507 171.456 -398.217 169.681 -396.04 175.245 -398.217 169.681 -396.301 167.507 -356.65 168.576 -356.462 172.533 -357.921 167.218 -386.094 175.979 -396.301 167.507 -394.828 165.012 -358.932 165.655 -357.921 167.218 -366.215 174.617 -386.094 175.979 -394.828 165.012 -390.446 161.894 -366.215 174.617 -359.649 163.939 -358.932 165.655 -394.828 165.012 -393.905 162.441 -390.446 161.894 -359.649 163.939 -366.215 174.617 -360.049 162.122 -366.215 174.617 -376.682 159.003 -360.049 162.122 -376.682 159.003 -363.081 155.423 -360.049 162.122 -363.081 155.423 -357.232 153.565 -358.394 155.017 -363.081 155.423 -358.394 155.017 -359.281 156.653 -363.081 155.423 -359.281 156.653 -359.863 158.42 -360.122 160.263 -360.049 162.122 -363.081 155.423 -293.929 134.428 -255.544 240.91 -260.35 241.174 -246.897 222.843 -241.501 223.553 -241.13 224.448 -246.897 222.843 -241.13 224.448 -245.636 240.364 -241.13 224.448 -236.638 230.302 -245.636 240.364 -253.382 220.156 -246.897 222.843 -255.544 240.91 -246.897 222.843 -245.636 240.364 -255.544 240.91 -236.638 230.302 -230.784 234.795 -230.926 241.251 -245.636 240.364 -236.638 230.302 -230.926 241.251 -209.334 237.619 -208.685 237.35 -207.852 238.187 -209.334 237.619 -207.852 238.187 -216.416 243.822 -207.852 238.187 -197.864 246.714 -202.298 248.043 -216.65 238.582 -209.334 237.619 -216.416 243.822 -207.852 238.187 -202.298 248.043 -216.416 243.822 -187.215 254.4 -175.976 261.193 -188.758 253.859 -197.864 246.714 -187.215 254.4 -188.758 253.859 -202.298 248.043 -197.864 246.714 -188.758 253.859 -223.966 237.619 -216.65 238.582 -216.416 243.822 -230.784 234.795 -223.966 237.619 -230.926 241.251 -223.966 237.619 -216.416 243.822 -230.926 241.251 -293.929 134.428 -258.8 134.428 -257.093 147.45 -254.332 160.289 -250.657 172.453 -253.382 173.582 -293.929 134.428 -257.093 147.45 -263.224 183.424 -257.093 147.45 -254.332 160.289 -258.951 177.855 -258.951 215.883 -253.382 220.156 -255.544 240.91 -257.093 147.45 -258.951 177.855 -263.224 183.424 -254.332 160.289 -253.382 173.582 -258.951 177.855 -263.224 210.314 -258.951 215.883 -255.544 240.91 -265.911 203.829 -263.224 210.314 -255.544 240.91 -293.929 134.428 -263.224 183.424 -265.911 189.91 -265.911 203.829 -255.544 240.91 -293.929 134.428 -293.929 134.428 -265.911 189.91 -266.827 196.869 -245.725 185.081 -240.609 195.501 -241.13 196.18 -245.725 185.081 -241.13 196.18 -243.954 202.998 -253.382 173.582 -250.657 172.453 -250.534 172.86 -250.534 172.86 -245.725 185.081 -253.382 173.582 -245.725 185.081 -243.954 202.998 -265.911 189.91 -245.725 185.081 -265.911 189.91 -263.224 183.424 -243.954 202.998 -244.918 210.314 -263.224 210.314 -265.911 189.91 -243.954 202.998 -266.827 196.869 -258.951 177.855 -253.382 173.582 -245.725 185.081 -263.224 183.424 -258.951 177.855 -245.725 185.081 -265.911 203.829 -266.827 196.869 -243.954 202.998 -258.951 215.883 -263.224 210.314 -244.918 210.314 -263.224 210.314 -265.911 203.829 -243.954 202.998 -246.897 222.843 -253.382 220.156 -243.954 217.63 -253.382 220.156 -258.951 215.883 -244.918 210.314 -243.954 217.63 -253.382 220.156 -244.918 210.314 -226.492 173.582 -220.923 177.855 -240.609 195.501 -220.923 177.855 -217.61 182.173 -239.937 196.869 -240.609 195.501 -220.923 177.855 -239.937 196.869 -217.61 182.173 -216.65 182.046 -209.334 183.01 -209.334 183.01 -202.516 185.834 -225.265 219.215 -202.516 185.834 -196.662 190.326 -225.265 219.215 -196.662 190.326 -192.169 196.18 -225.265 219.215 -192.169 196.18 -189.345 202.998 -217.112 228.875 -225.265 219.215 -192.169 196.18 -217.112 228.875 -189.345 202.998 -188.382 210.314 -217.112 228.875 -188.382 210.314 -189.345 217.63 -217.112 228.875 -189.345 217.63 -192.169 224.448 -217.112 228.875 -192.169 224.448 -196.662 230.302 -217.112 228.875 -196.662 230.302 -202.516 234.795 -217.112 228.875 -202.516 234.795 -208.685 237.35 -217.112 228.875 -225.265 219.215 -225.583 218.839 -217.61 182.173 -225.583 218.839 -233.208 208.147 -217.61 182.173 -233.208 208.147 -239.937 196.869 -217.61 182.173 -240.609 195.501 -245.725 185.081 -232.978 170.896 -245.725 185.081 -250.534 172.86 -246.897 170.896 -232.978 170.896 -245.725 185.081 -239.937 169.979 -250.534 172.86 -250.657 172.453 -246.897 170.896 -246.897 170.896 -239.937 169.979 -245.725 185.081 -232.978 170.896 -226.492 173.582 -240.609 195.501 -175.089 236.402 -175.58 244.53 -185.809 252.274 -175.58 244.53 -176.7 252.596 -185.809 252.274 -176.7 252.596 -177.703 257.173 -185.809 252.274 -185.809 252.274 -196.29 244.71 -194.845 232.119 -196.29 244.71 -203.969 238.153 -201.232 237.019 -196.29 244.71 -201.232 237.019 -194.845 232.119 -176.004 220.153 -175.231 228.259 -186.864 218.295 -175.231 228.259 -175.089 236.402 -189.945 225.732 -186.864 218.295 -175.231 228.259 -189.945 225.732 -179.421 204.241 -177.403 212.131 -185.813 210.314 -177.403 212.131 -176.004 220.153 -186.864 218.295 -185.813 210.314 -177.403 212.131 -186.864 218.295 -185.26 189.05 -182.046 196.532 -189.945 194.896 -182.046 196.532 -179.421 204.241 -186.864 202.333 -193.379 174.946 -189.046 181.84 -194.845 188.509 -189.046 181.84 -185.26 189.05 -194.845 188.509 -224.852 136.975 -198.245 168.394 -225.208 171.357 -198.245 168.394 -193.379 174.946 -201.232 183.609 -225.208 171.357 -198.245 168.394 -219.107 176.039 -254.582 147.016 -255.897 136.975 -224.852 136.975 -249.033 169.024 -251.864 159.652 -247.562 168.414 -251.864 159.652 -254.582 147.016 -239.937 167.411 -247.562 168.414 -251.864 159.652 -239.937 167.411 -254.582 147.016 -224.852 136.975 -239.937 167.411 -232.313 168.414 -224.852 136.975 -225.208 171.357 -182.046 196.532 -186.864 202.333 -189.945 194.896 -175.089 236.402 -185.809 252.274 -194.845 232.119 -186.864 202.333 -179.421 204.241 -185.813 210.314 -232.313 168.414 -239.937 167.411 -224.852 136.975 -175.089 236.402 -194.845 232.119 -189.945 225.732 -219.107 176.039 -198.245 168.394 -208.669 180.528 -208.669 180.528 -198.245 168.394 -201.232 183.609 -208.669 180.528 -216.448 179.504 -219.107 176.039 -185.26 189.05 -189.945 194.896 -194.845 188.509 -196.249 166.81 -223.671 134.428 -215.005 134.428 -215.005 134.428 -152.462 207.822 -196.249 166.81 -152.462 207.822 -130.186 233.963 -165.818 202.746 -196.249 166.81 -152.462 207.822 -165.818 202.746 -130.186 233.963 -107.909 260.104 -115.579 262.072 -215.005 134.428 -162.785 134.428 -165.196 140.482 -215.005 134.428 -165.196 140.482 -167.027 146.736 -156.45 202.668 -152.462 207.822 -215.005 134.428 -159.935 197.162 -156.45 202.668 -215.005 134.428 -215.005 134.428 -167.027 146.736 -168.261 153.135 -215.005 134.428 -168.261 153.135 -168.886 159.621 -162.886 191.352 -159.935 197.162 -215.005 134.428 -165.276 185.289 -162.886 191.352 -215.005 134.428 -215.005 134.428 -168.886 159.621 -168.898 166.137 -215.005 134.428 -168.898 166.137 -168.295 172.626 -167.084 179.029 -165.276 185.289 -215.005 134.428 -60.832 134.428 -77.6231 195.534 -81.062 186.871 -60.832 134.428 -81.062 186.871 -85.3795 178.61 -153.476 134.912 -162.785 134.428 -60.832 134.428 -144.268 136.356 -153.476 134.912 -60.832 134.428 -60.832 134.428 -85.3795 178.61 -90.5292 170.841 -60.832 134.428 -90.5292 170.841 -96.4556 163.647 -135.258 138.746 -144.268 136.356 -60.832 134.428 -126.545 142.057 -135.258 138.746 -60.832 134.428 -60.832 134.428 -96.4556 163.647 -103.095 157.105 -60.832 134.428 -103.095 157.105 -110.376 151.285 -118.221 146.251 -126.545 142.057 -60.832 134.428 -94.4142 256.64 -95.527 260.69 -105.285 263.184 -105.285 263.184 -98.4244 271.234 -100.726 279.612 -100.726 279.612 -114.68 330.394 -128.893 316.596 -114.68 330.394 -123.718 330.394 -128.893 316.596 -128.893 316.596 -132.256 310.041 -100.726 279.612 -132.256 310.041 -135.62 303.485 -100.726 279.612 -157.168 276.44 -112.974 265.148 -153.351 280.004 -112.974 265.148 -100.726 279.612 -135.62 303.485 -153.351 280.004 -112.974 265.148 -143.809 291.234 -223.286 330.394 -235.519 296.46 -209.399 297.121 -235.519 296.46 -214.054 290.976 -209.399 297.121 -128.893 316.596 -123.718 330.394 -139.149 313.495 -123.718 330.394 -223.286 330.394 -169.34 318.036 -161.637 318.344 -123.718 330.394 -169.34 318.036 -139.149 313.495 -132.256 310.041 -128.893 316.596 -146.42 316.054 -139.149 313.495 -123.718 330.394 -223.286 330.394 -209.399 297.121 -204.008 302.632 -223.286 330.394 -204.008 302.632 -197.967 307.422 -153.957 317.679 -146.42 316.054 -123.718 330.394 -161.637 318.344 -153.957 317.679 -123.718 330.394 -223.286 330.394 -197.967 307.422 -191.372 311.413 -223.286 330.394 -191.372 311.413 -184.326 314.544 -223.286 330.394 -184.326 314.544 -176.944 316.763 -235.519 296.46 -236.709 293.158 -214.054 290.976 -236.709 293.158 -198.491 283.35 -214.054 290.976 -198.491 283.35 -160.272 273.541 -157.168 276.44 -229.079 242.469 -230.926 241.251 -216.416 243.822 -229.079 242.469 -216.416 243.822 -227.479 243.997 -216.416 243.822 -216.399 246.173 -225.218 247.78 -227.479 243.997 -216.416 243.822 -226.178 245.787 -226.178 245.787 -216.416 243.822 -225.218 247.78 -216.399 246.173 -216.171 248.514 -224.629 249.913 -225.218 247.78 -216.399 246.173 -224.629 249.913 -216.171 248.514 -215.736 250.825 -224.43 252.117 -224.629 249.913 -216.171 248.514 -224.43 252.117 -215.736 250.825 -215.095 253.087 -224.43 252.117 -215.095 253.087 -214.254 255.283 -224.629 254.321 -224.43 252.117 -215.095 253.087 -224.629 254.321 -214.254 255.283 -213.221 257.396 -225.218 256.454 -224.629 254.321 -214.254 255.283 -225.218 256.454 -213.221 257.396 -212.003 259.407 -226.178 258.447 -225.218 256.454 -213.221 257.396 -226.178 258.447 -212.003 259.407 -210.61 261.302 -227.479 260.237 -226.178 258.447 -212.003 259.407 -227.479 260.237 -210.61 261.302 -209.053 263.064 -229.379 279.857 -227.479 260.237 -210.61 261.302 -230.03 278.288 -210.61 261.302 -229.379 279.857 -230.03 278.288 -209.053 263.064 -207.344 264.68 -229.379 279.857 -232.105 263.76 -230.926 262.983 -230.926 276.845 -230.926 262.983 -229.079 261.765 -230.926 276.845 -229.079 261.765 -227.479 260.237 -230.03 278.288 -207.344 264.68 -205.498 266.137 -228.992 281.512 -229.379 279.857 -207.344 264.68 -228.992 281.512 -233.125 264.735 -232.105 263.76 -232.105 276.068 -234.568 267.148 -233.955 265.877 -233.955 273.952 -233.955 265.877 -233.125 264.735 -233.125 275.093 -235.07 269.914 -234.943 268.508 -234.943 271.32 -234.943 268.508 -234.568 267.148 -234.568 272.68 -234.568 272.68 -234.943 271.32 -234.943 268.508 -233.125 275.093 -233.955 273.952 -233.955 265.877 -233.955 273.952 -234.568 272.68 -234.568 267.148 -230.926 276.845 -232.105 276.068 -232.105 263.76 -232.105 276.068 -233.125 275.093 -233.125 264.735 -205.498 266.137 -203.53 267.422 -198.491 283.35 -203.53 267.422 -201.899 267.894 -198.491 283.35 -201.899 267.894 -200.379 268.649 -198.491 283.35 -200.379 268.649 -199.017 269.661 -198.491 283.35 -199.017 269.661 -197.857 270.899 -198.491 283.35 -197.857 270.899 -196.935 272.324 -197.429 282.026 -196.935 272.324 -196.281 273.89 -196.619 280.535 -196.281 273.89 -195.915 275.547 -196.087 278.923 -195.915 275.547 -195.85 277.243 -196.087 278.923 -196.087 278.923 -196.619 280.535 -196.281 273.89 -196.619 280.535 -197.429 282.026 -196.935 272.324 -197.429 282.026 -198.491 283.35 -197.857 270.899 -198.491 283.35 -236.709 293.158 -235.104 292.602 -198.491 283.35 -235.104 292.602 -233.61 291.793 -230.03 278.288 -230.926 276.845 -229.079 261.765 -198.491 283.35 -233.61 291.793 -232.267 290.752 -198.491 283.35 -232.267 290.752 -231.111 289.506 -205.498 266.137 -198.491 283.35 -228.992 281.512 -198.491 283.35 -231.111 289.506 -230.173 288.09 -198.491 283.35 -230.173 288.09 -229.476 286.54 -228.878 283.207 -228.992 281.512 -198.491 283.35 -198.491 283.35 -229.476 286.54 -229.041 284.898 -164.664 245.616 -164.601 244.575 -163.255 245.656 -158.616 248.327 -154.352 249.973 -158.732 263.465 -154.352 249.973 -152.298 250.841 -154.319 263.326 -164.664 245.616 -163.255 245.656 -165.901 254.526 -163.255 245.656 -158.616 248.327 -165.901 254.526 -158.732 263.465 -166.588 257.664 -165.901 254.526 -154.352 249.973 -154.319 263.326 -158.732 263.465 -152.298 250.841 -151.118 251.677 -151.323 261.868 -154.319 263.326 -152.298 250.841 -152.536 262.656 -151.118 251.677 -150.146 252.746 -150.308 260.839 -150.146 252.746 -149.425 254 -149.538 259.615 -149.425 254 -148.991 255.38 -149.049 258.254 -148.991 255.38 -148.864 256.82 -149.049 258.254 -149.049 258.254 -149.538 259.615 -149.425 254 -149.538 259.615 -150.308 260.839 -150.146 252.746 -150.308 260.839 -151.323 261.868 -151.118 251.677 -151.323 261.868 -152.536 262.656 -152.298 250.841 -154.319 263.326 -157.898 264.245 -158.732 263.465 -115.579 262.072 -151.785 271.364 -148.719 270.211 -115.579 262.072 -148.719 270.211 -145.972 268.427 -167.733 206.319 -165.818 202.746 -164.387 233.157 -165.818 202.746 -115.579 262.072 -145.508 245.338 -148.181 243.445 -165.818 202.746 -145.508 245.338 -169.82 214.128 -169.078 210.143 -169.44 222.202 -169.078 210.143 -167.733 206.319 -169.44 222.202 -169.44 222.202 -169.941 218.179 -169.82 214.128 -166.63 229.78 -168.327 226.1 -167.733 206.319 -168.327 226.1 -169.44 222.202 -167.733 206.319 -161.653 236.15 -164.387 233.157 -165.818 202.746 -164.387 233.157 -166.63 229.78 -167.733 206.319 -154.98 240.711 -158.493 238.688 -165.818 202.746 -158.493 238.688 -161.653 236.15 -165.818 202.746 -151.198 242.171 -154.98 240.711 -165.818 202.746 -115.579 262.072 -145.972 268.427 -143.673 266.094 -115.579 262.072 -143.673 266.094 -141.928 263.321 -165.818 202.746 -148.181 243.445 -151.198 242.171 -115.579 262.072 -141.928 263.321 -140.821 260.239 -115.579 262.072 -140.821 260.239 -140.401 256.99 -115.579 262.072 -140.401 256.99 -140.69 253.727 -115.579 262.072 -140.69 253.727 -141.673 250.602 -143.304 247.762 -145.508 245.338 -115.579 262.072 -115.579 262.072 -112.974 265.148 -151.785 271.364 -112.974 265.148 -157.168 276.44 -151.785 271.364 -107.909 260.104 -105.285 263.184 -112.974 265.148 -213.296 250.25 -213.69 248.16 -203.153 250.401 -213.69 248.16 -213.781 247.223 -203.153 250.401 -203.153 250.401 -189.879 256.103 -200.988 265.552 -211.021 256.194 -203.153 250.401 -209.919 258.014 -189.879 256.103 -177.347 263.293 -194.711 271.152 -177.347 263.293 -165.725 271.875 -193.339 277.37 -189.879 256.103 -197.344 267.785 -199.066 266.505 -165.725 271.875 -165.321 272.252 -193.648 279.522 -165.725 271.875 -193.648 279.522 -193.639 279.495 -203.153 250.401 -211.021 256.194 -211.956 254.284 -197.344 267.785 -189.879 256.103 -195.876 269.35 -212.716 252.297 -213.296 250.25 -203.153 250.401 -211.956 254.284 -212.716 252.297 -203.153 250.401 -208.659 259.728 -209.919 258.014 -203.153 250.401 -205.705 262.784 -207.25 261.322 -203.153 250.401 -207.25 261.322 -208.659 259.728 -203.153 250.401 -202.474 265.121 -204.035 264.101 -200.988 265.552 -204.035 264.101 -205.705 262.784 -203.153 250.401 -204.035 264.101 -203.153 250.401 -200.988 265.552 -165.725 271.875 -193.639 279.495 -193.339 277.37 -193.339 277.37 -193.421 275.227 -177.347 263.293 -200.988 265.552 -189.879 256.103 -199.066 266.505 -193.421 275.227 -193.884 273.131 -177.347 263.293 -193.884 273.131 -194.711 271.152 -177.347 263.293 -231.47 248.95 -230.989 249.948 -231.47 255.284 -230.989 249.948 -230.694 251.015 -230.989 254.286 -231.47 255.284 -230.989 249.948 -230.989 254.286 -230.694 251.015 -230.595 252.117 -230.694 253.219 -230.694 253.219 -230.989 254.286 -230.694 251.015 -231.47 255.284 -232.12 256.179 -232.12 248.055 -232.12 256.179 -232.921 256.944 -232.12 248.055 -232.921 256.944 -234.306 257.857 -232.935 247.281 -234.306 257.857 -235.946 258.939 -232.935 247.281 -232.921 256.944 -232.935 247.281 -232.12 248.055 -232.12 248.055 -231.47 248.95 -231.47 255.284 -232.935 247.281 -232.921 247.29 -232.12 248.055 -246.971 246.587 -245.652 246.515 -239.246 262.713 -245.652 246.515 -232.935 247.281 -235.946 258.939 -240.339 264.981 -240.339 264.983 -246.971 246.587 -239.246 262.713 -240.339 264.981 -246.971 246.587 -245.652 246.515 -235.946 258.939 -237.766 260.677 -240.912 294.236 -260.35 241.174 -255.544 240.91 -323.536 269.555 -325.201 267.68 -327.409 258.054 -325.201 267.68 -326.602 265.601 -327.409 258.054 -326.602 265.601 -327.712 263.353 -327.409 258.054 -327.712 263.353 -328.513 260.977 -327.409 258.054 -328.513 260.977 -328.99 258.515 -327.409 258.054 -328.99 258.515 -329.024 257.935 -327.409 258.054 -319.534 272.558 -321.636 271.19 -304.02 256.826 -321.636 271.19 -323.536 269.555 -304.02 256.826 -314.88 274.396 -317.269 273.632 -304.02 256.826 -317.269 273.632 -319.534 272.558 -304.02 256.826 -311.991 274.908 -314.88 274.396 -304.02 256.826 -327.409 258.054 -304.02 256.826 -323.536 269.555 -280.972 252.655 -263.245 247.063 -247.17 290.944 -304.02 256.826 -280.972 252.655 -300.515 280.521 -280.972 252.655 -247.17 290.944 -295.802 288.058 -304.02 256.826 -304.012 277.732 -308.046 275.797 -247.17 290.944 -289.614 301.837 -295.802 288.058 -289.614 301.837 -296.816 303.157 -295.878 301.251 -289.614 301.837 -295.878 301.251 -294.851 296.897 -304.012 277.732 -304.02 256.826 -300.515 280.521 -308.046 275.797 -311.991 274.908 -304.02 256.826 -289.614 301.837 -294.851 296.897 -294.825 292.423 -289.614 301.837 -294.825 292.423 -295.802 288.058 -300.515 280.521 -280.972 252.655 -297.731 284.022 -308.416 315.087 -313.706 312.917 -288.596 306.473 -288.596 306.473 -240.912 294.236 -239.705 297.53 -313.706 312.917 -316.504 313.635 -389.13 284.288 -389.13 284.288 -461.756 254.94 -462.592 251.854 -441.315 330.394 -448.002 305.712 -443.08 310.238 -441.315 330.394 -443.08 310.238 -437.362 313.703 -316.504 313.635 -381.806 330.394 -389.992 290.919 -381.806 330.394 -441.315 330.394 -417.78 316.615 -417.78 316.615 -441.315 330.394 -424.458 316.956 -389.992 290.919 -389.13 284.288 -316.504 313.635 -392.145 297.249 -389.992 290.919 -381.806 330.394 -441.315 330.394 -437.362 313.703 -431.072 315.973 -441.315 330.394 -431.072 315.973 -424.458 316.956 -395.505 303.03 -392.145 297.249 -381.806 330.394 -399.94 308.034 -395.505 303.03 -381.806 330.394 -381.806 330.394 -417.78 316.615 -411.301 314.963 -405.276 312.064 -399.94 308.034 -381.806 330.394 -448.832 330.394 -468.456 252.233 -448.002 305.712 -468.456 252.233 -461.756 254.94 -448.002 305.712 -462.592 251.854 -461.756 254.94 -468.456 252.233 -469.235 249.129 -468.456 252.233 -485.374 242.51 -468.456 252.233 -554.535 217.45 -511.884 231.637 -554.535 217.45 -554.534 214.145 -511.884 231.637 -554.534 214.145 -554.535 217.45 -557.168 216.386 -555.991 213.548 -555.192 211.62 -554.534 214.081 -555.991 213.548 -562.72 210.788 -555.192 211.62 -562.72 210.788 -558.309 200.153 -558.214 200.318 -572.479 185.616 -571.031 182.271 -565.332 187.976 -565.332 187.976 -558.309 200.153 -577.216 194.331 -558.309 200.153 -562.72 210.788 -577.216 194.331 -562.72 210.788 -582.713 202.588 -577.216 194.331 -577.216 194.331 -582.713 202.588 -587.735 170.768 -582.713 202.588 -642.181 178.198 -629.505 170.747 -601.495 167.074 -582.713 202.588 -615.742 167.067 -642.181 178.198 -641.847 177.865 -629.505 170.747 -629.505 170.747 -615.742 167.067 -582.713 202.588 -601.495 167.074 -587.735 170.768 -582.713 202.588 -587.735 170.768 -575.401 177.897 -577.216 194.331 -575.401 177.897 -571.031 182.271 -572.479 185.616 -562.72 210.788 -563.912 213.661 -582.713 202.588 -563.912 213.661 -625.078 188.944 -582.713 202.588 -625.078 188.944 -644.914 180.929 -642.181 178.198 -632.872 212.709 -630.879 209.578 -627.637 231.501 -630.879 209.578 -628.518 206.713 -627.637 231.501 -628.518 206.713 -625.827 204.156 -627.637 231.501 -625.827 204.156 -623.969 202.779 -618.112 236.39 -580.175 220.475 -600.735 270.042 -601.094 262.768 -580.175 220.475 -601.094 262.768 -604.372 252.576 -625.827 204.156 -618.112 236.39 -627.637 231.501 -623.969 202.779 -580.175 220.475 -618.112 236.39 -618.112 236.39 -580.175 220.475 -610.176 243.579 -634.47 216.059 -632.872 212.709 -627.637 231.501 -636.39 223.216 -635.649 219.579 -627.637 231.501 -635.649 219.579 -634.47 216.059 -627.637 231.501 -636.568 229.574 -636.683 226.917 -627.637 231.501 -636.683 226.917 -636.39 223.216 -627.637 231.501 -646.552 242.087 -639.122 241.72 -637.268 244.771 -637.268 244.771 -636.148 248.162 -646.552 242.087 -636.148 248.162 -635.82 251.717 -646.552 242.087 -635.82 251.717 -636.302 255.255 -646.552 242.087 -636.302 255.255 -637.568 258.593 -646.552 242.087 -637.568 258.593 -639.553 261.561 -646.552 242.087 -639.553 261.561 -642.155 264.005 -646.552 242.087 -642.155 264.005 -645.241 265.801 -646.552 242.087 -645.241 265.801 -648.653 266.855 -646.552 242.087 -648.653 266.855 -652.214 267.115 -646.552 242.087 -652.214 267.115 -655.742 266.565 -646.552 242.087 -655.742 266.565 -659.055 265.235 -646.552 242.087 -659.055 265.235 -659.055 200.268 -648.891 231.916 -648.891 231.916 -659.055 200.268 -649.115 226.693 -659.055 200.268 -651.926 187.934 -643.749 206.682 -651.926 187.934 -644.914 180.929 -637.617 198.236 -659.055 200.268 -643.749 206.682 -645.999 211.401 -644.914 180.929 -625.078 188.944 -629.626 191.523 -644.914 180.929 -629.626 191.523 -633.826 194.636 -648.703 221.481 -659.055 200.268 -647.659 216.358 -644.914 180.929 -633.826 194.636 -637.617 198.236 -637.617 198.236 -640.94 202.272 -651.926 187.934 -648.032 237.073 -646.552 242.087 -659.055 265.235 -640.94 202.272 -643.749 206.682 -651.926 187.934 -648.891 231.916 -648.032 237.073 -659.055 265.235 -645.999 211.401 -647.659 216.358 -659.055 200.268 -604.457 330.394 -612.331 330.394 -590.172 295.953 -612.331 330.394 -563.912 213.661 -590.172 295.953 -557.168 216.386 -563.912 213.661 -562.72 210.788 -520.298 326.414 -512.239 330.394 -558.348 330.394 -520.298 326.414 -558.348 330.394 -527.848 321.537 -558.348 330.394 -556.711 326.158 -527.848 321.537 -527.848 321.537 -556.711 326.158 -534.789 315.827 -556.711 326.158 -555.569 321.762 -534.789 315.827 -534.789 315.827 -555.569 321.762 -541.029 309.359 -555.569 321.762 -554.938 317.265 -541.029 309.359 -541.029 309.359 -554.938 317.265 -554.826 312.725 -546.487 302.217 -541.029 309.359 -554.826 312.725 -546.487 302.217 -554.826 312.725 -555.234 308.202 -557.744 284.403 -554.777 286.301 -561.86 291.449 -554.777 286.301 -551.089 294.498 -559.492 295.324 -561.86 291.449 -554.777 286.301 -559.492 295.324 -551.089 294.498 -546.487 302.217 -556.157 303.756 -546.487 302.217 -555.234 308.202 -556.157 303.756 -560.964 282.975 -557.744 284.403 -561.86 291.449 -567.862 281.652 -564.362 282.051 -567.844 284.636 -564.362 282.051 -560.964 282.975 -564.657 287.871 -567.844 284.636 -571.381 281.788 -567.862 281.652 -564.657 287.871 -567.844 284.636 -564.362 282.051 -564.657 287.871 -560.964 282.975 -561.86 291.449 -551.089 294.498 -556.157 303.756 -557.582 299.444 -597.059 325.453 -585.68 298.02 -561.735 325.453 -585.68 298.02 -584.343 295.381 -565.928 294.268 -561.735 325.453 -585.68 298.02 -560.423 320.795 -584.343 295.381 -582.731 293.128 -565.928 294.268 -582.731 293.128 -580.797 291.145 -565.928 294.268 -580.797 291.145 -578.585 289.477 -568.375 291.137 -578.585 289.477 -576.146 288.164 -568.375 291.137 -576.146 288.164 -573.536 287.234 -571.164 288.306 -573.536 287.234 -572.696 287.072 -571.164 288.306 -571.164 288.306 -568.375 291.137 -576.146 288.164 -568.375 291.137 -565.928 294.268 -580.797 291.145 -565.928 294.268 -563.855 297.659 -585.68 298.02 -563.855 297.659 -562.184 301.264 -585.68 298.02 -562.184 301.264 -560.936 305.037 -585.68 298.02 -560.936 305.037 -560.129 308.928 -585.68 298.02 -560.129 308.928 -559.772 312.886 -585.68 298.02 -559.772 312.886 -559.87 316.859 -585.68 298.02 -559.87 316.859 -560.423 320.795 -585.68 298.02 -659.055 330.394 -659.055 265.235 -655.742 266.565 -659.055 330.394 -655.742 266.565 -636.813 301.896 -655.742 266.565 -652.214 267.115 -636.335 298.155 -616.053 329.779 -612.331 330.394 -659.055 330.394 -619.653 328.653 -616.053 329.779 -659.055 330.394 -655.742 266.565 -636.335 298.155 -636.813 301.896 -652.214 267.115 -648.653 266.855 -636.335 298.155 -648.653 266.855 -645.241 265.801 -636.335 298.155 -623.061 327.038 -619.653 328.653 -659.055 330.394 -626.212 324.964 -623.061 327.038 -659.055 330.394 -645.241 265.801 -642.155 264.005 -636.335 298.155 -642.155 264.005 -639.553 261.561 -623.003 291.845 -636.335 298.155 -642.155 264.005 -629.254 295.877 -629.044 322.473 -626.212 324.964 -659.055 330.394 -631.501 319.611 -629.044 322.473 -659.055 330.394 -639.553 261.561 -637.568 258.593 -613.043 272.442 -629.254 295.877 -642.155 264.005 -623.003 291.845 -637.568 258.593 -636.302 255.255 -619.72 251.68 -633.538 316.436 -631.501 319.611 -659.055 330.394 -635.113 313.009 -633.538 316.436 -659.055 330.394 -636.196 309.396 -635.113 313.009 -659.055 330.394 -636.767 305.668 -636.196 309.396 -659.055 330.394 -636.813 301.896 -636.767 305.668 -659.055 330.394 -623.003 291.845 -639.553 261.561 -618.009 286.332 -639.553 261.561 -614.612 279.714 -618.009 286.332 -613.043 272.442 -614.612 279.714 -639.553 261.561 -615.687 257.931 -613.41 265.013 -637.568 258.593 -613.41 265.013 -613.043 272.442 -637.568 258.593 -625.233 246.686 -619.72 251.68 -636.302 255.255 -619.72 251.68 -615.687 257.931 -637.568 258.593 -625.233 246.686 -636.302 255.255 -635.82 251.717 -639.122 241.72 -631.851 243.289 -637.268 244.771 -631.851 243.289 -625.233 246.686 -635.82 251.717 -637.268 244.771 -631.851 243.289 -636.148 248.162 -176.644 330.394 -176.644 110.236 0 171.277 -176.644 110.236 0 110.236 0 171.277 0 171.277 0 175.215 -176.644 330.394 0 175.215 0 200.268 -176.644 330.394 0 265.235 0 330.394 -176.644 330.394 -176.644 110.236 -176.644 0 0 61.6041 -176.644 0 0 0 0 61.6041 -627.143 37.3421 -623.351 44.3999 -623.571 44.4288 -627.143 37.3421 -623.571 44.4288 -629.971 47.0797 -630.945 28.393 -627.143 37.3421 -629.971 47.0797 -630.945 28.393 -629.971 47.0797 -635.466 51.2967 -633.914 19.1345 -630.945 28.393 -635.466 51.2967 -633.914 19.1345 -635.466 51.2967 -659.055 61.6041 -635.466 51.2967 -639.683 56.7924 -659.055 61.6041 -659.055 0 -637.266 0 -636.027 9.643831 -636.027 9.643831 -633.914 19.1345 -659.055 0 -633.914 19.1345 -659.055 61.6041 -659.055 0 -639.683 56.7924 -642.334 63.1922 -659.055 61.6041 -653.449 70.0601 -656.67 66.1092 -642.334 63.1922 -656.67 66.1092 -659.055 61.6041 -642.334 63.1922 -645.025 75.7149 -649.517 73.3039 -643.238 70.0601 -649.517 73.3039 -653.449 70.0601 -643.238 70.0601 -643.238 70.0601 -642.388 76.5179 -645.025 75.7149 -580.696 85.5353 -589.086 80.6207 -590.168 70.0601 -589.086 80.6207 -591.797 78.67971 -591.072 76.928 -589.086 80.6207 -591.072 76.928 -590.168 70.0601 -615.478 0 -571.893 89.6645 -593.723 56.7924 -571.893 89.6645 -580.696 85.5353 -590.168 70.0601 -591.072 63.1922 -571.893 89.6645 -590.168 70.0601 -636.027 9.643831 -637.266 0 -615.478 0 -630.945 28.393 -633.914 19.1345 -615.478 0 -633.914 19.1345 -636.027 9.643831 -615.478 0 -623.351 44.3999 -627.143 37.3421 -616.703 43.5247 -627.143 37.3421 -630.945 28.393 -616.703 43.5247 -616.703 43.5247 -630.945 28.393 -615.478 0 -609.835 44.4288 -616.703 43.5247 -615.478 0 -571.893 89.6645 -591.072 63.1922 -593.723 56.7924 -603.435 47.0797 -609.835 44.4288 -615.478 0 -615.478 0 -593.723 56.7924 -597.94 51.2967 -601.326 146.642 -602.237 141.359 -598.74 141.844 -601.326 146.642 -598.74 141.844 -595.237 141.407 -601.813 151.98 -601.326 146.642 -595.237 141.407 -601.813 151.98 -595.237 141.407 -591.967 140.078 -603.665 157.01 -601.813 151.98 -601.495 167.074 -601.813 151.98 -591.967 140.078 -587.735 170.768 -601.813 151.98 -587.735 170.768 -601.495 167.074 -591.967 140.078 -589.151 137.948 -587.735 170.768 -606.756 161.389 -603.665 157.01 -601.495 167.074 -589.151 137.948 -586.983 135.161 -561.784 147.613 -587.735 170.768 -589.151 137.948 -563.17 157.435 -601.495 167.074 -615.742 167.067 -610.875 164.819 -601.495 167.074 -610.875 164.819 -606.756 161.389 -563.17 157.435 -589.151 137.948 -561.784 147.613 -568.539 176.513 -571.031 182.271 -575.401 177.897 -575.401 177.897 -587.735 170.768 -565.428 167.094 -586.983 135.161 -585.61 131.909 -561.28 137.707 -561.784 147.613 -586.983 135.161 -561.28 137.707 -565.428 167.094 -568.539 176.513 -575.401 177.897 -563.17 157.435 -565.428 167.094 -587.735 170.768 -561.663 127.795 -561.28 137.707 -585.61 131.909 -561.663 127.795 -585.126 128.412 -562.929 117.957 -565.069 108.271 -562.929 117.957 -585.563 124.909 -585.563 124.909 -562.929 117.957 -585.126 128.412 -571.893 89.6645 -568.065 98.8151 -580.696 85.5353 -568.065 98.8151 -565.069 108.271 -589.022 118.823 -580.696 85.5353 -568.065 98.8151 -589.022 118.823 -591.605 82.6735 -589.086 80.6207 -580.696 85.5353 -585.126 128.412 -561.663 127.795 -585.61 131.909 -591.605 82.6735 -580.696 85.5353 -593.836 85.0362 -595.742 87.6686 -580.696 85.5353 -597.289 90.5263 -595.742 87.6686 -593.836 85.0362 -580.696 85.5353 -598.453 93.5607 -597.289 90.5263 -580.696 85.5353 -599.554 99.9522 -599.212 96.7205 -580.696 85.5353 -599.212 96.7205 -598.453 93.5607 -580.696 85.5353 -598.973 106.412 -599.474 103.201 -591.808 116.655 -599.474 103.201 -599.554 99.9522 -580.696 85.5353 -591.808 116.655 -599.474 103.201 -580.696 85.5353 -596.747 112.504 -598.059 109.53 -591.808 116.655 -598.059 109.53 -598.973 106.412 -591.808 116.655 -591.808 116.655 -595.061 115.282 -596.747 112.504 -589.022 118.823 -591.808 116.655 -580.696 85.5353 -565.069 108.271 -585.563 124.909 -586.892 121.638 -659.055 171.277 -642.181 178.198 -644.914 180.929 -659.055 175.215 -644.914 180.929 -651.926 187.934 -596.992 74.9615 -591.797 78.67971 -593.723 83.3278 -593.723 83.3278 -597.94 88.8235 -596.992 74.9615 -597.94 88.8235 -603.435 93.0405 -596.992 74.9615 -603.435 93.0405 -609.835 95.6914 -616.703 70.0601 -609.835 95.6914 -616.703 96.5955 -620.635 73.3039 -616.703 70.0601 -609.835 95.6914 -620.635 73.3039 -616.703 96.5955 -623.571 95.6914 -625.127 75.7149 -623.571 95.6914 -629.971 93.0405 -625.127 75.7149 -625.127 75.7149 -629.971 93.0405 -630.003 77.1999 -629.971 93.0405 -635.466 88.8235 -630.003 77.1999 -635.466 88.8235 -639.683 83.3278 -635.076 77.7014 -639.683 83.3278 -642.334 76.928 -640.149 77.1999 -642.334 76.928 -642.388 76.5179 -640.149 77.1999 -635.466 88.8235 -635.076 77.7014 -630.003 77.1999 -604.35 68.60501 -603.435 93.0405 -616.703 70.0601 -604.35 68.60501 -596.992 74.9615 -603.435 93.0405 -613.482 66.1092 -611.097 61.6041 -604.35 68.60501 -616.703 70.0601 -613.482 66.1092 -604.35 68.60501 -639.683 83.3278 -640.149 77.1999 -635.076 77.7014 -617.178 54.0171 -622.541 45.9072 -616.703 43.5247 -622.541 45.9072 -623.351 44.3999 -616.703 43.5247 -616.703 43.5247 -609.835 44.4288 -617.178 54.0171 -609.835 44.4288 -603.435 47.0797 -611.097 61.6041 -603.435 47.0797 -597.94 51.2967 -611.097 61.6041 -597.94 51.2967 -593.723 56.7924 -604.35 68.60501 -593.723 56.7924 -591.072 63.1922 -604.35 68.60501 -591.072 63.1922 -590.168 70.0601 -596.992 74.9615 -590.168 70.0601 -591.072 76.928 -596.992 74.9615 -591.072 76.928 -591.797 78.67971 -596.992 74.9615 -596.992 74.9615 -604.35 68.60501 -591.072 63.1922 -604.35 68.60501 -611.097 61.6041 -597.94 51.2967 -635.076 77.7014 -640.149 77.1999 -643.238 70.0601 -640.149 77.1999 -642.388 76.5179 -643.238 70.0601 -643.238 70.0601 -642.334 63.1922 -635.076 77.7014 -642.334 63.1922 -639.683 56.7924 -630.003 77.1999 -639.683 56.7924 -635.466 51.2967 -625.127 75.7149 -635.466 51.2967 -629.971 47.0797 -617.178 54.0171 -629.971 47.0797 -623.571 44.4288 -622.541 45.9072 -617.178 54.0171 -629.971 47.0797 -622.541 45.9072 -623.571 44.4288 -623.351 44.3999 -622.541 45.9072 -617.178 54.0171 -611.097 61.6041 -613.482 66.1092 -639.683 56.7924 -625.127 75.7149 -630.003 77.1999 -630.003 77.1999 -635.076 77.7014 -642.334 63.1922 -616.703 70.0601 -620.635 73.3039 -617.178 54.0171 -620.635 73.3039 -625.127 75.7149 -635.466 51.2967 -617.178 54.0171 -620.635 73.3039 -635.466 51.2967 -628.826 132.581 -622.481 131.487 -617.28 162.812 -622.481 131.487 -618.325 131.866 -617.28 162.812 -618.325 131.866 -614.409 133.308 -613.304 160.976 -614.409 133.308 -610.999 135.715 -613.304 160.976 -613.304 160.976 -610.999 135.715 -610.097 158.305 -610.999 135.715 -608.328 138.921 -610.097 158.305 -608.328 138.921 -606.579 142.71 -607.691 154.895 -610.097 158.305 -608.328 138.921 -607.691 154.895 -606.579 142.71 -605.869 146.823 -606.249 150.979 -606.249 150.979 -607.691 154.895 -606.579 142.71 -613.304 160.976 -617.28 162.812 -618.325 131.866 -631.243 166.546 -642.66 173.13 -654.547 168.254 -617.28 162.812 -631.243 166.546 -628.826 132.581 -631.243 166.546 -654.547 168.254 -635.061 128.848 -654.547 168.254 -654.547 110.236 -647.54 116.564 -654.547 110.236 -654.547 101.879 -653.108 106.265 -654.547 110.236 -653.108 106.265 -650.631 111.58 -635.061 128.848 -628.826 132.581 -631.243 166.546 -654.547 168.254 -647.54 116.564 -643.879 121.146 -654.547 110.236 -650.631 111.58 -647.54 116.564 -639.7 125.26 -635.061 128.848 -654.547 168.254 -589.963 126.056 -589.672 128.381 -589.994 130.702 -589.994 130.702 -590.905 132.861 -600.641 134.064 -590.905 132.861 -592.344 134.711 -600.641 134.064 -592.344 134.711 -594.213 136.125 -600.641 134.064 -594.213 136.125 -596.384 137.007 -600.641 134.064 -596.384 137.007 -598.71 137.297 -600.641 134.064 -598.71 137.297 -599.178 137.232 -600.641 134.064 -590.845 123.885 -589.963 126.056 -589.994 130.702 -594.108 120.577 -592.259 122.016 -600.641 134.064 -592.259 122.016 -590.845 123.885 -600.641 134.064 -598.157 118.867 -594.108 120.577 -600.641 134.064 -590.845 123.885 -589.994 130.702 -600.641 134.064 -600.641 134.064 -604.831 129.033 -598.157 118.867 -598.157 118.867 -604.831 129.033 -610.18 125.258 -600.753 114.592 -598.157 118.867 -610.18 125.258 -600.753 114.592 -610.18 125.258 -602.302 111.081 -610.18 125.258 -616.324 122.996 -602.302 111.081 -622.844 122.401 -627.064 123.129 -629.969 121.389 -602.302 111.081 -616.324 122.996 -603.381 107.398 -616.324 122.996 -622.844 122.401 -616.703 101.142 -603.381 107.398 -616.324 122.996 -616.703 101.142 -622.844 122.401 -629.969 121.389 -624.748 100.083 -629.969 121.389 -633.758 118.458 -624.748 100.083 -633.758 118.458 -637.171 115.098 -624.748 100.083 -637.171 115.098 -640.161 111.356 -632.244 96.97811 -640.161 111.356 -642.686 107.285 -632.244 96.97811 -642.686 107.285 -644.709 102.944 -632.244 96.97811 -644.709 102.944 -646.202 98.39241 -638.681 92.0385 -646.202 98.39241 -647.145 93.6961 -638.681 92.0385 -647.145 93.6961 -647.522 88.92121 -643.621 85.6012 -647.522 88.92121 -647.33 84.1352 -643.621 85.6012 -647.33 84.1352 -646.655 79.9307 -645.871 80.1696 -647.33 84.1352 -645.871 80.1696 -643.621 85.6012 -638.681 92.0385 -647.145 93.6961 -643.621 85.6012 -637.171 115.098 -632.244 96.97811 -624.748 100.083 -616.703 101.142 -622.844 122.401 -624.748 100.083 -603.973 103.606 -603.381 107.398 -608.658 100.083 -644.709 102.944 -638.681 92.0385 -632.244 96.97811 -604.068 99.7695 -603.973 103.606 -608.658 100.083 -603.381 107.398 -616.703 101.142 -608.658 100.083 8.976381 -119.601 0 -119.601 0 -169.374 0 -169.374 0 -269.07 8.976381 -269.07 9.56693 544.955 8.976381 544.955 8.976381 455.931 -455.931 6.62361 -455.931 127.805 -544.955 127.805 -9.56693 6.62361 -8.976381 6.62361 -8.976381 127.805 -9.56693 455.931 -8.976381 455.931 -8.976381 544.955 9.56693 127.805 8.976381 127.805 8.976381 6.62361 -9.56693 3.8599 -8.976381 3.8599 -8.976381 130.568 8.976381 547.719 9.56693 547.719 9.56693 609.31 9.56693 -122.017 8.976381 -122.017 8.976381 -262.902 9.56693 134.428 8.976381 134.428 8.976381 0 -9.56693 100.176 -9.56693 3.82023 -8.976381 3.82023 8.976381 442.175 9.56693 442.175 9.56693 445.487 -442.175 7.13184 -442.175 100.176 -445.487 100.176 -416.342 3.82023 -416.342 100.176 -419.653 7.13184 -416.342 100.176 -419.653 100.176 -419.653 7.13184 -442.175 7.13184 -445.487 100.176 -445.487 3.82023 -416.342 3.82023 -419.653 7.13184 -442.175 7.13184 -419.653 100.176 -442.175 100.176 -442.175 7.13184 -9.56693 7.13184 -8.976381 7.13184 -8.976381 100.176 -419.653 100.176 -442.175 100.176 -442.175 7.13184 8.976381 419.653 9.56693 419.653 9.56693 442.175 8.976381 416.342 9.56693 416.342 9.56693 419.653 9.56693 413.03 9.56693 416.342 8.976381 416.342 9.56693 100.176 8.976381 100.176 8.976381 7.13184 -384.904 7.13184 -384.904 127.297 -413.03 100.176 -384.904 127.297 -416.342 127.297 -413.03 100.176 -416.342 127.297 -416.342 100.176 -413.03 100.176 -9.56693 384.904 -8.976381 384.904 -8.976381 416.342 -9.56693 7.13184 -8.976381 7.13184 -8.976381 127.297 9.56693 413.03 8.976381 413.03 8.976381 384.904 -381.593 130.608 -416.342 130.608 -384.904 127.297 -416.342 130.608 -416.342 127.297 -384.904 127.297 -413.03 100.176 -416.342 100.176 -413.03 7.13184 -416.342 100.176 -416.342 3.82023 -413.03 7.13184 -381.593 3.82023 -381.593 130.608 -384.904 7.13184 -381.593 130.608 -384.904 127.297 -384.904 7.13184 -384.904 7.13184 -413.03 7.13184 -416.342 3.82023 -9.56693 127.297 -8.976381 127.297 -8.976381 130.608 -445.487 130.608 -445.487 100.176 -442.175 127.297 -445.487 100.176 -442.175 100.176 -442.175 127.297 -416.342 127.297 -416.342 130.608 -419.653 127.297 -416.342 130.608 -445.487 130.608 -419.653 127.297 -419.653 100.176 -416.342 100.176 -416.342 127.297 -445.487 130.608 -442.175 127.297 -419.653 127.297 9.56693 416.342 8.976381 416.342 8.976381 381.593 9.56693 381.593 8.976381 381.593 8.976381 346.844 9.56693 378.281 8.976381 378.281 8.976381 350.155 -378.281 7.13184 -350.155 7.13184 -350.155 127.297 9.56693 127.297 8.976381 127.297 8.976381 7.13184 -9.56693 350.155 -8.976381 350.155 -8.976381 378.281 -9.56693 7.13184 -8.976381 7.13184 -8.976381 127.297 -9.56693 346.844 -8.976381 346.844 -8.976381 381.593 -9.56693 312.095 -8.976381 312.095 -8.976381 346.844 -9.56693 277.346 -8.976381 277.346 -8.976381 312.095 9.56693 130.608 8.976381 130.608 8.976381 3.82023 9.56693 312.095 8.976381 312.095 8.976381 277.346 9.56693 346.844 8.976381 346.844 8.976381 312.095 9.56693 343.532 8.976381 343.532 8.976381 315.407 -343.532 7.13184 -315.407 7.13184 -315.407 127.297 9.56693 127.297 8.976381 127.297 8.976381 7.13184 -9.56693 315.407 -8.976381 315.407 -8.976381 343.532 -9.56693 7.13184 -8.976381 7.13184 -8.976381 127.297 9.56693 127.297 8.976381 127.297 8.976381 7.13184 -280.658 127.297 -308.783 127.297 -308.783 7.13184 -9.56693 7.13184 -8.976381 7.13184 -8.976381 127.297 9.56693 308.783 8.976381 308.783 8.976381 280.658 -9.56693 280.658 -8.976381 280.658 -8.976381 308.783 -9.56693 381.593 -8.976381 381.593 -8.976381 416.342 -9.56693 416.342 -8.976381 416.342 -8.976381 445.487 9.56693 100.176 8.976381 100.176 8.976381 7.13184 9.56693 442.175 8.976381 442.175 8.976381 419.653 -242.975 0 -242.975 134.428 -273.526 134.428 -9.56693 0 -8.976381 0 -8.976381 134.428 9.56693 129.284 8.976381 129.284 8.976381 5.14461 -202.975 129.284 -237.83 129.284 -237.83 5.14461 -9.56693 5.14461 -8.976381 5.14461 -8.976381 129.284 9.56693 237.83 8.976381 237.83 8.976381 202.975 -9.56693 202.975 -8.976381 202.975 -8.976381 237.83 9.56693 129.284 8.976381 129.284 8.976381 5.14461 -197.83 129.284 -197.83 5.14461 -162.975 5.14461 -9.56693 162.975 -8.976381 162.975 -8.976381 197.83 -9.56693 5.14461 -8.976381 5.14461 -8.976381 129.284 9.56693 197.83 8.976381 197.83 8.976381 162.975 9.56693 129.284 8.976381 129.284 8.976381 5.14461 -157.83 5.14461 -122.975 5.14461 -122.975 129.284 9.56693 157.83 8.976381 157.83 8.976381 122.975 -9.56693 5.14461 -8.976381 5.14461 -8.976381 129.284 -9.56693 122.975 -8.976381 122.975 -8.976381 157.83 9.56693 129.284 8.976381 129.284 8.976381 5.14461 -117.83 129.284 -117.83 5.14461 -82.9747 5.14461 -9.56693 82.9747 -8.976381 82.9747 -8.976381 117.83 -9.56693 5.14461 -8.976381 5.14461 -8.976381 129.284 9.56693 117.83 8.976381 117.83 8.976381 82.9747 9.56693 129.284 8.976381 129.284 8.976381 5.14461 -77.8301 129.284 -77.8301 5.14461 -42.9747 5.14461 -9.56693 42.9747 -8.976381 42.9747 -8.976381 77.8301 -9.56693 5.14461 -8.976381 5.14461 -8.976381 129.284 9.56693 77.8301 8.976381 77.8301 8.976381 42.9747 9.56693 129.284 8.976381 129.284 8.976381 5.14461 -5.14461 129.284 -37.8301 129.284 -5.14461 110.236 -37.8301 129.284 -37.8301 5.14461 -5.14461 110.236 9.56693 37.8301 8.976381 37.8301 8.976381 5.14461 -9.56693 5.14461 -8.976381 5.14461 -8.976381 110.236 -9.56693 110.236 -8.976381 110.236 -8.976381 129.284 -9.56693 5.14461 -8.976381 5.14461 -8.976381 37.8301 -623.473 308.614 -623.899 307.193 -623.898 307.193 -614.901 301.388 -612.754 299.018 -619.213 314.59 -623.473 308.614 -623.898 307.193 -614.901 301.388 -621.522 312.181 -622.622 310.466 -614.901 301.388 -622.622 310.466 -623.473 308.614 -614.901 301.388 -619.213 314.59 -620.194 313.727 -614.901 301.388 -490.339 174.548 -487.825 175.088 -480.767 203.199 -480.767 203.199 -481.951 205.233 -483.42 207.072 -483.42 207.072 -485.142 208.676 -505.442 198.768 -485.142 208.676 -487.08 210.011 -505.442 198.768 -487.08 210.011 -489.192 211.049 -505.442 198.768 -489.192 211.049 -491.433 211.768 -505.442 198.768 -491.433 211.768 -493.755 212.151 -505.442 198.768 -493.755 212.151 -496.108 212.19 -505.442 198.768 -496.108 212.19 -498.442 211.885 -504.69 205.582 -498.442 211.885 -500.706 211.243 -504.69 205.582 -500.706 211.243 -502.852 210.277 -504.69 205.582 -502.852 210.277 -504.833 209.007 -504.69 205.582 -505.442 198.768 -496.108 212.19 -504.69 205.582 -490.339 174.548 -480.767 203.199 -505.442 198.768 -480.767 203.199 -483.42 207.072 -505.442 198.768 -495.457 174.768 -492.907 174.44 -505.442 198.768 -492.907 174.44 -490.339 174.548 -505.442 198.768 -500.211 176.679 -497.916 175.521 -507.214 192.146 -497.916 175.521 -495.457 174.768 -505.442 198.768 -507.214 192.146 -497.916 175.521 -505.442 198.768 -504.058 180.063 -502.278 178.207 -507.214 192.146 -502.278 178.207 -500.211 176.679 -507.214 192.146 -506.559 184.534 -505.499 182.192 -507.214 192.146 -505.499 182.192 -504.058 180.063 -507.214 192.146 -507.429 189.584 -507.209 187.022 -507.214 192.146 -480.767 203.199 -469.235 249.129 -481.951 205.233 -469.235 249.129 -485.374 242.51 -483.42 207.072 -481.951 205.233 -469.235 249.129 -483.42 207.072 -485.374 242.51 -487.786 240.828 -485.142 208.676 -487.786 240.828 -489.941 238.827 -487.08 210.011 -485.142 208.676 -487.786 240.828 -487.08 210.011 -489.941 238.827 -491.796 236.546 -487.08 210.011 -491.796 236.546 -493.317 234.029 -487.08 210.011 -493.317 234.029 -494.472 231.325 -487.08 210.011 -494.472 231.325 -495.24 228.486 -487.08 210.011 -495.24 228.486 -495.607 225.569 -487.08 210.011 -495.607 225.569 -495.564 222.628 -487.08 210.011 -495.564 222.628 -495.112 219.723 -487.08 210.011 -495.112 219.723 -494.261 216.908 -489.192 211.049 -487.08 210.011 -495.112 219.723 -489.192 211.049 -494.261 216.908 -493.027 214.239 -489.192 211.049 -493.027 214.239 -491.433 211.768 -489.192 211.049 -493.755 212.151 -491.433 211.768 -493.027 214.239 -493.755 212.151 -493.027 214.239 -496.108 212.19 -493.027 214.239 -494.261 216.908 -496.108 212.19 -496.108 212.19 -494.261 216.908 -498.442 211.885 -494.261 216.908 -495.112 219.723 -498.442 211.885 -498.442 211.885 -495.112 219.723 -506.296 219.16 -495.112 219.723 -495.564 222.628 -506.296 219.16 -500.706 211.243 -498.442 211.885 -506.296 219.16 -495.564 222.628 -495.607 225.569 -506.296 219.16 -504.977 212.432 -504.833 209.007 -502.852 210.277 -502.852 210.277 -500.706 211.243 -504.977 212.432 -500.706 211.243 -506.296 219.16 -504.977 212.432 -495.607 225.569 -495.24 228.486 -508.616 225.611 -506.296 219.16 -495.607 225.569 -508.616 225.611 -508.616 225.611 -495.24 228.486 -494.472 231.325 -487.786 240.828 -485.374 242.51 -511.884 231.637 -489.941 238.827 -487.786 240.828 -511.884 231.637 -511.884 231.637 -508.616 225.611 -494.472 231.325 -511.884 231.637 -494.472 231.325 -493.317 234.029 -491.796 236.546 -489.941 238.827 -511.884 231.637 -533.107 170.143 -531.283 170.912 -550.093 211.094 -531.283 170.912 -526.025 174.14 -550.093 211.094 -526.025 174.14 -521.315 178.127 -550.093 211.094 -521.315 178.127 -517.262 182.779 -550.093 211.094 -517.262 182.779 -513.958 187.991 -550.093 211.094 -513.958 187.991 -511.48 193.642 -550.093 211.094 -511.48 193.642 -509.885 199.603 -550.093 211.094 -509.885 199.603 -509.208 205.736 -550.093 211.094 -509.337 208.819 -509.466 211.901 -510.653 217.957 -509.208 205.736 -509.337 208.819 -550.093 211.094 -512.742 223.763 -513.918 225.931 -550.093 211.094 -509.337 208.819 -510.653 217.957 -550.093 211.094 -529.216 166.891 -535.534 164.227 -522.215 149.408 -535.534 164.227 -524.516 137.665 -524.424 141.691 -535.534 164.227 -524.424 141.691 -523.649 145.644 -523.374 170.478 -529.216 166.891 -517.552 155.941 -535.534 164.227 -523.649 145.644 -522.215 149.408 -518.141 174.908 -523.374 170.478 -514.459 158.52 -529.216 166.891 -522.215 149.408 -520.163 152.874 -529.216 166.891 -520.163 152.874 -517.552 155.941 -513.638 180.077 -518.141 174.908 -507.194 161.932 -523.374 170.478 -517.552 155.941 -514.459 158.52 -507.429 189.584 -507.214 192.146 -509.968 185.867 -509.968 185.867 -513.638 180.077 -505.499 182.192 -518.141 174.908 -514.459 158.52 -510.972 160.537 -507.209 187.022 -507.429 189.584 -509.968 185.867 -506.559 184.534 -507.209 187.022 -509.968 185.867 -518.141 174.908 -510.972 160.537 -507.194 161.932 -505.499 182.192 -506.559 184.534 -509.968 185.867 -504.058 180.063 -505.499 182.192 -513.638 180.077 -513.638 180.077 -507.194 161.932 -504.058 180.063 -507.194 161.932 -503.234 162.666 -502.278 178.207 -502.278 178.207 -504.058 180.063 -507.194 161.932 -502.278 178.207 -503.234 162.666 -500.211 176.679 -503.234 162.666 -499.206 162.717 -497.916 175.521 -500.211 176.679 -503.234 162.666 -497.916 175.521 -495.228 162.084 -491.416 160.784 -492.907 174.44 -491.416 160.784 -487.825 175.088 -490.339 174.548 -499.206 162.717 -495.228 162.084 -495.457 174.768 -497.916 175.521 -499.206 162.717 -495.457 174.768 -491.416 160.784 -490.339 174.548 -492.907 174.44 -448.002 305.712 -461.756 254.94 -389.13 284.288 -389.13 284.288 -389.992 290.919 -392.145 297.249 -392.145 297.249 -395.505 303.03 -389.13 284.288 -395.505 303.03 -399.94 308.034 -389.13 284.288 -399.94 308.034 -405.276 312.064 -389.13 284.288 -405.276 312.064 -411.301 314.963 -389.13 284.288 -411.301 314.963 -417.78 316.615 -389.13 284.288 -417.78 316.615 -424.458 316.956 -389.13 284.288 -424.458 316.956 -431.072 315.973 -389.13 284.288 -431.072 315.973 -437.362 313.703 -389.13 284.288 -437.362 313.703 -443.08 310.238 -448.002 305.712 -316.504 313.635 -311.17 315.79 -368.321 330.394 -313.706 312.917 -308.416 315.087 -311.17 315.79 -275.031 330.394 -311.17 315.79 -308.416 315.087 -239.705 297.53 -227.666 330.394 -271.094 330.394 -235.519 296.46 -223.286 330.394 -227.666 330.394 -236.709 293.158 -235.519 296.46 -239.705 297.53 -350.115 251.612 -333.65 252.834 -333.889 255.968 -350.115 251.612 -333.889 255.968 -333.708 259.106 -359.68 251.317 -357.123 250.187 -350.115 251.612 -366.992 252.453 -359.68 251.317 -372.245 273.263 -359.68 251.317 -350.115 251.612 -365.92 281.872 -350.115 251.612 -333.708 259.106 -333.111 262.191 -350.115 251.612 -333.111 262.191 -332.107 265.169 -359.68 251.317 -365.92 281.872 -372.245 273.263 -350.115 251.612 -332.107 265.169 -358.457 289.516 -365.92 281.872 -350.115 251.612 -358.457 289.516 -332.107 265.169 -330.715 267.987 -358.457 289.516 -374.348 251.657 -366.992 252.453 -377.309 263.857 -330.715 267.987 -328.959 270.594 -350.001 296.045 -381.012 253.836 -382.222 248.273 -381.249 248.985 -381.249 248.985 -374.348 251.657 -381.012 253.836 -366.992 252.453 -372.245 273.263 -377.309 263.857 -328.959 270.594 -326.871 272.943 -340.719 301.332 -377.309 263.857 -381.012 253.836 -374.348 251.657 -350.001 296.045 -358.457 289.516 -330.715 267.987 -328.959 270.594 -340.719 301.332 -350.001 296.045 -330.79 305.274 -340.719 301.332 -324.489 274.993 -330.79 305.274 -321.855 276.707 -319.015 278.055 -309.777 308.843 -320.408 307.794 -312.927 279.56 -320.408 307.794 -330.79 305.274 -319.015 278.055 -304.017 305.321 -306.697 307.408 -306.55 281.776 -306.697 307.408 -309.777 308.843 -309.613 280.307 -309.613 280.307 -309.777 308.843 -312.927 279.56 -300.372 299.638 -301.872 302.686 -301.779 286.554 -301.872 302.686 -304.017 305.321 -301.779 286.554 -299.573 292.934 -299.592 296.331 -300.372 299.638 -301.779 286.554 -300.314 289.619 -300.372 299.638 -300.314 289.619 -299.573 292.934 -300.372 299.638 -306.55 281.776 -303.894 283.895 -304.017 305.321 -303.894 283.895 -301.779 286.554 -304.017 305.321 -309.613 280.307 -306.55 281.776 -306.697 307.408 -316.022 279.011 -312.927 279.56 -320.408 307.794 -320.408 307.794 -319.015 278.055 -316.022 279.011 -321.855 276.707 -330.79 305.274 -324.489 274.993 -341.397 239.317 -335.727 236.335 -333.497 250.777 -335.727 236.335 -329.475 233.047 -327.335 251.235 -345.642 245.124 -341.397 239.317 -333.497 250.777 -335.727 236.335 -327.335 251.235 -333.497 250.777 -349.832 249.565 -350.892 249.35 -345.642 245.124 -333.497 250.777 -349.832 249.565 -345.642 245.124 -282.609 246.034 -304.807 250.051 -308.741 214.013 -304.807 250.051 -327.335 251.235 -318.286 224.426 -277.294 200.917 -263.029 239.857 -282.609 246.034 -292.511 175.321 -291.77 161.214 -277.294 200.917 -295.66 189.091 -292.511 175.321 -277.294 200.917 -277.294 200.917 -282.609 246.034 -301.124 202.117 -304.807 250.051 -318.286 224.426 -308.741 214.013 -301.124 202.117 -295.66 189.091 -277.294 200.917 -308.741 214.013 -301.124 202.117 -282.609 246.034 -339.671 228.472 -339.825 228.199 -339.313 223.457 -336.687 234.51 -339.671 228.472 -330.593 231.305 -339.671 228.472 -339.313 223.457 -330.593 231.305 -319.686 222.901 -330.593 231.305 -339.313 223.457 -319.686 222.901 -339.313 223.457 -340.448 216.145 -323.105 205.155 -310.382 212.75 -319.686 222.901 -349.603 191.903 -336.19 198.201 -348.078 203.612 -336.19 198.201 -323.105 205.155 -340.448 216.145 -348.078 203.612 -336.19 198.201 -343.438 209.377 -377.283 181.342 -363.312 186.279 -374.389 187.836 -363.312 186.279 -349.603 191.903 -360.951 196.573 -374.389 187.836 -363.312 186.279 -369.114 192.023 -385.59 180.365 -391.482 177.103 -377.283 181.342 -379.886 183.946 -385.59 180.365 -377.283 181.342 -323.105 205.155 -319.686 222.901 -340.448 216.145 -379.886 183.946 -377.283 181.342 -374.389 187.836 -369.114 192.023 -363.312 186.279 -364.409 196.2 -363.312 186.279 -360.951 196.573 -364.409 196.2 -340.448 216.145 -343.438 209.377 -336.19 198.201 -354.051 199.245 -349.603 191.903 -348.078 203.612 -336.687 234.51 -342.78 237.714 -340.108 230.814 -340.108 230.814 -339.825 228.199 -339.671 228.472 -355.885 241.938 -342.78 237.714 -347.147 243.687 -347.147 243.687 -352.911 248.327 -355.885 241.938 -352.911 248.327 -357.123 250.187 -355.885 241.938 -357.123 250.187 -372.478 247.064 -369.521 243.851 -372.478 247.064 -383.283 243.398 -369.521 243.851 -364.077 196.494 -364.409 196.2 -360.951 196.573 -360.951 196.573 -354.051 199.245 -359.295 201.235 -354.051 199.245 -348.078 203.612 -354.781 206.233 -348.078 203.612 -343.438 209.377 -350.549 211.472 -343.438 209.377 -340.448 216.145 -346.612 216.936 -350.549 211.472 -343.438 209.377 -346.612 216.936 -340.448 216.145 -339.313 223.457 -342.983 222.608 -339.313 223.457 -339.825 228.199 -342.983 222.608 -354.051 199.245 -354.781 206.233 -359.295 201.235 -359.295 201.235 -364.077 196.494 -360.951 196.573 -340.448 216.145 -342.983 222.608 -346.612 216.936 -404.939 184.476 -408.926 181.106 -407.432 179.96 -407.432 179.96 -404.612 176.285 -404.939 184.476 -404.612 176.285 -392.339 179.294 -404.939 184.476 -392.339 179.294 -386.775 182.374 -396.682 194.69 -386.775 182.374 -381.181 185.887 -396.682 194.69 -381.181 185.887 -375.788 189.703 -390.495 206.275 -375.788 189.703 -370.614 193.81 -390.495 206.275 -365.957 197.944 -365.674 198.195 -386.6 218.818 -365.674 198.195 -360.983 202.846 -386.6 218.818 -370.614 193.81 -365.957 197.944 -386.6 218.818 -396.682 194.69 -404.939 184.476 -392.339 179.294 -370.614 193.81 -386.6 218.818 -390.495 206.275 -360.983 202.846 -356.555 207.749 -386.6 218.818 -356.555 207.749 -352.404 212.887 -369.646 241.513 -386.6 218.818 -356.555 207.749 -369.646 241.513 -352.404 212.887 -348.542 218.247 -356.409 239.656 -348.542 218.247 -344.982 223.811 -356.409 239.656 -344.982 223.811 -342.224 228.693 -342.394 230.258 -342.394 230.258 -344.554 235.835 -344.982 223.811 -344.554 235.835 -356.409 239.656 -344.982 223.811 -356.409 239.656 -369.646 241.513 -352.404 212.887 -369.646 241.513 -382.861 241.078 -385.136 231.87 -386.6 218.818 -369.646 241.513 -385.136 231.87 -382.861 241.078 -385.775 240.089 -385.136 231.87 -382.222 248.273 -387.222 244.618 -383.283 243.398 -387.222 244.618 -388.357 243.208 -388.241 241.715 -387.03 267.537 -392.192 268.254 -391.811 256.803 -392.192 268.254 -397.404 268.195 -391.811 256.803 -377.309 263.857 -382.032 266.06 -381.012 253.836 -382.032 266.06 -387.03 267.537 -391.811 256.803 -381.012 253.836 -382.032 266.06 -391.811 256.803 -387.222 244.618 -382.222 248.273 -391.811 256.803 -382.222 248.273 -381.012 253.836 -391.811 256.803 -391.811 256.803 -388.463 244.562 -387.222 244.618 -372.478 247.064 -357.123 250.187 -359.68 251.317 -359.68 251.317 -366.992 252.453 -372.478 247.064 -366.992 252.453 -374.348 251.657 -372.478 247.064 -374.348 251.657 -381.249 248.985 -372.478 247.064 -381.249 248.985 -382.222 248.273 -383.283 243.398 -381.32 267.94 -378.177 266.474 -373.944 274.337 -381.32 267.94 -373.944 274.337 -386.606 269.502 -373.944 274.337 -367.452 283.172 -386.606 269.502 -359.793 291.017 -357.497 292.79 -403.017 269.317 -357.497 292.79 -460.916 250.374 -408.267 267.637 -386.606 269.502 -367.452 283.172 -392.065 270.26 -367.452 283.172 -359.793 291.017 -397.576 270.198 -392.065 270.26 -367.452 283.172 -397.576 270.198 -460.916 250.374 -475.581 196.241 -473.349 196.995 -473.349 196.995 -467.817 199.389 -460.916 250.374 -467.817 199.389 -462.502 202.234 -460.916 250.374 -462.502 202.234 -457.441 205.51 -460.916 250.374 -457.441 205.51 -452.67 209.193 -460.916 250.374 -452.67 209.193 -448.22 213.26 -460.916 250.374 -448.22 213.26 -444.122 217.681 -460.916 250.374 -444.122 217.681 -440.406 222.427 -460.916 250.374 -440.406 222.427 -437.095 227.465 -460.916 250.374 -437.095 227.465 -434.213 232.76 -460.916 250.374 -434.213 232.76 -431.78 238.275 -460.916 250.374 -431.78 238.275 -429.775 244.083 -460.916 250.374 -403.017 269.317 -397.576 270.198 -359.793 291.017 -429.775 244.083 -427.846 249.122 -460.916 250.374 -408.267 267.637 -403.017 269.317 -357.497 292.79 -460.916 250.374 -427.846 249.122 -425.132 253.919 -413.208 265.196 -408.267 267.637 -460.916 250.374 -417.731 262.046 -413.208 265.196 -460.916 250.374 -460.916 250.374 -425.132 253.919 -421.735 258.259 -143.809 291.234 -135.62 303.485 -146.42 316.054 -135.62 303.485 -132.256 310.041 -139.149 313.495 -146.42 316.054 -135.62 303.485 -139.149 313.495 -146.42 316.054 -153.957 317.679 -143.809 291.234 -153.957 317.679 -161.637 318.344 -143.809 291.234 -161.637 318.344 -169.34 318.036 -153.351 280.004 -169.34 318.036 -176.944 316.763 -157.168 276.44 -153.351 280.004 -169.34 318.036 -157.168 276.44 -176.944 316.763 -184.326 314.544 -157.168 276.44 -184.326 314.544 -191.372 311.413 -157.168 276.44 -191.372 311.413 -197.967 307.422 -157.168 276.44 -197.967 307.422 -204.008 302.632 -157.168 276.44 -204.008 302.632 -209.399 297.121 -157.168 276.44 -209.399 297.121 -214.054 290.976 -157.168 276.44 -140.228 173.164 -131.222 175.916 -130.315 186.716 -131.222 175.916 -122.682 179.887 -126.739 183.033 -131.222 175.916 -126.739 183.033 -130.315 186.716 -158.945 171.503 -149.529 171.683 -162.886 191.352 -149.529 171.683 -140.228 173.164 -135.752 195.395 -162.886 191.352 -149.529 171.683 -159.935 197.162 -167.084 179.029 -168.295 172.626 -158.945 171.503 -162.886 191.352 -165.276 185.289 -158.945 171.503 -165.276 185.289 -167.084 179.029 -158.945 171.503 -156.45 202.668 -159.935 197.162 -135.752 195.395 -130.186 233.963 -152.462 207.822 -133.233 229.831 -152.462 207.822 -156.45 202.668 -137.506 200.219 -133.233 229.831 -152.462 207.822 -135.67 225.314 -135.67 225.314 -152.462 207.822 -137.451 220.499 -149.529 171.683 -135.752 195.395 -159.935 197.162 -140.228 173.164 -130.315 186.716 -133.339 190.864 -137.451 220.499 -152.462 207.822 -138.539 215.483 -138.539 215.483 -152.462 207.822 -138.914 210.363 -140.228 173.164 -133.339 190.864 -135.752 195.395 -138.914 210.363 -152.462 207.822 -138.567 205.241 -138.567 205.241 -152.462 207.822 -137.506 200.219 -93.1019 224.491 -91.7372 232.708 -127.238 231.625 -91.7372 232.708 -97.4617 253.541 -106.57 255.878 -106.57 255.878 -127.238 231.625 -91.7372 232.708 -127.238 231.625 -130.049 227.813 -99.5634 207.961 -130.049 227.813 -132.236 223.761 -104.443 200.524 -99.5634 207.961 -130.049 227.813 -104.443 200.524 -132.236 223.761 -133.833 219.443 -104.443 200.524 -133.833 219.443 -134.809 214.944 -104.443 200.524 -134.809 214.944 -135.145 210.353 -110.305 193.833 -135.145 210.353 -134.834 205.759 -110.305 193.833 -134.834 205.759 -133.882 201.255 -110.305 193.833 -133.882 201.255 -132.309 196.928 -110.305 193.833 -132.309 196.928 -130.145 192.865 -110.305 193.833 -130.145 192.865 -127.433 189.145 -117.035 188.016 -127.433 189.145 -124.226 185.842 -117.035 188.016 -124.226 185.842 -122.485 184.492 -117.035 188.016 -117.035 188.016 -110.305 193.833 -130.145 192.865 -110.305 193.833 -104.443 200.524 -134.809 214.944 -99.5634 207.961 -95.7585 216.001 -127.238 231.625 -94.7884 173.994 -89.9423 181.305 -103.91 187.395 -89.9423 181.305 -85.87931 189.079 -97.2202 195.032 -85.87931 189.079 -83.1953 195.84 -91.6503 203.521 -83.1953 195.84 -87.6365 212.003 -91.6503 203.521 -100.366 167.223 -94.7884 173.994 -103.91 187.395 -89.9423 181.305 -97.2202 195.032 -103.91 187.395 -113.466 155.591 -106.614 161.067 -120.118 175.244 -106.614 161.067 -100.366 167.223 -111.592 180.756 -120.118 175.244 -106.614 161.067 -111.592 180.756 -128.681 146.906 -120.848 150.853 -129.324 170.962 -120.848 150.853 -113.466 155.591 -129.324 170.962 -145.359 141.542 -136.881 143.791 -149.06 166.399 -136.881 143.791 -128.681 146.906 -139.033 167.995 -149.06 166.399 -136.881 143.791 -139.033 167.995 -159.272 139.91 -154.025 140.182 -160.188 142.209 -154.025 140.182 -145.359 141.542 -149.06 166.399 -161.878 147.983 -160.188 142.209 -154.025 140.182 -163.595 159.88 -163.017 153.891 -159.211 166.205 -163.017 153.891 -161.878 147.983 -149.06 166.399 -159.211 166.205 -163.017 153.891 -149.06 166.399 -163.528 166.723 -163.605 165.897 -159.211 166.205 -163.605 165.897 -163.595 159.88 -159.211 166.205 -154.025 140.182 -149.06 166.399 -161.878 147.983 -129.324 170.962 -113.466 155.591 -120.118 175.244 -85.87931 189.079 -91.6503 203.521 -97.2202 195.032 -100.366 167.223 -103.91 187.395 -111.592 180.756 -236.638 230.302 -241.13 224.448 -225.583 218.839 -241.13 224.448 -241.501 223.553 -225.583 218.839 -241.501 223.553 -243.954 217.63 -233.208 208.147 -243.954 217.63 -244.918 210.314 -233.208 208.147 -244.918 210.314 -243.954 202.998 -233.208 208.147 -243.954 202.998 -241.13 196.18 -239.937 196.869 -233.208 208.147 -243.954 202.998 -239.937 196.869 -241.13 196.18 -240.609 195.501 -239.937 196.869 -230.784 234.795 -236.638 230.302 -225.265 219.215 -216.65 238.582 -223.966 237.619 -217.112 228.875 -223.966 237.619 -230.784 234.795 -225.265 219.215 -217.112 228.875 -223.966 237.619 -225.265 219.215 -208.685 237.35 -209.334 237.619 -217.112 228.875 -209.334 237.619 -216.65 238.582 -217.112 228.875 -225.583 218.839 -225.265 219.215 -236.638 230.302 -355.698 175.43 -350.806 173.889 -348.399 189.163 -350.806 173.889 -345.915 172.348 -348.399 189.163 -362.245 183.483 -375.691 178.731 -365.729 177.573 -348.399 189.163 -362.245 183.483 -355.698 175.43 -362.245 183.483 -365.729 177.573 -355.698 175.43 -334.851 195.524 -348.399 189.163 -345.915 172.348 -305.616 199.759 -311.338 208.695 -321.636 202.548 -321.636 202.548 -334.851 195.524 -327.438 163.488 -334.851 195.524 -345.915 172.348 -336.466 168.356 -334.851 195.524 -336.466 168.356 -327.438 163.488 -300.49 187.538 -305.616 199.759 -321.636 202.548 -296.841 161.385 -297.536 174.619 -318.91 157.787 -297.536 174.619 -300.49 187.538 -318.91 157.787 -300.722 140.6 -298.426 148.228 -303.658 144.103 -298.426 148.228 -296.841 161.385 -310.96 151.307 -303.658 144.103 -298.426 148.228 -310.96 151.307 -300.49 187.538 -321.636 202.548 -327.438 163.488 -318.91 157.787 -300.49 187.538 -327.438 163.488 -337.762 165.655 -346.949 169.537 -349.677 151.164 -346.949 169.537 -351.705 171.035 -353.492 170.515 -349.677 151.164 -346.949 169.537 -355.157 169.687 -353.492 170.515 -355.157 169.687 -346.949 169.537 -355.157 169.687 -356.65 168.576 -357.232 153.565 -356.65 168.576 -357.921 167.218 -357.232 153.565 -357.921 167.218 -358.932 165.655 -358.394 155.017 -358.932 165.655 -359.649 163.939 -359.281 156.653 -357.921 167.218 -358.394 155.017 -357.232 153.565 -359.649 163.939 -360.049 162.122 -359.863 158.42 -360.049 162.122 -360.122 160.263 -359.863 158.42 -359.863 158.42 -359.281 156.653 -359.649 163.939 -359.281 156.653 -358.394 155.017 -358.932 165.655 -357.232 153.565 -349.677 151.164 -355.157 169.687 -320.691 155.379 -328.983 160.921 -336.505 146.237 -328.983 160.921 -337.762 165.655 -336.505 146.237 -305.86 142.073 -312.96 149.077 -310.985 134.428 -312.96 149.077 -320.691 155.379 -323.596 140.654 -310.985 134.428 -299.454 134.428 -305.86 142.073 -323.596 140.654 -310.985 134.428 -312.96 149.077 -336.505 146.237 -323.596 140.654 -320.691 155.379 0 134.428 0 232.411 -1.45779 226.437 0 232.411 -0.552146 232.553 -1.45779 226.437 -48.8237 140.889 -56.3939 134.428 0 134.428 -41.6906 147.829 -48.8237 140.889 0 134.428 0 134.428 -1.45779 226.437 -3.55401 216.708 0 134.428 -3.55401 216.708 -6.27975 207.136 -35.025 155.219 -41.6906 147.829 0 134.428 -28.8551 163.028 -35.025 155.219 0 134.428 0 134.428 -6.27975 207.136 -9.62342 197.762 0 134.428 -9.62342 197.762 -13.5708 188.627 -23.2071 171.222 -28.8551 163.028 0 134.428 0 134.428 -13.5708 188.627 -18.1051 179.767 -91.4112 259.639 -90.27571 255.578 -73.24501 254.997 -90.27571 255.578 -41.6906 243.11 -73.24501 254.997 -41.6906 243.11 -0.552146 232.553 0 236.282 -56.3939 134.428 -48.8237 140.889 -50.9721 162.262 -48.8237 140.889 -41.6906 147.829 -46.7442 154.78 -48.8237 140.889 -46.7442 154.78 -50.9721 162.262 -46.7442 236.159 -41.6906 243.11 -90.27571 255.578 -50.9721 228.677 -46.7442 236.159 -90.27571 255.578 -56.3939 134.428 -50.9721 162.262 -54.3191 170.177 -54.3191 220.762 -50.9721 228.677 -90.27571 255.578 -56.7415 212.517 -54.3191 220.762 -90.27571 255.578 -90.27571 255.578 -56.3939 134.428 -56.7415 178.422 -56.3939 134.428 -54.3191 170.177 -56.7415 178.422 -58.2077 204.049 -56.7415 212.517 -90.27571 255.578 -58.6985 195.47 -58.2077 204.049 -90.27571 255.578 -90.27571 255.578 -56.7415 178.422 -58.2077 186.89 -41.6906 147.829 -35.025 155.219 -46.7442 154.78 -35.025 155.219 -28.8551 163.028 -50.9721 162.262 -46.7442 154.78 -35.025 155.219 -50.9721 162.262 -28.8551 163.028 -27.0997 165.801 -54.3191 170.177 -27.0997 165.801 -25.759 168.797 -54.3191 170.177 -25.759 168.797 -24.8606 171.954 -54.3191 170.177 -24.8606 171.954 -24.423 175.207 -54.3191 170.177 -24.423 175.207 -24.4551 178.489 -24.9564 181.732 -24.9564 181.732 -25.9165 184.871 -54.3191 170.177 -25.9165 184.871 -27.3156 187.84 -54.3191 170.177 -27.3156 187.84 -29.125 190.578 -54.3191 170.177 -29.125 190.578 -31.3075 193.029 -54.3191 170.177 -31.3075 193.029 -33.8182 195.143 -54.3191 170.177 -33.8182 195.143 -36.6055 196.877 -56.7415 178.422 -54.3191 170.177 -33.8182 195.143 -56.7415 178.422 -24.423 175.207 -24.9564 181.732 -54.3191 170.177 -54.3191 170.177 -50.9721 162.262 -28.8551 163.028 -58.2077 186.89 -56.7415 178.422 -36.6055 196.877 -58.2077 186.89 -36.6055 196.877 -38.3658 198.629 -58.2077 204.049 -58.6985 195.47 -41.0515 202.794 -58.6985 195.47 -58.2077 186.89 -39.858 200.616 -58.2077 204.049 -42.4514 207.548 -56.7415 212.517 -54.3191 220.762 -56.7415 212.517 -42.4514 212.504 -54.3191 220.762 -41.0515 217.258 -50.9721 228.677 -46.7442 236.159 -50.9721 228.677 -38.3658 221.423 -39.858 219.437 -50.9721 228.677 -41.0515 217.258 -39.6676 242.474 -41.6906 243.11 -46.7442 236.159 -36.1393 240.154 -37.7959 241.477 -46.7442 236.159 -37.7959 241.477 -39.6676 242.474 -46.7442 236.159 -33.6876 236.715 -34.7541 238.548 -46.7442 236.159 -34.7541 238.548 -36.1393 240.154 -46.7442 236.159 -32.6437 232.623 -32.9761 234.717 -46.7442 236.159 -32.9761 234.717 -33.6876 236.715 -46.7442 236.159 -33.1487 228.43 -32.7019 230.503 -46.7442 236.159 -32.7019 230.503 -32.6437 232.623 -46.7442 236.159 -35.1343 224.703 -33.9688 226.475 -46.7442 236.159 -33.9688 226.475 -33.1487 228.43 -46.7442 236.159 -38.3658 221.423 -36.6055 223.176 -46.7442 236.159 -36.6055 223.176 -35.1343 224.703 -46.7442 236.159 -50.9721 228.677 -39.858 219.437 -38.3658 221.423 -41.0515 217.258 -54.3191 220.762 -41.9219 214.931 -42.4514 207.548 -58.2077 204.049 -41.9219 205.121 -41.9219 214.931 -54.3191 220.762 -42.4514 212.504 -58.2077 186.89 -38.3658 198.629 -39.858 200.616 -39.858 200.616 -41.0515 202.794 -58.6985 195.47 -41.0515 202.794 -41.9219 205.121 -58.2077 204.049 -42.4514 212.504 -56.7415 212.517 -42.6291 210.026 -0.552146 232.553 -41.6906 243.11 -39.6676 242.474 -0.552146 232.553 -39.6676 242.474 -37.7959 241.477 -3.55401 216.708 -1.45779 226.437 -32.7019 230.503 -1.45779 226.437 -0.552146 232.553 -32.6437 232.623 -36.1393 240.154 -0.552146 232.553 -37.7959 241.477 -9.62342 197.762 -6.27975 207.136 -31.3075 193.029 -6.27975 207.136 -3.55401 216.708 -33.9688 226.475 -9.62342 197.762 -31.3075 193.029 -29.125 190.578 -18.1051 179.767 -13.5708 188.627 -25.9165 184.871 -13.5708 188.627 -9.62342 197.762 -29.125 190.578 -18.1051 179.767 -25.9165 184.871 -24.9564 181.732 -28.8551 163.028 -23.2071 171.222 -27.0997 165.801 -23.2071 171.222 -18.1051 179.767 -24.423 175.207 -27.0997 165.801 -23.2071 171.222 -25.759 168.797 -25.759 168.797 -23.2071 171.222 -24.8606 171.954 -0.552146 232.553 -36.1393 240.154 -34.7541 238.548 -0.552146 232.553 -34.7541 238.548 -33.6876 236.715 -25.9165 184.871 -13.5708 188.627 -27.3156 187.84 -24.8606 171.954 -23.2071 171.222 -24.423 175.207 -0.552146 232.553 -33.6876 236.715 -32.9761 234.717 -0.552146 232.553 -32.9761 234.717 -32.6437 232.623 -24.423 175.207 -18.1051 179.767 -24.4551 178.489 -24.4551 178.489 -18.1051 179.767 -24.9564 181.732 -1.45779 226.437 -32.6437 232.623 -32.7019 230.503 -3.55401 216.708 -32.7019 230.503 -33.1487 228.43 -27.3156 187.84 -13.5708 188.627 -29.125 190.578 -3.55401 216.708 -33.1487 228.43 -33.9688 226.475 -33.9688 226.475 -35.1343 224.703 -6.27975 207.136 -31.3075 193.029 -6.27975 207.136 -33.8182 195.143 -33.8182 195.143 -6.27975 207.136 -35.1343 224.703 -35.1343 224.703 -36.6055 223.176 -33.8182 195.143 -36.6055 223.176 -38.3658 221.423 -33.8182 195.143 -38.3658 221.423 -39.858 219.437 -33.8182 195.143 -39.858 219.437 -41.0515 217.258 -39.858 200.616 -41.0515 217.258 -41.9219 214.931 -41.0515 202.794 -39.858 200.616 -41.0515 217.258 -41.0515 202.794 -41.9219 214.931 -42.4514 212.504 -41.9219 205.121 -42.4514 212.504 -42.6291 210.026 -42.4514 207.548 -41.9219 205.121 -42.4514 212.504 -42.4514 207.548 -41.9219 205.121 -41.0515 202.794 -41.9219 214.931 -39.858 200.616 -38.3658 198.629 -39.858 219.437 -38.3658 198.629 -36.6055 196.877 -33.8182 195.143 -95.5858 274.565 -91.4112 259.639 -73.24501 254.997 -73.24501 254.997 -68.3194 258.703 -95.5858 274.565 -68.3194 258.703 -63.885 262.984 -95.5858 274.565 -63.885 262.984 -60.0086 267.777 -95.5858 274.565 -60.0086 267.777 -56.7487 273.008 -95.5858 274.565 -56.7487 273.008 -54.1543 278.6 -95.5858 274.565 -54.1543 278.6 -52.2647 284.467 -95.5858 274.565 -52.2647 284.467 -51.1081 290.522 -95.5858 274.565 -51.1081 290.522 -50.7021 296.672 -95.5858 274.565 -50.7021 296.672 -51.0529 302.827 -95.5858 274.565 -51.0529 302.827 -52.155 308.891 -95.5858 274.565 -52.155 308.891 -53.992 314.775 -95.5858 274.565 -479.697 298.648 -475.677 308.957 -488.346 304.014 -475.677 308.957 -472.939 319.677 -489.369 312.055 -472.939 319.677 -472.048 326.579 -492.437 319.557 -472.048 326.579 -498.079 326.579 -497.343 326.009 -472.048 326.579 -497.343 326.009 -492.437 319.557 -484.939 288.903 -479.697 298.648 -489.439 295.983 -475.677 308.957 -489.369 312.055 -488.346 304.014 -498.761 271.673 -491.325 279.867 -497.536 282.099 -491.325 279.867 -484.939 288.903 -492.574 288.508 -497.536 282.099 -491.325 279.867 -492.574 288.508 -516.329 258.282 -507.137 264.442 -511.49 274.124 -507.137 264.442 -498.761 271.673 -503.988 277.193 -536.606 249.521 -526.201 253.284 -539.083 265.732 -526.201 253.284 -516.329 258.282 -526.249 274.016 -531.735 271.923 -526.201 253.284 -528.8 273.256 -544.104 250.736 -543.852 247.861 -536.606 249.521 -543.349 257.122 -543.945 253.955 -536.606 249.521 -543.945 253.955 -544.104 250.736 -536.606 249.521 -540.895 263.066 -542.325 260.178 -536.606 249.521 -542.325 260.178 -543.349 257.122 -536.606 249.521 -536.925 268.126 -539.083 265.732 -526.201 253.284 -539.083 265.732 -540.895 263.066 -536.606 249.521 -531.735 271.923 -534.46 270.202 -526.201 253.284 -534.46 270.202 -536.925 268.126 -526.201 253.284 -526.249 274.016 -528.8 273.256 -526.201 253.284 -519.531 273.102 -526.249 274.016 -516.329 258.282 -507.137 264.442 -503.988 277.193 -511.49 274.124 -503.988 277.193 -498.761 271.673 -497.536 282.099 -472.939 319.677 -492.437 319.557 -489.369 312.055 -479.697 298.648 -488.346 304.014 -489.439 295.983 -511.49 274.124 -519.531 273.102 -516.329 258.282 -9.94253 0.0702427 -9.029371 0 -8.97829 1.09195 -9.029371 0 -8.063541 0.07662838 -8.97829 1.09195 -8.063541 0.07662838 -7.18391 0.306513 -8.29262 1.15661 -7.18391 0.306513 -6.40645 0.692848 -7.6788 1.35057 -8.29262 1.15661 -7.18391 0.306513 -7.6788 1.35057 -6.40645 0.692848 -5.74713 1.23883 -7.1432 1.66746 -5.74713 1.23883 -5.21711 1.94604 -6.69221 2.10089 -5.21711 1.94604 -4.82759 2.80332 -6.32024 2.65326 -4.82759 2.80332 -4.58812 3.80587 -6.04725 3.31418 -4.58812 3.80587 -4.5083 4.94891 -5.87963 4.09004 -4.5083 4.94891 -4.58892 6.03847 -5.87664 5.8034 -5.87963 4.09004 -4.5083 4.94891 -5.82375 4.98723 -4.58892 6.03847 -4.83078 7.0083 -6.03528 6.53416 -4.83078 7.0083 -5.2227 7.85201 -6.29969 7.17952 -6.03528 6.53416 -4.83078 7.0083 -6.29969 7.17952 -5.2227 7.85201 -5.75351 8.56322 -6.66986 7.73946 -5.75351 8.56322 -6.40166 9.11718 -7.12584 8.19205 -6.40166 9.11718 -7.18391 9.527461 -7.64767 8.515331 -7.18391 9.527461 -8.073121 9.781291 -8.23535 8.70929 -7.64767 8.515331 -7.18391 9.527461 -8.23535 8.70929 -8.073121 9.781291 -9.04215 9.8659 -8.888891 8.77395 -9.04215 9.8659 -9.96169 9.79566 -8.888891 8.77395 -9.96169 9.79566 -10.8046 9.60409 -9.96169 8.64623 -10.8046 9.60409 -11.5166 9.33908 -10.8429 8.326951 -9.96169 8.64623 -10.8046 9.60409 -10.8429 8.326951 -11.5166 9.33908 -12.152 9.04853 -10.8429 8.326951 -12.152 9.04853 -12.152 7.52235 -11.5549 7.92146 -12.152 7.52235 -12.0434 7.52235 -11.5549 7.92146 -12.152 9.04853 -11.5549 7.92146 -10.8429 8.326951 -5.75351 8.56322 -7.12584 8.19205 -6.66986 7.73946 -5.74713 1.23883 -6.69221 2.10089 -7.1432 1.66746 -4.82759 2.80332 -6.04725 3.31418 -6.32024 2.65326 -8.97829 1.09195 -8.063541 0.07662838 -8.29262 1.15661 -11.5421 0.542784 -10.7854 0.280971 -10.9387 1.39847 -10.7854 0.280971 -9.94253 0.0702427 -10.0447 1.16858 -12.1903 4.96807 -12.1903 0.817369 -10.9387 3.85696 -12.1903 0.817369 -11.5421 0.542784 -10.9387 1.39847 -10.9387 3.85696 -12.1903 0.817369 -10.9387 1.39847 -8.74202 3.85696 -8.74202 4.96807 -10.9387 3.85696 -8.74202 4.96807 -12.1903 4.96807 -10.9387 3.85696 -10.7854 0.280971 -10.0447 1.16858 -10.9387 1.39847 -5.82375 4.98723 -4.5083 4.94891 -5.87664 5.8034 -9.96169 9.79566 -9.96169 8.64623 -8.888891 8.77395 -8.97829 1.09195 -10.0447 1.16858 -9.94253 0.0702427 -8.073121 9.781291 -8.888891 8.77395 -8.23535 8.70929 -6.40166 9.11718 -7.64767 8.515331 -7.12584 8.19205 -7.1432 1.66746 -7.6788 1.35057 -6.40645 0.692848 -5.2227 7.85201 -6.66986 7.73946 -6.29969 7.17952 -6.32024 2.65326 -6.69221 2.10089 -5.21711 1.94604 -6.03528 6.53416 -5.87664 5.8034 -4.58892 6.03847 9.001091 0 9.001091 0.984252 8.03222 0.984252 9.91863 0 9.91863 0.984252 9.00278 0.984252 10.5316 0 10.5316 0.984252 9.662711 0.984252 11.0852 0 11.0852 0.984252 10.2845 0.984252 11.5434 0 11.5434 0.984252 10.8395 0.984252 4.96807 0 4.96807 0.984252 0.817369 0.984252 -8.74202 0 -8.74202 0.984252 -12.1903 0.984252 -3.85696 0 -3.85696 0.984252 -4.96807 0.984252 10.9387 0 10.9387 0.984252 8.74202 0.984252 -1.39847 0 -1.39847 0.984252 -3.85696 0.984252 -10.0192 0 -10.0192 0.984252 -10.9423 0.984252 -9.03346 0 -9.03346 0.984252 -10.1026 0.984252 -8.14742 0 -8.14742 0.984252 -8.836131 0.984252 -6.915 0 -6.915 0.984252 -7.55874 0.984252 -5.29868 0 -5.29868 0.984252 -5.92101 0.984252 -3.36934 0 -3.36934 0.984252 -3.99484 0.984252 -1.32951 0 -1.32951 0.984252 -1.99544 0.984252 0.754565 0 0.754565 0.984252 0.03948599 0.984252 2.75616 0 2.75616 0.984252 1.96239 0.984252 4.6156 0 4.6156 0.984252 3.71667 0.984252 6.17122 0 6.17122 0.984252 5.35334 0.984252 7.66582 0 7.66582 0.984252 6.91804 0.984252 9.031901 0 9.031901 0.984252 8.334481 0.984252 10.1344 0 10.1344 0.984252 9.463211 0.984252 10.8285 0 10.8285 0.984252 10.186 0.984252 10.9857 0 10.9857 0.984252 10.3718 0.984252 10.5501 0 10.5501 0.984252 9.931221 0.984252 9.70951 0 9.70951 0.984252 9.052781 0.984252 8.86974 0 8.86974 0.984252 7.78937 0.984252 7.35784 0 7.35784 0.984252 6.42056 0.984252 6.12061 0 6.12061 0.984252 5.30124 0.984252 4.56724 0 4.56724 0.984252 3.93642 0.984252 12.152 0 12.152 0.984252 12.0434 0.984252 9.04853 0 9.04853 0.984252 7.52235 0.984252 -6.58967 0 -6.58967 0.984252 -7.28832 0.984252 -6.77587 0 -6.77587 0.984252 -7.53559 0.984252 -7.54304 0 -7.54304 0.984252 -8.40745 0.984252 -8.26442 0 -8.26442 0.984252 -9.18664 0.984252 -8.89333 0 -8.89333 0.984252 -9.86605 0.984252 -9.52319 0 -9.52319 0.984252 -10.4479 0.984252 -9.90395 0 -9.90395 0.984252 -10.7873 0.984252 -9.937331 0 -9.937331 0.984252 -10.79 0.984252 -9.41645 0 -9.41645 0.984252 -10.3039 0.984252 -8.39117 0 -8.39117 0.984252 -9.32146 0.984252 -6.96942 0 -6.96942 0.984252 -7.96895 0.984252 -5.26809 0 -5.26809 0.984252 -6.36063 0.984252 -3.47701 0 -3.47701 0.984252 -4.62283 0.984252 -1.60508 0 -1.60508 0.984252 -2.63584 0.984252 0.386467 0 0.386467 0.984252 -0.555159 0.984252 2.45529 0 2.45529 0.984252 1.57151 0.984252 4.49238 0 4.49238 0.984252 3.63635 0.984252 6.29699 0 6.29699 0.984252 5.42883 0.984252 7.78214 0 7.78214 0.984252 6.87297 0.984252 7.18391 0.306513 8.063541 0.07662838 8.29262 1.15661 8.063541 0.07662838 9.029371 0 8.97829 1.09195 9.029371 0 9.94253 0.0702427 8.97829 1.09195 9.94253 0.0702427 10.7854 0.280971 10.0447 1.16858 8.97829 1.09195 9.94253 0.0702427 10.0447 1.16858 10.7854 0.280971 11.5421 0.542784 10.9387 1.39847 11.5421 0.542784 12.1903 0.817369 10.9387 1.39847 12.1903 4.96807 8.74202 4.96807 10.9387 3.85696 8.74202 4.96807 8.74202 3.85696 10.9387 3.85696 12.1903 0.817369 12.1903 4.96807 10.9387 3.85696 10.9387 1.39847 12.1903 0.817369 10.9387 3.85696 8.063541 0.07662838 8.97829 1.09195 8.29262 1.15661 5.74713 1.23883 6.40645 0.692848 7.1432 1.66746 6.40645 0.692848 7.18391 0.306513 7.6788 1.35057 4.82759 2.80332 5.21711 1.94604 6.32024 2.65326 5.21711 1.94604 5.74713 1.23883 6.69221 2.10089 6.32024 2.65326 5.21711 1.94604 6.69221 2.10089 4.5083 4.94891 4.58812 3.80587 5.87963 4.09004 4.58812 3.80587 4.82759 2.80332 6.04725 3.31418 5.87963 4.09004 4.58812 3.80587 6.04725 3.31418 4.83078 7.0083 4.58892 6.03847 6.03528 6.53416 4.58892 6.03847 4.5083 4.94891 5.87664 5.8034 5.75351 8.56322 5.2227 7.85201 6.66986 7.73946 5.2227 7.85201 4.83078 7.0083 6.29969 7.17952 7.18391 9.527461 6.40166 9.11718 7.64767 8.515331 6.40166 9.11718 5.75351 8.56322 7.12584 8.19205 7.64767 8.515331 6.40166 9.11718 7.12584 8.19205 9.04215 9.8659 8.073121 9.781291 8.888891 8.77395 8.073121 9.781291 7.18391 9.527461 8.23535 8.70929 8.888891 8.77395 8.073121 9.781291 8.23535 8.70929 10.8046 9.60409 9.96169 9.79566 9.96169 8.64623 9.96169 9.79566 9.04215 9.8659 8.888891 8.77395 9.96169 8.64623 9.96169 9.79566 8.888891 8.77395 12.152 9.04853 11.5166 9.33908 10.8429 8.326951 11.5166 9.33908 10.8046 9.60409 10.8429 8.326951 12.0434 7.52235 12.152 7.52235 11.5549 7.92146 12.152 7.52235 12.152 9.04853 11.5549 7.92146 5.2227 7.85201 6.29969 7.17952 6.66986 7.73946 4.58892 6.03847 5.87664 5.8034 6.03528 6.53416 6.40645 0.692848 7.6788 1.35057 7.1432 1.66746 5.82375 4.98723 4.5083 4.94891 5.87963 4.09004 10.8046 9.60409 9.96169 8.64623 10.8429 8.326951 10.8429 8.326951 11.5549 7.92146 12.152 9.04853 10.7854 0.280971 10.9387 1.39847 10.0447 1.16858 8.23535 8.70929 7.18391 9.527461 7.64767 8.515331 7.18391 0.306513 8.29262 1.15661 7.6788 1.35057 6.66986 7.73946 7.12584 8.19205 5.75351 8.56322 5.74713 1.23883 7.1432 1.66746 6.69221 2.10089 6.03528 6.53416 6.29969 7.17952 4.83078 7.0083 6.32024 2.65326 6.04725 3.31418 4.82759 2.80332 -15.9579 0 -15.9579 0.984252 -17.516 0.984252 -4.24946 0 -4.24946 0.984252 -14.2836 0.984252 14.0294 0 14.0294 0.984252 12.7522 0.984252 7.29945 0 7.29945 0.984252 4.50662 0.984252 18.5249 0 18.5249 0.984252 14.8914 0.984252 -15.2427 0 -15.2427 0.984252 -18.1737 0.984252 13.1699 0 13.1699 0.984252 8.454661 0.984252 1.93245 0 1.93245 0.984252 -2.78478 0.984252 3.58966 0 3.58966 0.984252 -6.44448 0.984252 5.80808 0 5.80808 0.984252 3.01525 0.984252 20.7216 0 20.7216 0.984252 19.387 0.984252 -27.1328 1.30907 -27.1328 0.185185 -22.8863 1.30907 -27.1328 0.185185 -21.622 0.185185 -22.8863 1.30907 -21.622 0.185185 -21.622 9.69349 -22.8863 1.30907 27.1328 0 27.1328 0.984252 21.622 0.984252 1.30907 0 1.30907 0.984252 0.185185 0.984252 -22.8863 0 -22.8863 0.984252 -27.1328 0.984252 9.69349 0 9.69349 0.984252 1.30907 0.984252 -21.622 0 -21.622 0.984252 -22.8863 0.984252 -0.185185 0 -0.185185 0.984252 -9.69349 0.984252 21.622 0.185185 27.1328 0.185185 22.8863 1.30907 27.1328 0.185185 27.1328 1.30907 22.8863 1.30907 22.8863 1.30907 22.8863 9.69349 21.622 9.69349 -33.6398 1.30907 -33.6398 0.185185 -29.3934 1.30907 -33.6398 0.185185 -28.129 0.185185 -29.3934 1.30907 -28.129 0.185185 -28.129 9.69349 -29.3934 1.30907 33.6398 0 33.6398 0.984252 28.129 0.984252 1.30907 0 1.30907 0.984252 0.185185 0.984252 -29.3934 0 -29.3934 0.984252 -33.6398 0.984252 9.69349 0 9.69349 0.984252 1.30907 0.984252 -28.129 0 -28.129 0.984252 -29.3934 0.984252 -0.185185 0 -0.185185 0.984252 -9.69349 0.984252 28.129 0.185185 33.6398 0.185185 29.3934 1.30907 33.6398 0.185185 33.6398 1.30907 29.3934 1.30907 29.3934 1.30907 29.3934 9.69349 28.129 9.69349 -34.636 9.69349 -40.5811 9.69349 -35.9004 8.569601 -40.5811 9.69349 -40.5811 8.569601 -35.9004 8.569601 -40.5811 1.30907 -40.5811 0.185185 -35.9004 1.30907 -40.5811 0.185185 -34.636 0.185185 -35.9004 1.30907 -34.636 0.185185 -34.636 9.69349 -35.9004 4.84036 -34.636 9.69349 -35.9004 8.569601 -35.9004 5.96424 -35.9004 5.96424 -40.2618 5.96424 -40.2618 4.84036 -34.636 9.69349 -35.9004 5.96424 -35.9004 4.84036 -35.9004 4.84036 -35.9004 1.30907 -34.636 0.185185 -0.185185 0 -0.185185 0.984252 -9.69349 0.984252 40.5811 0 40.5811 0.984252 34.636 0.984252 1.30907 0 1.30907 0.984252 0.185185 0.984252 -35.9004 0 -35.9004 0.984252 -40.5811 0.984252 4.84036 0 4.84036 0.984252 1.30907 0.984252 40.2618 0 40.2618 0.984252 35.9004 0.984252 5.96424 0 5.96424 0.984252 4.84036 0.984252 -35.9004 0 -35.9004 0.984252 -40.2618 0.984252 8.569601 0 8.569601 0.984252 5.96424 0.984252 40.5811 0 40.5811 0.984252 35.9004 0.984252 9.69349 0 9.69349 0.984252 8.569601 0.984252 -34.636 0 -34.636 0.984252 -40.5811 0.984252 34.636 0.185185 40.5811 0.185185 35.9004 1.30907 40.5811 0.185185 40.5811 1.30907 35.9004 1.30907 40.5811 8.569601 40.5811 9.69349 35.9004 8.569601 40.5811 9.69349 34.636 9.69349 35.9004 8.569601 34.636 9.69349 34.636 0.185185 35.9004 4.84036 34.636 0.185185 35.9004 1.30907 35.9004 4.84036 35.9004 4.84036 40.2618 4.84036 40.2618 5.96424 35.9004 5.96424 35.9004 8.569601 34.636 9.69349 35.9004 4.84036 40.2618 5.96424 35.9004 5.96424 -41.9732 0 -41.9732 0.984252 -44.4253 0.984252 -0.185185 0 -0.185185 0.984252 -9.69349 0.984252 43.2375 0 43.2375 0.984252 41.9732 0.984252 8.60792 0 8.60792 0.984252 5.01916 0.984252 44.4891 0 44.4891 0.984252 43.2375 0.984252 -43.6996 0 -43.6996 0.984252 -45.0723 0.984252 3.96552 0 3.96552 0.984252 0.185185 0.984252 -44.6268 0 -44.6268 0.984252 -45.6085 0.984252 -43.2375 0 -43.2375 0.984252 -44.3487 0.984252 44.6807 0 44.6807 0.984252 43.2375 0.984252 29.5884 0 29.5884 0.984252 24.7536 0.984252 -44.3311 0 -44.3311 0.984252 -44.7594 0.984252 49.3359 0 49.3359 0.984252 47.6948 0.984252 -25.7459 0 -25.7459 0.984252 -31.0916 0.984252 43.6128 0 43.6128 0.984252 42.6895 0.984252 -39.9496 0 -39.9496 0.984252 -40.3698 0.984252 44.5186 0 44.5186 0.984252 43.6279 0.984252 -41.5982 0 -41.5982 0.984252 -42.157 0.984252 -36.7209 0 -36.7209 0.984252 -37.2978 0.984252 29.4748 0 29.4748 0.984252 29.1201 0.984252 18.4363 0 18.4363 0.984252 18.0889 0.984252 7.08023 0 7.08023 0.984252 6.71748 0.984252 -30.4125 0 -30.4125 0.984252 -30.9893 0.984252 37.6486 0 37.6486 0.984252 36.7737 0.984252 30.0275 0 30.0275 0.984252 29.5885 0.984252 -21.244 0 -21.244 0.984252 -21.816 0.984252 23.3994 0 23.3994 0.984252 22.9517 0.984252 -9.332381 0 -9.332381 0.984252 -9.938071 0.984252 13.5926 0 13.5926 0.984252 12.6225 0.984252 2.72152 0 2.72152 0.984252 2.03123 0.984252 -33.3262 0 -33.3262 0.984252 -33.7047 0.984252 -25.3914 0 -25.3914 0.984252 -25.7744 0.984252 -13.0074 0 -13.0074 0.984252 -13.8857 0.984252 -2.64027 0 -2.64027 0.984252 -3.03391 0.984252 39.5709 0 39.5709 0.984252 38.8962 0.984252 -55.4023 9.69349 -56.7433 9.69349 -52.9119 5.49808 -56.7433 9.69349 -53.5313 4.39336 -52.9119 5.49808 -53.5313 4.39336 -53.5313 0.185185 -52.2669 4.25926 -53.5313 0.185185 -52.2669 0.185185 -52.2669 4.25926 -52.2669 4.25926 -49.0549 9.69349 -52.9119 5.49808 -49.0549 9.69349 -50.4598 9.69349 -52.9119 5.49808 37.6988 0 37.6988 0.984252 31.5014 0.984252 -55.4023 0 -55.4023 0.984252 -56.7433 0.984252 -31.7366 0 -31.7366 0.984252 -36.6155 0.984252 -17.0934 0 -17.0934 0.984252 -21.9529 0.984252 -49.0549 0 -49.0549 0.984252 -50.4598 0.984252 22.9284 0 22.9284 0.984252 16.6159 0.984252 -0.185185 0 -0.185185 0.984252 -4.25926 0.984252 53.5313 0 53.5313 0.984252 52.2669 0.984252 4.39336 0 4.39336 0.984252 0.185185 0.984252 53.5313 4.39336 56.7433 9.69349 52.9119 5.49808 56.7433 9.69349 55.4023 9.69349 52.9119 5.49808 52.9119 5.49808 50.4598 9.69349 49.0549 9.69349 52.2669 0.185185 53.5313 0.185185 52.2669 4.25926 53.5313 0.185185 53.5313 4.39336 52.2669 4.25926 52.9119 5.49808 49.0549 9.69349 52.2669 4.25926 -63.8889 0 -63.8889 0.984252 -65.447 0.984252 -19.5621 0 -19.5621 0.984252 -29.5962 0.984252 61.9604 0 61.9604 0.984252 60.6833 0.984252 22.0944 0 22.0944 0.984252 19.3016 0.984252 66.4559 0 66.4559 0.984252 62.8225 0.984252 -63.1737 0 -63.1737 0.984252 -66.1047 0.984252 28.0346 0 28.0346 0.984252 23.3194 0.984252 16.8558 0 16.8558 0.984252 12.1386 0.984252 -11.7229 0 -11.7229 0.984252 -21.7571 0.984252 20.6031 0 20.6031 0.984252 17.8102 0.984252 68.65261 0 68.65261 0.984252 67.318 0.984252 -69.553 0 -69.553 0.984252 -72.0051 0.984252 -0.185185 0 -0.185185 0.984252 -9.69349 0.984252 70.8174 0 70.8174 0.984252 69.553 0.984252 8.60792 0 8.60792 0.984252 5.01916 0.984252 72.069 0 72.069 0.984252 70.8174 0.984252 -71.2209 0 -71.2209 0.984252 -72.5935 0.984252 3.96552 0 3.96552 0.984252 0.185185 0.984252 -72.075 0 -72.075 0.984252 -73.0567 0.984252 -70.8174 0 -70.8174 0.984252 -71.9285 0.984252 72.2605 0 72.2605 0.984252 70.8174 0.984252 46.7818 0 46.7818 0.984252 41.947 0.984252 -70.23841 0 -70.23841 0.984252 -70.6667 0.984252 76.91571 0 76.91571 0.984252 75.2746 0.984252 -43.2069 0 -43.2069 0.984252 -48.5526 0.984252 68.028 0 68.028 0.984252 67.1047 0.984252 -62.1634 0 -62.1634 0.984252 -62.5836 0.984252 72.0045 0 72.0045 0.984252 71.1138 0.984252 -68.187 0 -68.187 0.984252 -68.74591 0.984252 -61.1796 0 -61.1796 0.984252 -61.7565 0.984252 50.2076 0 50.2076 0.984252 49.853 0.984252 33.2637 0 33.2637 0.984252 32.9163 0.984252 15.4551 0 15.4551 0.984252 15.0923 0.984252 -51.7462 0 -51.7462 0.984252 -52.323 0.984252 57.3756 0 57.3756 0.984252 56.5007 0.984252 44.5952 0 44.5952 0.984252 44.1562 0.984252 -37.7549 0 -37.7549 0.984252 -38.3269 0.984252 33.6041 0 33.6041 0.984252 33.1565 0.984252 -19.2549 0 -19.2549 0.984252 -19.8606 0.984252 17.3595 0 17.3595 0.984252 16.3894 0.984252 -0.180604 0 -0.180604 0.984252 -0.870899 0.984252 -50.7178 0 -50.7178 0.984252 -51.0963 0.984252 -37.4026 0 -37.4026 0.984252 -37.7856 0.984252 -17.1183 0 -17.1183 0.984252 -17.9965 0.984252 -0.06768327 0 -0.06768327 0.984252 -0.461322 0.984252 65.151 0 65.151 0.984252 64.47631 0.984252 -81.1558 0.185185 -79.89141 0.185185 -79.89141 8.569601 -79.89141 8.569601 -76.6986 8.569601 -76.6986 9.69349 -76.6986 9.69349 -84.3487 9.69349 -81.1558 8.569601 -84.3487 9.69349 -84.3487 8.569601 -81.1558 8.569601 -81.1558 8.569601 -81.1558 0.185185 -79.89141 8.569601 -0.185185 0 -0.185185 0.984252 -8.569601 0.984252 81.1558 0 81.1558 0.984252 79.89141 0.984252 8.569601 0 8.569601 0.984252 0.185185 0.984252 84.3487 0 84.3487 0.984252 81.1558 0.984252 9.69349 0 9.69349 0.984252 8.569601 0.984252 -76.6986 0 -76.6986 0.984252 -84.3487 0.984252 -8.569601 0 -8.569601 0.984252 -9.69349 0.984252 79.89141 0 79.89141 0.984252 76.6986 0.984252 79.89141 8.569601 79.89141 0.185185 81.1558 0.185185 81.1558 8.569601 84.3487 8.569601 84.3487 9.69349 79.89141 8.569601 81.1558 0.185185 81.1558 8.569601 76.6986 9.69349 76.6986 8.569601 79.89141 8.569601 81.1558 8.569601 84.3487 9.69349 76.6986 9.69349 -5.60345 0.0702427 -4.68072 0 -4.6871 1.09195 -4.68072 0 -3.78592 0.07822477 -4.10281 1.15182 -4.6871 1.09195 -4.68072 0 -4.10281 1.15182 -3.78592 0.07822477 -2.96616 0.312899 -4.10281 1.15182 -2.96616 0.312899 -2.23739 0.702427 -3.55045 1.33142 -4.10281 1.15182 -2.96616 0.312899 -3.55045 1.33142 -2.23739 0.702427 -1.61558 1.24521 -3.04917 1.62915 -1.61558 1.24521 -1.11111 1.94125 -2.61814 2.04342 -1.11111 1.94125 -0.734355 2.79055 -2.25255 2.58381 -0.734355 2.79055 -0.499681 3.78512 -1.97318 3.23436 -0.499681 3.78512 -0.421456 4.91699 -1.79598 4.00782 -0.421456 4.91699 -0.497286 6.03448 -1.79278 5.79023 -1.79598 4.00782 -0.421456 4.91699 -1.73691 4.91699 -0.497286 6.03448 -0.724777 6.99872 -1.96041 6.57088 -0.724777 6.99872 -1.09754 7.82886 -2.22861 7.24298 -1.96041 6.57088 -0.724777 6.99872 -2.22861 7.24298 -1.09754 7.82886 -1.6092 8.54406 -2.58621 7.79055 -1.6092 8.54406 -2.2302 9.106801 -3.02842 8.216791 -2.2302 9.106801 -2.95658 9.517881 -3.53768 8.524901 -2.95658 9.517881 -3.78193 9.76932 -4.09642 8.71169 -3.53768 8.524901 -2.95658 9.517881 -4.09642 8.71169 -3.78193 9.76932 -4.69987 9.853131 -4.09642 8.71169 -4.69987 9.853131 -5.59706 9.782891 -4.6871 8.77395 -5.59706 9.782891 -6.37292 9.60409 -5.67688 8.64623 -6.37292 9.60409 -7.00192 9.364621 -6.46871 8.320561 -5.67688 8.64623 -6.37292 9.60409 -6.46871 8.320561 -7.00192 9.364621 -7.63729 9.04853 -6.46871 8.320561 -7.63729 9.04853 -7.63729 7.52235 -7.10728 7.89272 -7.63729 7.52235 -7.53512 7.52235 -7.10728 7.89272 -7.63729 9.04853 -7.10728 7.89272 -6.46871 8.320561 -4.69987 9.853131 -4.6871 8.77395 -4.09642 8.71169 -1.6092 8.54406 -3.02842 8.216791 -2.58621 7.79055 -1.61558 1.24521 -2.61814 2.04342 -3.04917 1.62915 -0.734355 2.79055 -1.97318 3.23436 -2.25255 2.58381 -7.04662 0.536398 -6.37292 0.274585 -6.53257 1.5645 -6.37292 0.274585 -5.60345 0.0702427 -5.70243 1.22605 -7.63729 2.32439 -7.63729 0.817369 -7.13921 1.96999 -7.63729 0.817369 -7.04662 0.536398 -6.53257 1.5645 -7.13921 1.96999 -7.63729 0.817369 -6.53257 1.5645 -7.13921 1.96999 -7.54151 2.32439 -7.63729 2.32439 -6.37292 0.274585 -5.70243 1.22605 -6.53257 1.5645 -5.70243 1.22605 -5.60345 0.0702427 -4.6871 1.09195 -1.73691 4.91699 -0.421456 4.91699 -1.79278 5.79023 -5.59706 9.782891 -5.67688 8.64623 -4.6871 8.77395 -2.2302 9.106801 -3.53768 8.524901 -3.02842 8.216791 -3.04917 1.62915 -3.55045 1.33142 -2.23739 0.702427 -1.09754 7.82886 -2.58621 7.79055 -2.22861 7.24298 -2.25255 2.58381 -2.61814 2.04342 -1.11111 1.94125 -1.96041 6.57088 -1.79278 5.79023 -0.497286 6.03448 4.66293 0 4.66293 0.984252 3.76472 0.984252 5.59261 0 5.59261 0.984252 4.66721 0.984252 6.22991 0 6.22991 0.984252 5.43377 0.984252 6.76236 0 6.76236 0.984252 6.03959 0.984252 7.24789 0 7.24789 0.984252 6.59379 0.984252 2.32439 0 2.32439 0.984252 0.817369 0.984252 -7.54151 0 -7.54151 0.984252 -7.63729 0.984252 -6.65919 0 -6.65919 0.984252 -7.19533 0.984252 -6.30043 0 -6.30043 0.984252 -7.03011 0.984252 -5.74331 0 -5.74331 0.984252 -6.63979 0.984252 -4.78973 0 -4.78973 0.984252 -5.81387 0.984252 -3.96404 0 -3.96404 0.984252 -4.55139 0.984252 -2.96476 0 -2.96476 0.984252 -3.54559 0.984252 -1.78966 0 -1.78966 0.984252 -2.37269 0.984252 -0.471655 0 -0.471655 0.984252 -1.06949 0.984252 0.877903 0 0.877903 0.984252 0.2254689 0.984252 2.19328 0 2.19328 0.984252 1.48529 0.984252 3.50554 0 3.50554 0.984252 2.71203 0.984252 4.79403 0 4.79403 0.984252 3.88295 0.984252 5.89289 0 5.89289 0.984252 5.01786 0.984252 6.83601 0 6.83601 0.984252 6.03757 0.984252 7.55312 0 7.55312 0.984252 6.82949 0.984252 7.93691 0 7.93691 0.984252 7.28291 0.984252 7.88279 0 7.88279 0.984252 7.2686 0.984252 7.43971 0 7.43971 0.984252 6.8445 0.984252 6.64706 0 6.64706 0.984252 6.05791 0.984252 5.581 0 5.581 0.984252 4.98706 0.984252 4.52374 0 4.52374 0.984252 3.52575 0.984252 2.81754 0 2.81754 0.984252 1.96136 0.984252 1.5113 0 1.5113 0.984252 0.742653 0.984252 0.773629 0 0.773629 0.984252 0.207747 0.984252 7.63729 0 7.63729 0.984252 7.53512 0.984252 9.04853 0 9.04853 0.984252 7.52235 0.984252 -2.09787 0 -2.09787 0.984252 -2.80753 0.984252 -2.53878 0 -2.53878 0.984252 -3.21182 0.984252 -3.2572 0 -3.2572 0.984252 -4.05339 0.984252 -3.91647 0 -3.91647 0.984252 -4.8164 0.984252 -4.65455 0 -4.65455 0.984252 -5.57631 0.984252 -5.60194 0 -5.60194 0.984252 -6.46474 0.984252 -6.42631 0 -6.42631 0.984252 -7.26094 0.984252 -6.92966 0 -6.92966 0.984252 -7.76771 0.984252 -7.00584 0 -7.00584 0.984252 -7.88521 0.984252 -6.68148 0 -6.68148 0.984252 -7.59147 0.984252 -5.98743 0 -5.98743 0.984252 -6.97814 0.984252 -4.93424 0 -4.93424 0.984252 -6.0543 0.984252 -3.74166 0 -3.74166 0.984252 -4.87623 0.984252 -2.54732 0 -2.54732 0.984252 -3.56921 0.984252 -1.32393 0 -1.32393 0.984252 -2.25304 0.984252 -0.06014835 0 -0.06014835 0.984252 -0.919778 0.984252 1.22362 0 1.22362 0.984252 0.398238 0.984252 2.46843 0 2.46843 0.984252 1.64209 0.984252 3.61819 0 3.61819 0.984252 2.7655 0.984252 2.96616 0.312899 3.78592 0.07822477 4.10281 1.15182 3.78592 0.07822477 4.68072 0 4.10281 1.15182 4.10281 1.15182 4.68072 0 4.6871 1.09195 4.68072 0 5.60345 0.0702427 4.6871 1.09195 5.60345 0.0702427 6.37292 0.274585 5.70243 1.22605 6.37292 0.274585 7.04662 0.536398 6.53257 1.5645 7.04662 0.536398 7.63729 0.817369 6.53257 1.5645 6.37292 0.274585 6.53257 1.5645 5.70243 1.22605 7.63729 0.817369 7.63729 2.32439 7.13921 1.96999 7.63729 2.32439 7.54151 2.32439 7.13921 1.96999 5.60345 0.0702427 5.70243 1.22605 4.6871 1.09195 2.23739 0.702427 2.96616 0.312899 3.55045 1.33142 1.11111 1.94125 1.61558 1.24521 2.61814 2.04342 1.61558 1.24521 2.23739 0.702427 3.04917 1.62915 2.61814 2.04342 1.61558 1.24521 3.04917 1.62915 0.499681 3.78512 0.734355 2.79055 1.97318 3.23436 0.734355 2.79055 1.11111 1.94125 2.25255 2.58381 1.97318 3.23436 0.734355 2.79055 2.25255 2.58381 0.497286 6.03448 0.421456 4.91699 1.79278 5.79023 0.421456 4.91699 0.499681 3.78512 1.79598 4.00782 1.09754 7.82886 0.724777 6.99872 2.22861 7.24298 0.724777 6.99872 0.497286 6.03448 1.96041 6.57088 2.2302 9.106801 1.6092 8.54406 3.02842 8.216791 1.6092 8.54406 1.09754 7.82886 2.58621 7.79055 3.02842 8.216791 1.6092 8.54406 2.58621 7.79055 3.78193 9.76932 2.95658 9.517881 4.09642 8.71169 2.95658 9.517881 2.2302 9.106801 3.53768 8.524901 5.59706 9.782891 4.69987 9.853131 4.6871 8.77395 4.69987 9.853131 3.78193 9.76932 4.09642 8.71169 4.6871 8.77395 4.69987 9.853131 4.09642 8.71169 7.00192 9.364621 6.37292 9.60409 6.46871 8.320561 6.37292 9.60409 5.59706 9.782891 5.67688 8.64623 7.63729 7.52235 7.63729 9.04853 7.10728 7.89272 7.63729 9.04853 7.00192 9.364621 6.46871 8.320561 7.10728 7.89272 7.63729 9.04853 6.46871 8.320561 7.10728 7.89272 7.53512 7.52235 7.63729 7.52235 6.37292 9.60409 5.67688 8.64623 6.46871 8.320561 5.67688 8.64623 5.59706 9.782891 4.6871 8.77395 2.95658 9.517881 3.53768 8.524901 4.09642 8.71169 3.53768 8.524901 2.2302 9.106801 3.02842 8.216791 0.724777 6.99872 1.96041 6.57088 2.22861 7.24298 0.421456 4.91699 1.79598 4.00782 1.73691 4.91699 7.63729 0.817369 7.13921 1.96999 6.53257 1.5645 0.421456 4.91699 1.73691 4.91699 1.79278 5.79023 1.79598 4.00782 0.499681 3.78512 1.97318 3.23436 2.96616 0.312899 4.10281 1.15182 3.55045 1.33142 2.23739 0.702427 3.55045 1.33142 3.04917 1.62915 2.61814 2.04342 2.25255 2.58381 1.11111 1.94125 2.22861 7.24298 2.58621 7.79055 1.09754 7.82886 -14.3295 1.2963 -14.3295 0.172414 -14.2976 0.172414 -8.818651 0.172414 -8.818651 9.680721 -10.083 1.2963 -8.818651 9.680721 -10.083 9.680721 -10.083 1.2963 -10.083 1.2963 -14.3295 1.2963 -14.2976 0.172414 -17.5032 0 -17.5032 0.984252 -19.0613 0.984252 -14.7652 0.984252 -14.7652 0 -4.83099 0.984252 -14.7652 0 -4.73105 0 -4.83099 0.984252 14.2976 0 14.2976 0.984252 8.818651 0.984252 14.3295 0 14.3295 0.984252 14.2976 0.984252 0.172414 0.984252 0.172414 0 0.267118 0.984252 0.172414 0 1.2963 0 0.267118 0.984252 -10.083 0 -10.083 0.984252 -14.3295 0.984252 9.680721 0 9.680721 0.984252 1.2963 0.984252 -8.818651 0 -8.818651 0.984252 -10.083 0.984252 -0.172414 0 -0.172414 0.984252 -9.680721 0.984252 8.818651 0.172414 14.2976 0.172414 10.083 1.2963 14.2976 0.172414 14.3295 0.267118 10.083 1.2963 14.3295 0.267118 14.3295 1.2963 10.083 1.2963 10.083 1.2963 10.083 9.680721 8.818651 9.680721 7.76431 0 7.76431 0.984252 4.97148 0.984252 20.0702 0 20.0702 0.984252 16.4368 0.984252 -16.788 0 -16.788 0.984252 -19.719 0.984252 13.637 0 13.637 0.984252 8.921771 0.984252 2.42573 0 2.42573 0.984252 -2.2915 0.984252 3.08386 0 3.08386 0.984252 -6.95027 0.984252 6.29723 0 6.29723 0.984252 3.50441 0.984252 22.2669 0 22.2669 0.984252 20.9323 0.984252 15.5747 0 15.5747 0.984252 14.3295 0.984252 -26.6132 0.05587476 -25.8174 0 -25.728 1.09195 -25.8174 0 -24.8603 0.05348014 -25.728 1.09195 -25.728 1.09195 -24.8603 0.05348014 -24.9792 1.17257 -24.8603 0.05348014 -24.0581 0.213921 -24.9792 1.17257 -24.0581 0.213921 -22.6948 0.740741 -24.2018 1.41443 -24.9792 1.17257 -24.0581 0.213921 -24.2018 1.41443 -22.6948 0.740741 -22.6948 2.32439 -23.4515 1.80316 -22.6948 2.32439 -22.7842 2.32439 -23.4515 1.80316 -27.8121 0.494891 -27.2637 0.223499 -27.0115 1.338 -27.2637 0.223499 -26.6132 0.05587476 -26.6475 1.20131 -28.6646 1.28033 -28.3014 0.862069 -27.3116 1.52937 -28.3014 0.862069 -27.8121 0.494891 -27.3116 1.52937 -29.1068 2.32759 -28.9368 1.78161 -27.7139 2.03624 -28.9368 1.78161 -28.6646 1.28033 -27.7139 2.03624 -29.0501 3.69732 -29.1635 2.87995 -27.7778 3.19764 -29.1635 2.87995 -29.1068 2.32759 -27.848 2.68199 -28.1242 4.90421 -28.7101 4.3742 -27.2031 3.91922 -28.7101 4.3742 -29.0501 3.69732 -27.567 3.60792 -27.567 3.60792 -29.0501 3.69732 -27.7778 3.19764 -26.3091 5.53321 -27.2733 5.28097 -26.6731 4.13793 -27.2733 5.28097 -28.1242 4.90421 -27.2031 3.91922 -25.3257 5.77905 -26.3091 5.53321 -24.9553 4.57216 -27.2733 5.28097 -27.2031 3.91922 -26.6731 4.13793 -29.1635 2.87995 -27.848 2.68199 -27.7778 3.19764 -27.7139 2.03624 -28.6646 1.28033 -27.3116 1.52937 -27.2637 0.223499 -26.6475 1.20131 -27.0115 1.338 -22.6948 0.740741 -23.4515 1.80316 -24.2018 1.41443 -27.848 2.68199 -29.1068 2.32759 -27.7139 2.03624 -26.6132 0.05587476 -25.728 1.09195 -26.6475 1.20131 -28.7931 7.72669 -28.6973 7.72669 -28.1801 8.115421 -28.1601 9.500321 -28.7931 9.2401 -27.5351 8.451471 -28.7931 9.2401 -28.7931 7.72669 -28.1801 8.115421 -26.7409 9.81322 -27.4745 9.69349 -26.8087 8.683751 -27.4745 9.69349 -28.1601 9.500321 -27.5351 8.451471 -26.8087 8.683751 -27.4745 9.69349 -27.5351 8.451471 -25.2961 9.804241 -25.9642 9.853131 -26.0473 8.761171 -25.9642 9.853131 -26.7409 9.81322 -26.0473 8.761171 -24.1467 9.41311 -24.6903 9.65757 -25.2506 8.65821 -24.6903 9.65757 -25.2961 9.804241 -25.2506 8.65821 -23.2715 8.656411 -23.6654 9.07088 -24.6232 8.349301 -23.6654 9.07088 -24.1467 9.41311 -24.6232 8.349301 -22.8213 7.68738 -22.9901 8.19524 -24.2162 7.87277 -22.9901 8.19524 -23.2715 8.656411 -24.2162 7.87277 -22.8057 6.60999 -22.765 7.13282 -24.1603 6.72254 -22.765 7.13282 -22.8213 7.68738 -24.0805 7.26692 -23.1234 5.75591 -22.9278 6.15262 -24.3997 6.30268 -22.9278 6.15262 -22.8057 6.60999 -24.1603 6.72254 -23.7069 5.12612 -23.3844 5.41507 -24.3997 6.30268 -23.3844 5.41507 -23.1234 5.75591 -24.3997 6.30268 -24.9553 4.57216 -24.0741 4.89783 -25.3257 5.77905 -24.0741 4.89783 -23.7069 5.12612 -24.7909 5.99298 -25.8685 4.34866 -24.9553 4.57216 -26.3091 5.53321 -24.0741 4.89783 -24.7909 5.99298 -25.3257 5.77905 -22.9278 6.15262 -24.1603 6.72254 -24.3997 6.30268 -22.765 7.13282 -24.0805 7.26692 -24.1603 6.72254 -24.0805 7.26692 -22.8213 7.68738 -24.2162 7.87277 -26.0473 8.761171 -26.7409 9.81322 -26.8087 8.683751 -28.7931 9.2401 -28.1801 8.115421 -27.5351 8.451471 -24.1467 9.41311 -25.2506 8.65821 -24.6232 8.349301 -25.2506 8.65821 -25.2961 9.804241 -26.0473 8.761171 -26.6731 4.13793 -25.8685 4.34866 -26.3091 5.53321 -27.8121 0.494891 -27.0115 1.338 -27.3116 1.52937 -23.2715 8.656411 -24.6232 8.349301 -24.2162 7.87277 -28.7101 4.3742 -27.567 3.60792 -27.2031 3.91922 25.7772 0 25.7772 0.984252 24.8186 0.984252 26.5517 0 26.5517 0.984252 25.754 0.984252 26.4571 0 26.4571 0.984252 25.7854 0.984252 25.146 0 25.146 0.984252 24.5341 0.984252 23.1541 0 23.1541 0.984252 22.5424 0.984252 19.7605 0 19.7605 0.984252 19.2066 0.984252 15.3739 0 15.3739 0.984252 14.8035 0.984252 10.8764 0 10.8764 0.984252 10.3046 0.984252 5.84149 0 5.84149 0.984252 5.28623 0.984252 -0.327979 0 -0.327979 0.984252 -1.15317 0.984252 -8.97921 0 -8.97921 0.984252 -9.73671 0.984252 -17.5664 0 -17.5664 0.984252 -18.3565 0.984252 -22.8 0 -22.8 0.984252 -23.7306 0.984252 -24.0523 0 -24.0523 0.984252 -25.049 0.984252 -23.1679 0 -23.1679 0.984252 -24.1815 0.984252 -20.792 0 -20.792 0.984252 -21.368 0.984252 -15.2163 0 -15.2163 0.984252 -15.7152 0.984252 -6.13013 0 -6.13013 0.984252 -6.61348 0.984252 3.69654 0 3.69654 0.984252 3.14634 0.984252 12.9752 0 12.9752 0.984252 12.3543 0.984252 22.3418 0 22.3418 0.984252 21.7151 0.984252 26.4782 0 26.4782 0.984252 25.7788 0.984252 26.9555 0 26.9555 0.984252 26.1522 0.984252 25.7928 0 25.7928 0.984252 25.0274 0.984252 23.6526 0 23.6526 0.984252 22.89 0.984252 21.2412 0 21.2412 0.984252 20.514 0.984252 18.2987 0 18.2987 0.984252 17.6517 0.984252 28.7931 0 28.7931 0.984252 28.6973 0.984252 9.2401 0 9.2401 0.984252 7.72669 0.984252 -22.4329 0 -22.4329 0.984252 -23.1173 0.984252 -23.8165 0 -23.8165 0.984252 -24.5288 0.984252 -24.8109 0 -24.8109 0.984252 -25.5541 0.984252 -25.4244 0 -25.4244 0.984252 -26.2021 0.984252 -25.9442 0 -25.9442 0.984252 -26.6141 0.984252 -26.2695 0 -26.2695 0.984252 -26.8928 0.984252 -25.883 0 -25.883 0.984252 -26.4791 0.984252 -24.5434 0 -24.5434 0.984252 -25.134 0.984252 -22.3065 0 -22.3065 0.984252 -22.8783 0.984252 -18.97 0 -18.97 0.984252 -19.5102 0.984252 -14.4937 0 -14.4937 0.984252 -15.0289 0.984252 -9.39466 0 -9.39466 0.984252 -9.952071 0.984252 -4.81969 0 -4.81969 0.984252 -5.3441 0.984252 -0.02949106 0 -0.02949106 0.984252 -0.502891 0.984252 5.06139 0 5.06139 0.984252 4.61909 0.984252 9.91856 0 9.91856 0.984252 9.48926 0.984252 14.2351 0 14.2351 0.984252 13.8021 0.984252 17.8586 0 17.8586 0.984252 17.4262 0.984252 21.823 0 21.823 0.984252 20.8835 0.984252 24.0929 0 24.0929 0.984252 23.1528 0.984252 24.7544 0 24.7544 0.984252 23.9227 0.984252 23.6512 0 23.6512 0.984252 23.0779 0.984252 18.6049 0 18.6049 0.984252 18.1259 0.984252 9.84668 0 9.84668 0.984252 9.385451 0.984252 1.10137 0 1.10137 0.984252 0.580967 0.984252 -7.62866 0 -7.62866 0.984252 -8.28819 0.984252 -18.1771 0 -18.1771 0.984252 -18.8242 0.984252 -23.4948 0 -23.4948 0.984252 -23.8508 0.984252 -25.3687 0 -25.3687 0.984252 -25.7575 0.984252 -25.6769 0 -25.6769 0.984252 -26.6029 0.984252 -24.7102 0 -24.7102 0.984252 -25.4632 0.984252 -22.6892 0 -22.6892 0.984252 -23.5034 0.984252 -19.9934 0 -19.9934 0.984252 -20.8384 0.984252 -16.5249 0 -16.5249 0.984252 -17.3717 0.984252 -22.6948 0 -22.6948 0.984252 -22.7842 0.984252 -0.740741 0 -0.740741 0.984252 -2.32439 0.984252 22.3639 0 22.3639 0.984252 20.9023 0.984252 24.3671 0 24.3671 0.984252 23.549 0.984252 24.0581 0.213921 24.8603 0.05348014 24.9792 1.17257 24.8603 0.05348014 25.8174 0 25.728 1.09195 25.8174 0 26.6132 0.05587476 25.728 1.09195 26.6132 0.05587476 27.2637 0.223499 26.6475 1.20131 27.2637 0.223499 27.8121 0.494891 27.0115 1.338 27.8121 0.494891 28.3014 0.862069 27.3116 1.52937 27.0115 1.338 27.8121 0.494891 27.3116 1.52937 28.3014 0.862069 28.6646 1.28033 27.3116 1.52937 28.6646 1.28033 28.9368 1.78161 27.7139 2.03624 27.3116 1.52937 28.6646 1.28033 27.7139 2.03624 28.9368 1.78161 29.1068 2.32759 27.7139 2.03624 29.1068 2.32759 29.1635 2.87995 27.848 2.68199 29.1635 2.87995 29.0501 3.69732 27.7778 3.19764 29.0501 3.69732 28.7101 4.3742 27.567 3.60792 27.7778 3.19764 29.0501 3.69732 27.567 3.60792 28.7101 4.3742 28.1242 4.90421 27.2031 3.91922 28.1242 4.90421 27.2733 5.28097 27.2031 3.91922 27.2031 3.91922 27.2733 5.28097 26.6731 4.13793 27.2733 5.28097 26.3091 5.53321 26.6731 4.13793 26.3091 5.53321 25.3257 5.77905 24.9553 4.57216 26.6731 4.13793 26.3091 5.53321 25.8685 4.34866 29.1068 2.32759 27.848 2.68199 27.7139 2.03624 27.848 2.68199 29.1635 2.87995 27.7778 3.19764 24.8603 0.05348014 25.728 1.09195 24.9792 1.17257 26.6132 0.05587476 26.6475 1.20131 25.728 1.09195 26.6475 1.20131 27.2637 0.223499 27.0115 1.338 22.6948 2.32439 22.6948 0.740741 23.4515 1.80316 22.6948 0.740741 24.0581 0.213921 24.2018 1.41443 23.4515 1.80316 22.6948 0.740741 24.2018 1.41443 23.4515 1.80316 22.7842 2.32439 22.6948 2.32439 25.3257 5.77905 24.7909 5.99298 24.0741 4.89783 24.9792 1.17257 24.2018 1.41443 24.0581 0.213921 28.1801 8.115421 28.6973 7.72669 28.7931 7.72669 28.7931 7.72669 28.7931 9.2401 28.1801 8.115421 28.7931 9.2401 28.1601 9.500321 27.5351 8.451471 28.1801 8.115421 28.7931 9.2401 27.5351 8.451471 28.1601 9.500321 27.4745 9.69349 27.5351 8.451471 27.4745 9.69349 26.7409 9.81322 26.8087 8.683751 26.7409 9.81322 25.9642 9.853131 26.0473 8.761171 25.9642 9.853131 25.2961 9.804241 26.0473 8.761171 25.2961 9.804241 24.6903 9.65757 25.2506 8.65821 24.6903 9.65757 24.1467 9.41311 25.2506 8.65821 24.1467 9.41311 23.6654 9.07088 24.6232 8.349301 23.6654 9.07088 23.2715 8.656411 24.6232 8.349301 23.2715 8.656411 22.9901 8.19524 24.2162 7.87277 22.9901 8.19524 22.8213 7.68738 24.2162 7.87277 22.8213 7.68738 22.765 7.13282 24.0805 7.26692 22.765 7.13282 22.8057 6.60999 24.1603 6.72254 22.8057 6.60999 22.9278 6.15262 24.1603 6.72254 22.9278 6.15262 23.1234 5.75591 24.3997 6.30268 24.1603 6.72254 22.9278 6.15262 24.3997 6.30268 23.1234 5.75591 23.3844 5.41507 24.3997 6.30268 23.3844 5.41507 23.7069 5.12612 24.3997 6.30268 23.7069 5.12612 24.0741 4.89783 24.7909 5.99298 24.0741 4.89783 24.9553 4.57216 25.3257 5.77905 24.9553 4.57216 25.8685 4.34866 26.3091 5.53321 22.765 7.13282 24.1603 6.72254 24.0805 7.26692 25.2506 8.65821 24.1467 9.41311 24.6232 8.349301 27.4745 9.69349 26.8087 8.683751 27.5351 8.451471 26.7409 9.81322 26.0473 8.761171 26.8087 8.683751 25.2506 8.65821 26.0473 8.761171 25.2961 9.804241 24.2162 7.87277 24.6232 8.349301 23.2715 8.656411 24.0805 7.26692 24.2162 7.87277 22.8213 7.68738 24.7909 5.99298 24.3997 6.30268 23.7069 5.12612 -33.8993 0.05587476 -33.1034 0 -33.014 1.09195 -33.1034 0 -32.1464 0.05348014 -33.014 1.09195 -33.014 1.09195 -32.1464 0.05348014 -32.2653 1.17257 -32.1464 0.05348014 -31.3442 0.213921 -32.2653 1.17257 -31.3442 0.213921 -29.9808 0.740741 -31.4879 1.41443 -32.2653 1.17257 -31.3442 0.213921 -31.4879 1.41443 -29.9808 0.740741 -29.9808 2.32439 -30.7375 1.80316 -29.9808 2.32439 -30.0702 2.32439 -30.7375 1.80316 -35.0982 0.494891 -34.5498 0.223499 -34.2976 1.338 -34.5498 0.223499 -33.8993 0.05587476 -33.9336 1.20131 -35.9507 1.28033 -35.5875 0.862069 -34.5977 1.52937 -35.5875 0.862069 -35.0982 0.494891 -34.5977 1.52937 -36.3929 2.32759 -36.2229 1.78161 -35 2.03624 -36.2229 1.78161 -35.9507 1.28033 -35 2.03624 -36.3362 3.69732 -36.4496 2.87995 -35.0639 3.19764 -36.4496 2.87995 -36.3929 2.32759 -35.1341 2.68199 -35.4103 4.90421 -35.9962 4.3742 -34.4891 3.91922 -35.9962 4.3742 -36.3362 3.69732 -34.8531 3.60792 -34.8531 3.60792 -36.3362 3.69732 -35.0639 3.19764 -33.5951 5.53321 -34.5594 5.28097 -33.9591 4.13793 -34.5594 5.28097 -35.4103 4.90421 -34.4891 3.91922 -32.6117 5.77905 -33.5951 5.53321 -32.2414 4.57216 -34.5594 5.28097 -34.4891 3.91922 -33.9591 4.13793 -36.4496 2.87995 -35.1341 2.68199 -35.0639 3.19764 -35 2.03624 -35.9507 1.28033 -34.5977 1.52937 -34.5498 0.223499 -33.9336 1.20131 -34.2976 1.338 -29.9808 0.740741 -30.7375 1.80316 -31.4879 1.41443 -35.1341 2.68199 -36.3929 2.32759 -35 2.03624 -33.8993 0.05587476 -33.014 1.09195 -33.9336 1.20131 -36.0792 7.72669 -35.9834 7.72669 -35.4662 8.115421 -35.4462 9.500321 -36.0792 9.2401 -34.8212 8.451471 -36.0792 9.2401 -36.0792 7.72669 -35.4662 8.115421 -34.027 9.81322 -34.7605 9.69349 -34.0948 8.683751 -34.7605 9.69349 -35.4462 9.500321 -34.8212 8.451471 -34.0948 8.683751 -34.7605 9.69349 -34.8212 8.451471 -32.5822 9.804241 -33.2503 9.853131 -33.3333 8.761171 -33.2503 9.853131 -34.027 9.81322 -33.3333 8.761171 -31.4328 9.41311 -31.9764 9.65757 -32.5367 8.65821 -31.9764 9.65757 -32.5822 9.804241 -32.5367 8.65821 -30.5576 8.656411 -30.9515 9.07088 -31.9093 8.349301 -30.9515 9.07088 -31.4328 9.41311 -31.9093 8.349301 -30.1074 7.68738 -30.2762 8.19524 -31.5022 7.87277 -30.2762 8.19524 -30.5576 8.656411 -31.5022 7.87277 -30.0918 6.60999 -30.0511 7.13282 -31.4464 6.72254 -30.0511 7.13282 -30.1074 7.68738 -31.3665 7.26692 -30.4095 5.75591 -30.2139 6.15262 -31.6858 6.30268 -30.2139 6.15262 -30.0918 6.60999 -31.4464 6.72254 -30.993 5.12612 -30.6705 5.41507 -31.6858 6.30268 -30.6705 5.41507 -30.4095 5.75591 -31.6858 6.30268 -32.2414 4.57216 -31.3602 4.89783 -32.6117 5.77905 -31.3602 4.89783 -30.993 5.12612 -32.0769 5.99298 -33.1545 4.34866 -32.2414 4.57216 -33.5951 5.53321 -31.3602 4.89783 -32.0769 5.99298 -32.6117 5.77905 -30.2139 6.15262 -31.4464 6.72254 -31.6858 6.30268 -30.0511 7.13282 -31.3665 7.26692 -31.4464 6.72254 -31.3665 7.26692 -30.1074 7.68738 -31.5022 7.87277 -33.3333 8.761171 -34.027 9.81322 -34.0948 8.683751 -36.0792 9.2401 -35.4662 8.115421 -34.8212 8.451471 -31.4328 9.41311 -32.5367 8.65821 -31.9093 8.349301 -32.5367 8.65821 -32.5822 9.804241 -33.3333 8.761171 -33.9591 4.13793 -33.1545 4.34866 -33.5951 5.53321 -35.0982 0.494891 -34.2976 1.338 -34.5977 1.52937 -30.5576 8.656411 -31.9093 8.349301 -31.5022 7.87277 -35.9962 4.3742 -34.8531 3.60792 -34.4891 3.91922 33.0519 0 33.0519 0.984252 32.0933 0.984252 33.8199 0 33.8199 0.984252 33.0222 0.984252 33.5128 0 33.5128 0.984252 32.841 0.984252 31.6761 0 31.6761 0.984252 31.0643 0.984252 28.9818 0 28.9818 0.984252 28.3701 0.984252 24.5376 0 24.5376 0.984252 23.9836 0.984252 18.8507 0 18.8507 0.984252 18.2803 0.984252 13.0427 0 13.0427 0.984252 12.4709 0.984252 6.58515 0 6.58515 0.984252 6.02988 0.984252 -1.32878 0 -1.32878 0.984252 -2.15397 0.984252 -12.2499 0 -12.2499 0.984252 -13.0074 0.984252 -22.9696 0 -22.9696 0.984252 -23.7597 0.984252 -29.4622 0 -29.4622 0.984252 -30.3928 0.984252 -31.1012 0 -31.1012 0.984252 -32.0979 0.984252 -30.2364 0 -30.2364 0.984252 -31.2501 0.984252 -27.557 0 -27.557 0.984252 -28.133 0.984252 -20.9285 0 -20.9285 0.984252 -21.4274 0.984252 -9.73986 0 -9.73986 0.984252 -10.2232 0.984252 2.6395 0 2.6395 0.984252 2.0893 0.984252 14.5677 0 14.5677 0.984252 13.9468 0.984252 27.0744 0 27.0744 0.984252 26.4476 0.984252 33.0149 0 33.0149 0.984252 32.3155 0.984252 34.1814 0 34.1814 0.984252 33.3782 0.984252 33.0415 0 33.0415 0.984252 32.2761 0.984252 30.5925 0 30.5925 0.984252 29.8299 0.984252 27.7028 0 27.7028 0.984252 26.9756 0.984252 24.1233 0 24.1233 0.984252 23.4763 0.984252 36.0792 0 36.0792 0.984252 35.9834 0.984252 9.2401 0 9.2401 0.984252 7.72669 0.984252 -29.1718 0 -29.1718 0.984252 -29.8562 0.984252 -30.8296 0 -30.8296 0.984252 -31.5419 0.984252 -32.0018 0 -32.0018 0.984252 -32.745 0.984252 -32.7008 0 -32.7008 0.984252 -33.4785 0.984252 -33.2109 0 -33.2109 0.984252 -33.8808 0.984252 -33.351 0 -33.351 0.984252 -33.9743 0.984252 -32.5281 0 -32.5281 0.984252 -33.1241 0.984252 -30.4814 0 -30.4814 0.984252 -31.072 0.984252 -27.3259 0 -27.3259 0.984252 -27.8977 0.984252 -22.7649 0 -22.7649 0.984252 -23.3051 0.984252 -16.7921 0 -16.7921 0.984252 -17.3273 0.984252 -10.1302 0 -10.1302 0.984252 -10.6876 0.984252 -4.25409 0 -4.25409 0.984252 -4.7785 0.984252 1.85015 0 1.85015 0.984252 1.37675 0.984252 8.282951 0 8.282951 0.984252 7.84066 0.984252 14.3485 0 14.3485 0.984252 13.9192 0.984252 19.6615 0 19.6615 0.984252 19.2285 0.984252 24.0462 0 24.0462 0.984252 23.6139 0.984252 28.6573 0 28.6573 0.984252 27.7178 0.984252 31.1701 0 31.1701 0.984252 30.23 0.984252 31.8027 0 31.8027 0.984252 30.971 0.984252 30.3864 0 30.3864 0.984252 29.8131 0.984252 24.142 0 24.142 0.984252 23.6631 0.984252 13.1755 0 13.1755 0.984252 12.7143 0.984252 2.08482 0 2.08482 0.984252 1.56441 0.984252 -9.110111 0 -9.110111 0.984252 -9.76964 0.984252 -22.7067 0 -22.7067 0.984252 -23.3538 0.984252 -29.6383 0 -29.6383 0.984252 -29.9942 0.984252 -32.1896 0 -32.1896 0.984252 -32.5784 0.984252 -32.912 0 -32.912 0.984252 -33.838 0.984252 -31.9544 0 -31.9544 0.984252 -32.7074 0.984252 -29.6464 0 -29.6464 0.984252 -30.4607 0.984252 -26.4628 0 -26.4628 0.984252 -27.3078 0.984252 -22.267 0 -22.267 0.984252 -23.1137 0.984252 -29.9808 0 -29.9808 0.984252 -30.0702 0.984252 -0.740741 0 -0.740741 0.984252 -2.32439 0.984252 29.1602 0 29.1602 0.984252 27.6986 0.984252 31.5116 0 31.5116 0.984252 30.6936 0.984252 31.3442 0.213921 32.1464 0.05348014 32.2653 1.17257 32.1464 0.05348014 33.1034 0 33.014 1.09195 33.1034 0 33.8993 0.05587476 33.014 1.09195 33.8993 0.05587476 34.5498 0.223499 33.9336 1.20131 34.5498 0.223499 35.0982 0.494891 34.2976 1.338 35.0982 0.494891 35.5875 0.862069 34.5977 1.52937 34.2976 1.338 35.0982 0.494891 34.5977 1.52937 35.5875 0.862069 35.9507 1.28033 34.5977 1.52937 35.9507 1.28033 36.2229 1.78161 35 2.03624 34.5977 1.52937 35.9507 1.28033 35 2.03624 36.2229 1.78161 36.3929 2.32759 35 2.03624 36.3929 2.32759 36.4496 2.87995 35.1341 2.68199 36.4496 2.87995 36.3362 3.69732 35.0639 3.19764 36.3362 3.69732 35.9962 4.3742 34.8531 3.60792 35.0639 3.19764 36.3362 3.69732 34.8531 3.60792 35.9962 4.3742 35.4103 4.90421 34.4891 3.91922 35.4103 4.90421 34.5594 5.28097 34.4891 3.91922 34.4891 3.91922 34.5594 5.28097 33.9591 4.13793 34.5594 5.28097 33.5951 5.53321 33.9591 4.13793 33.5951 5.53321 32.6117 5.77905 32.2414 4.57216 33.9591 4.13793 33.5951 5.53321 33.1545 4.34866 36.3929 2.32759 35.1341 2.68199 35 2.03624 35.1341 2.68199 36.4496 2.87995 35.0639 3.19764 32.1464 0.05348014 33.014 1.09195 32.2653 1.17257 33.8993 0.05587476 33.9336 1.20131 33.014 1.09195 33.9336 1.20131 34.5498 0.223499 34.2976 1.338 29.9808 2.32439 29.9808 0.740741 30.7375 1.80316 29.9808 0.740741 31.3442 0.213921 31.4879 1.41443 30.7375 1.80316 29.9808 0.740741 31.4879 1.41443 30.7375 1.80316 30.0702 2.32439 29.9808 2.32439 32.6117 5.77905 32.0769 5.99298 31.3602 4.89783 32.2653 1.17257 31.4879 1.41443 31.3442 0.213921 35.4662 8.115421 35.9834 7.72669 36.0792 7.72669 36.0792 7.72669 36.0792 9.2401 35.4662 8.115421 36.0792 9.2401 35.4462 9.500321 34.8212 8.451471 35.4662 8.115421 36.0792 9.2401 34.8212 8.451471 35.4462 9.500321 34.7605 9.69349 34.8212 8.451471 34.7605 9.69349 34.027 9.81322 34.0948 8.683751 34.027 9.81322 33.2503 9.853131 33.3333 8.761171 33.2503 9.853131 32.5822 9.804241 33.3333 8.761171 32.5822 9.804241 31.9764 9.65757 32.5367 8.65821 31.9764 9.65757 31.4328 9.41311 32.5367 8.65821 31.4328 9.41311 30.9515 9.07088 31.9093 8.349301 30.9515 9.07088 30.5576 8.656411 31.9093 8.349301 30.5576 8.656411 30.2762 8.19524 31.5022 7.87277 30.2762 8.19524 30.1074 7.68738 31.5022 7.87277 30.1074 7.68738 30.0511 7.13282 31.3665 7.26692 30.0511 7.13282 30.0918 6.60999 31.4464 6.72254 30.0918 6.60999 30.2139 6.15262 31.4464 6.72254 30.2139 6.15262 30.4095 5.75591 31.6858 6.30268 31.4464 6.72254 30.2139 6.15262 31.6858 6.30268 30.4095 5.75591 30.6705 5.41507 31.6858 6.30268 30.6705 5.41507 30.993 5.12612 31.6858 6.30268 30.993 5.12612 31.3602 4.89783 32.0769 5.99298 31.3602 4.89783 32.2414 4.57216 32.6117 5.77905 32.2414 4.57216 33.1545 4.34866 33.5951 5.53321 30.0511 7.13282 31.4464 6.72254 31.3665 7.26692 32.5367 8.65821 31.4328 9.41311 31.9093 8.349301 34.7605 9.69349 34.0948 8.683751 34.8212 8.451471 34.027 9.81322 33.3333 8.761171 34.0948 8.683751 32.5367 8.65821 33.3333 8.761171 32.5822 9.804241 31.5022 7.87277 31.9093 8.349301 30.5576 8.656411 31.3665 7.26692 31.5022 7.87277 30.1074 7.68738 32.0769 5.99298 31.6858 6.30268 30.993 5.12612 -41.06 1.14304 -41.06 0.172414 -39.8467 1.14304 -41.06 0.172414 -37.3691 0.172414 -39.8467 1.14304 -37.3691 0.172414 -37.3691 1.14304 -38.5824 1.14304 -38.5824 8.71009 -37.3691 8.71009 -37.3691 9.680721 -38.5824 8.71009 -37.3691 9.680721 -41.06 9.680721 -41.06 9.680721 -41.06 8.71009 -39.8467 8.71009 -38.5824 8.71009 -41.06 9.680721 -39.8467 8.71009 -39.8467 1.14304 -37.3691 0.172414 -38.5824 1.14304 -38.5824 1.14304 -38.5824 8.71009 -39.8467 8.71009 41.06 0 41.06 0.984252 37.3691 0.984252 1.14304 0 1.14304 0.984252 0.172414 0.984252 -39.8467 0 -39.8467 0.984252 -41.06 0.984252 8.71009 0 8.71009 0.984252 1.14304 0.984252 41.06 0 41.06 0.984252 39.8467 0.984252 9.680721 0 9.680721 0.984252 8.71009 0.984252 -37.3691 0 -37.3691 0.984252 -41.06 0.984252 -8.71009 0 -8.71009 0.984252 -9.680721 0.984252 38.5824 0 38.5824 0.984252 37.3691 0.984252 -1.14304 0 -1.14304 0.984252 -8.71009 0.984252 -37.3691 0 -37.3691 0.984252 -38.5824 0.984252 -0.172414 0 -0.172414 0.984252 -1.14304 0.984252 37.3691 1.14304 37.3691 0.172414 38.5824 1.14304 37.3691 0.172414 41.06 0.172414 38.5824 1.14304 41.06 0.172414 41.06 1.14304 39.8467 1.14304 39.8467 8.71009 41.06 8.71009 41.06 9.680721 39.8467 8.71009 41.06 9.680721 37.3691 9.680721 37.3691 9.680721 37.3691 8.71009 38.5824 8.71009 39.8467 8.71009 37.3691 9.680721 38.5824 8.71009 38.5824 1.14304 41.06 0.172414 39.8467 1.14304 39.8467 1.14304 39.8467 8.71009 38.5824 8.71009 -47.2573 0.0702427 -46.3346 0 -46.341 1.09195 -46.3346 0 -45.4398 0.07822477 -45.7567 1.15182 -46.341 1.09195 -46.3346 0 -45.7567 1.15182 -45.4398 0.07822477 -44.6201 0.312899 -45.7567 1.15182 -44.6201 0.312899 -43.8913 0.702427 -45.2043 1.33142 -45.7567 1.15182 -44.6201 0.312899 -45.2043 1.33142 -43.8913 0.702427 -43.2695 1.24521 -44.7031 1.62915 -43.2695 1.24521 -42.765 1.94125 -44.272 2.04342 -42.765 1.94125 -42.3883 2.79055 -43.9064 2.58381 -42.3883 2.79055 -42.1536 3.78512 -43.6271 3.23436 -42.1536 3.78512 -42.0754 4.91699 -43.4499 4.00782 -42.0754 4.91699 -42.1512 6.03448 -43.4467 5.79023 -43.4499 4.00782 -42.0754 4.91699 -43.3908 4.91699 -42.1512 6.03448 -42.3787 6.99872 -43.6143 6.57088 -42.3787 6.99872 -42.7514 7.82886 -43.8825 7.24298 -43.6143 6.57088 -42.3787 6.99872 -43.8825 7.24298 -42.7514 7.82886 -43.2631 8.54406 -44.2401 7.79055 -43.2631 8.54406 -43.8841 9.106801 -44.6823 8.216791 -43.8841 9.106801 -44.6105 9.517881 -45.1916 8.524901 -44.6105 9.517881 -45.4358 9.76932 -45.7503 8.71169 -45.1916 8.524901 -44.6105 9.517881 -45.7503 8.71169 -45.4358 9.76932 -46.3538 9.853131 -45.7503 8.71169 -46.3538 9.853131 -47.251 9.782891 -46.341 8.77395 -47.251 9.782891 -48.0268 9.60409 -47.3308 8.64623 -48.0268 9.60409 -48.6558 9.364621 -48.1226 8.320561 -47.3308 8.64623 -48.0268 9.60409 -48.1226 8.320561 -48.6558 9.364621 -49.2912 9.04853 -48.1226 8.320561 -49.2912 9.04853 -49.2912 7.52235 -48.7612 7.89272 -49.2912 7.52235 -49.189 7.52235 -48.7612 7.89272 -49.2912 9.04853 -48.7612 7.89272 -48.1226 8.320561 -46.3538 9.853131 -46.341 8.77395 -45.7503 8.71169 -43.2631 8.54406 -44.6823 8.216791 -44.2401 7.79055 -43.2695 1.24521 -44.272 2.04342 -44.7031 1.62915 -42.3883 2.79055 -43.6271 3.23436 -43.9064 2.58381 -48.7005 0.536398 -48.0268 0.274585 -48.1865 1.5645 -48.0268 0.274585 -47.2573 0.0702427 -47.3563 1.22605 -49.2912 2.32439 -49.2912 0.817369 -48.7931 1.96999 -49.2912 0.817369 -48.7005 0.536398 -48.1865 1.5645 -48.7931 1.96999 -49.2912 0.817369 -48.1865 1.5645 -48.7931 1.96999 -49.1954 2.32439 -49.2912 2.32439 -48.0268 0.274585 -47.3563 1.22605 -48.1865 1.5645 -47.3563 1.22605 -47.2573 0.0702427 -46.341 1.09195 -43.3908 4.91699 -42.0754 4.91699 -43.4467 5.79023 -47.251 9.782891 -47.3308 8.64623 -46.341 8.77395 -43.8841 9.106801 -45.1916 8.524901 -44.6823 8.216791 -44.7031 1.62915 -45.2043 1.33142 -43.8913 0.702427 -42.7514 7.82886 -44.2401 7.79055 -43.8825 7.24298 -43.9064 2.58381 -44.272 2.04342 -42.765 1.94125 -43.6143 6.57088 -43.4467 5.79023 -42.1512 6.03448 46.1586 0 46.1586 0.984252 45.2604 0.984252 47.1263 0 47.1263 0.984252 46.2009 0.984252 46.4884 0 46.4884 0.984252 45.6923 0.984252 45.5874 0 45.5874 0.984252 44.8647 0.984252 44.8631 0 44.8631 0.984252 44.209 0.984252 2.32439 0 2.32439 0.984252 0.817369 0.984252 -49.1954 0 -49.1954 0.984252 -49.2912 0.984252 -37.9146 0 -37.9146 0.984252 -38.4507 0.984252 -40.9305 0 -40.9305 0.984252 -41.6602 0.984252 -44.3148 0 -44.3148 0.984252 -45.2113 0.984252 -46.085 0 -46.085 0.984252 -47.1091 0.984252 -45.401 0 -45.401 0.984252 -45.9884 0.984252 -42.5774 0 -42.5774 0.984252 -43.1582 0.984252 -37.6028 0 -37.6028 0.984252 -38.1859 0.984252 -30.5036 0 -30.5036 0.984252 -31.1014 0.984252 -22.4622 0 -22.4622 0.984252 -23.1146 0.984252 -14.2433 0 -14.2433 0.984252 -14.9513 0.984252 -5.79646 0 -5.79646 0.984252 -6.58997 0.984252 2.0935 0 2.0935 0.984252 1.18242 0.984252 8.55269 0 8.55269 0.984252 7.67766 0.984252 15.5808 0 15.5808 0.984252 14.7823 0.984252 22.9913 0 22.9913 0.984252 22.2677 0.984252 30.7128 0 30.7128 0.984252 30.0588 0.984252 37.8729 0 37.8729 0.984252 37.2587 0.984252 43.0785 0 43.0785 0.984252 42.4833 0.984252 46.1521 0 46.1521 0.984252 45.563 0.984252 47.0054 0 47.0054 0.984252 46.4115 0.984252 45.8351 0 45.8351 0.984252 44.8372 0.984252 41.3404 0 41.3404 0.984252 40.4842 0.984252 36.1161 0 36.1161 0.984252 35.3475 0.984252 32.2665 0 32.2665 0.984252 31.7006 0.984252 49.2912 0 49.2912 0.984252 49.189 0.984252 9.04853 0 9.04853 0.984252 7.52235 0.984252 -39.3916 0 -39.3916 0.984252 -40.1013 0.984252 -41.467 0 -41.467 0.984252 -42.14 0.984252 -43.8472 0 -43.8472 0.984252 -44.6434 0.984252 -45.4433 0 -45.4433 0.984252 -46.3432 0.984252 -46.1359 0 -46.1359 0.984252 -47.0577 0.984252 -45.4479 0 -45.4479 0.984252 -46.3107 0.984252 -42.6775 0 -42.6775 0.984252 -43.5121 0.984252 -37.7959 0 -37.7959 0.984252 -38.6339 0.984252 -31.2417 0 -31.2417 0.984252 -32.1211 0.984252 -23.7444 0 -23.7444 0.984252 -24.6544 0.984252 -15.5521 0 -15.5521 0.984252 -16.5428 0.984252 -7.75427 0 -7.75427 0.984252 -8.87433 0.984252 -0.869753 0 -0.869753 0.984252 -2.00432 0.984252 7.01844 0 7.01844 0.984252 5.99656 0.984252 15.5668 0 15.5668 0.984252 14.6376 0.984252 24.3843 0 24.3843 0.984252 23.5246 0.984252 32.6038 0 32.6038 0.984252 31.7784 0.984252 39.204 0 39.204 0.984252 38.3777 0.984252 43.6635 0 43.6635 0.984252 42.8108 0.984252 44.6201 0.312899 45.4398 0.07822477 45.7567 1.15182 45.4398 0.07822477 46.3346 0 45.7567 1.15182 45.7567 1.15182 46.3346 0 46.341 1.09195 46.3346 0 47.2573 0.0702427 46.341 1.09195 47.2573 0.0702427 48.0268 0.274585 47.3563 1.22605 48.0268 0.274585 48.7005 0.536398 48.1865 1.5645 48.7005 0.536398 49.2912 0.817369 48.1865 1.5645 48.0268 0.274585 48.1865 1.5645 47.3563 1.22605 49.2912 0.817369 49.2912 2.32439 48.7931 1.96999 49.2912 2.32439 49.1954 2.32439 48.7931 1.96999 47.2573 0.0702427 47.3563 1.22605 46.341 1.09195 43.8913 0.702427 44.6201 0.312899 45.2043 1.33142 42.765 1.94125 43.2695 1.24521 44.272 2.04342 43.2695 1.24521 43.8913 0.702427 44.7031 1.62915 44.272 2.04342 43.2695 1.24521 44.7031 1.62915 42.1536 3.78512 42.3883 2.79055 43.6271 3.23436 42.3883 2.79055 42.765 1.94125 43.9064 2.58381 43.6271 3.23436 42.3883 2.79055 43.9064 2.58381 42.1512 6.03448 42.0754 4.91699 43.4467 5.79023 42.0754 4.91699 42.1536 3.78512 43.4499 4.00782 42.7514 7.82886 42.3787 6.99872 43.8825 7.24298 42.3787 6.99872 42.1512 6.03448 43.6143 6.57088 43.8841 9.106801 43.2631 8.54406 44.6823 8.216791 43.2631 8.54406 42.7514 7.82886 44.2401 7.79055 44.6823 8.216791 43.2631 8.54406 44.2401 7.79055 45.4358 9.76932 44.6105 9.517881 45.7503 8.71169 44.6105 9.517881 43.8841 9.106801 45.1916 8.524901 47.251 9.782891 46.3538 9.853131 46.341 8.77395 46.3538 9.853131 45.4358 9.76932 46.341 8.77395 48.6558 9.364621 48.0268 9.60409 48.1226 8.320561 48.0268 9.60409 47.251 9.782891 47.3308 8.64623 49.2912 7.52235 49.2912 9.04853 48.7612 7.89272 49.2912 9.04853 48.6558 9.364621 48.1226 8.320561 48.7612 7.89272 49.2912 9.04853 48.1226 8.320561 48.7612 7.89272 49.189 7.52235 49.2912 7.52235 48.0268 9.60409 47.3308 8.64623 48.1226 8.320561 47.3308 8.64623 47.251 9.782891 46.341 8.77395 44.6105 9.517881 45.1916 8.524901 45.7503 8.71169 45.1916 8.524901 43.8841 9.106801 44.6823 8.216791 42.3787 6.99872 43.6143 6.57088 43.8825 7.24298 42.0754 4.91699 43.4499 4.00782 43.3908 4.91699 49.2912 0.817369 48.7931 1.96999 48.1865 1.5645 42.0754 4.91699 43.3908 4.91699 43.4467 5.79023 43.4499 4.00782 42.1536 3.78512 43.6271 3.23436 44.6201 0.312899 45.7567 1.15182 45.2043 1.33142 45.7503 8.71169 46.341 8.77395 45.4358 9.76932 43.8913 0.702427 45.2043 1.33142 44.7031 1.62915 44.272 2.04342 43.9064 2.58381 42.765 1.94125 43.8825 7.24298 44.2401 7.79055 42.7514 7.82886 -52.6501 0 -52.6501 0.984252 -54.2082 0.984252 -15.9595 0 -15.9595 0.984252 -25.9936 0.984252 50.7216 0 50.7216 0.984252 49.4444 0.984252 18.6132 0 18.6132 0.984252 15.8203 0.984252 55.2171 0 55.2171 0.984252 51.5837 0.984252 -51.9349 0 -51.9349 0.984252 -54.8659 0.984252 24.537 0 24.537 0.984252 19.8218 0.984252 13.3687 0 13.3687 0.984252 8.651491 0.984252 -8.14456 0 -8.14456 0.984252 -18.1787 0.984252 17.1461 0 17.1461 0.984252 14.3533 0.984252 57.4138 0 57.4138 0.984252 56.0792 0.984252 -63.825 1.2963 -63.825 0.172414 -59.5785 1.2963 -63.825 0.172414 -58.3142 0.172414 -59.5785 1.2963 -58.3142 0.172414 -58.3142 9.680721 -59.5785 1.2963 63.825 0 63.825 0.984252 58.3142 0.984252 1.2963 0 1.2963 0.984252 0.172414 0.984252 -59.5785 0 -59.5785 0.984252 -63.825 0.984252 9.680721 0 9.680721 0.984252 1.2963 0.984252 -58.3142 0 -58.3142 0.984252 -59.5785 0.984252 -0.172414 0 -0.172414 0.984252 -9.680721 0.984252 58.3142 0.172414 63.825 0.172414 59.5785 1.2963 63.825 0.172414 63.825 1.2963 59.5785 1.2963 59.5785 1.2963 59.5785 9.680721 58.3142 9.680721 -9.11239 9.680721 -9.11239 0.172414 -7.84802 8.365261 -9.11239 0.172414 -7.84802 0.172414 -7.84802 8.365261 -7.84802 8.365261 -5.37037 2.79055 -5.06386 4.38697 -5.37037 2.79055 -4.60409 2.79055 -5.06386 4.38697 -2.14559 0.172414 -0.96424 0.172414 -2.14559 8.365261 -0.96424 0.172414 -0.96424 9.680721 -2.14559 8.365261 -7.35632 9.680721 -9.11239 9.680721 -7.84802 8.365261 -2.14559 8.365261 -0.96424 9.680721 -2.68838 9.680721 -5.06386 4.38697 -7.35632 9.680721 -7.84802 8.365261 -2.14559 8.365261 -2.68838 9.680721 -5.06386 4.38697 9.11239 0 9.11239 0.984252 7.84802 0.984252 9.680721 0 9.680721 0.984252 0.172414 0.984252 -7.35632 0 -7.35632 0.984252 -9.11239 0.984252 -6.03803 0 -6.03803 0.984252 -11.8068 0.984252 7.7316 0 7.7316 0.984252 1.92931 0.984252 -0.96424 0 -0.96424 0.984252 -2.68838 0.984252 -0.172414 0 -0.172414 0.984252 -9.680721 0.984252 2.14559 0 2.14559 0.984252 0.96424 0.984252 8.365261 0 8.365261 0.984252 0.172414 0.984252 -0.695481 0 -0.695481 0.984252 -6.78823 0.984252 5.37037 0 5.37037 0.984252 4.60409 0.984252 10.8317 0 10.8317 0.984252 4.73115 0.984252 -0.172414 0 -0.172414 0.984252 -8.365261 0.984252 7.84802 8.365261 7.84802 0.172414 9.11239 0.172414 0.96424 9.680721 0.96424 0.172414 2.14559 8.365261 0.96424 0.172414 2.14559 0.172414 2.14559 8.365261 2.14559 8.365261 4.60409 2.79055 5.06386 4.38697 4.60409 2.79055 5.37037 2.79055 5.06386 4.38697 7.84802 8.365261 9.11239 0.172414 9.11239 9.680721 2.68838 9.680721 0.96424 9.680721 2.14559 8.365261 5.06386 4.38697 2.68838 9.680721 2.14559 8.365261 7.84802 8.365261 9.11239 9.680721 7.35632 9.680721 7.84802 8.365261 7.35632 9.680721 5.06386 4.38697 -11.0409 0 -11.0409 0.984252 -13.4291 0.984252 -0.172414 0 -0.172414 0.984252 -9.680721 0.984252 12.3052 0 12.3052 0.984252 11.0409 0.984252 8.59515 0 8.59515 0.984252 4.79566 0.984252 13.3525 0 13.3525 0.984252 12.3052 0.984252 -12.9805 0 -12.9805 0.984252 -13.7619 0.984252 3.71648 0 3.71648 0.984252 0.172414 0.984252 -13.3693 0 -13.3693 0.984252 -14.0628 0.984252 -12.3052 0 -12.3052 0.984252 -13.1673 0.984252 13.378 0 13.378 0.984252 12.3052 0.984252 14.5265 0 14.5265 0.984252 13.5969 0.984252 -14.4755 0 -14.4755 0.984252 -15.0295 0.984252 15.5694 0 15.5694 0.984252 14.7946 0.984252 -15.2028 0 -15.2028 0.984252 -15.6688 0.984252 15.9443 0 15.9443 0.984252 15.251 0.984252 -14.8742 0 -14.8742 0.984252 -15.3188 0.984252 -13.7225 0 -13.7225 0.984252 -14.1084 0.984252 -12.0562 0 -12.0562 0.984252 -12.4218 0.984252 15.6082 0 15.6082 0.984252 14.9243 0.984252 -8.397431 0 -8.397431 0.984252 -9.19949 0.984252 -5.31198 0 -5.31198 0.984252 -5.77369 0.984252 -12.5007 0 -12.5007 0.984252 -13.1652 0.984252 10.8908 0 10.8908 0.984252 10.1373 0.984252 6.29894 0 6.29894 0.984252 5.89901 0.984252 2.01438 0 2.01438 0.984252 1.62116 0.984252 -2.10748 0 -2.10748 0.984252 -2.52323 0.984252 -11.1451 0 -11.1451 0.984252 -11.7332 0.984252 -8.97874 0 -8.97874 0.984252 -9.536801 0.984252 -6.00872 0 -6.00872 0.984252 -6.63609 0.984252 -2.30394 0 -2.30394 0.984252 -2.92687 0.984252 14.3927 0 14.3927 0.984252 13.8399 0.984252 12.7011 0 12.7011 0.984252 12.126 0.984252 1.93144 0 1.93144 0.984252 1.27464 0.984252 10.7011 0 10.7011 0.984252 10.1085 0.984252 5.78132 0 5.78132 0.984252 5.04393 0.984252 8.33641 0 8.33641 0.984252 7.73125 0.984252 13.5864 0 13.5864 0.984252 12.59 0.984252 -18.2503 0 -18.2503 0.984252 -20.7024 0.984252 -0.172414 0 -0.172414 0.984252 -9.680721 0.984252 19.5147 0 19.5147 0.984252 18.2503 0.984252 8.59515 0 8.59515 0.984252 5.00639 0.984252 20.7663 0 20.7663 0.984252 19.5147 0.984252 -20.028 0 -20.028 0.984252 -21.4006 0.984252 3.95275 0 3.95275 0.984252 0.172414 0.984252 -21.0159 0 -21.0159 0.984252 -21.9976 0.984252 -19.5147 0 -19.5147 0.984252 -20.6258 0.984252 20.9579 0 20.9579 0.984252 19.5147 0.984252 14.8094 0 14.8094 0.984252 9.9746 0.984252 -22.0425 0 -22.0425 0.984252 -22.4708 0.984252 25.613 0 25.613 0.984252 23.9719 0.984252 -10.7366 0 -10.7366 0.984252 -16.0823 0.984252 22.6061 0 22.6061 0.984252 21.6828 0.984252 -20.8347 0 -20.8347 0.984252 -21.2549 0.984252 20.8775 0 20.8775 0.984252 19.9869 0.984252 -18.7311 0 -18.7311 0.984252 -19.29 0.984252 -15.6886 0 -15.6886 0.984252 -16.2656 0.984252 11.6498 0 11.6498 0.984252 11.2951 0.984252 5.69321 0 5.69321 0.984252 5.34579 0.984252 -0.111228 0 -0.111228 0.984252 -0.473982 0.984252 -12.0703 0 -12.0703 0.984252 -12.6472 0.984252 20.6714 0 20.6714 0.984252 19.7965 0.984252 17.4863 0 17.4863 0.984252 17.0473 0.984252 -7.05232 0 -7.05232 0.984252 -7.62432 0.984252 14.6099 0 14.6099 0.984252 14.1623 0.984252 -0.809432 0 -0.809432 0.984252 -1.41512 0.984252 10.3399 0 10.3399 0.984252 9.36973 0.984252 5.2051 0 5.2051 0.984252 4.5148 0.984252 -18.3568 0 -18.3568 0.984252 -18.7353 0.984252 -15.0484 0 -15.0484 0.984252 -15.4315 0.984252 -9.458881 0 -9.458881 0.984252 -10.3371 0.984252 -4.84037 0 -4.84037 0.984252 -5.23401 0.984252 17.5729 0 17.5729 0.984252 16.8981 0.984252 -26.3665 9.680721 -32.3116 9.680721 -27.6309 8.556831 -32.3116 9.680721 -32.3116 8.556831 -27.6309 8.556831 -32.3116 1.2963 -32.3116 0.172414 -27.6309 1.2963 -32.3116 0.172414 -26.3665 0.172414 -27.6309 1.2963 -26.3665 0.172414 -26.3665 9.680721 -27.6309 4.82759 -26.3665 9.680721 -27.6309 8.556831 -27.6309 5.95147 -27.6309 5.95147 -31.9923 5.95147 -31.9923 4.82759 -26.3665 9.680721 -27.6309 5.95147 -27.6309 4.82759 -27.6309 4.82759 -27.6309 1.2963 -26.3665 0.172414 -0.172414 0 -0.172414 0.984252 -9.680721 0.984252 32.3116 0 32.3116 0.984252 26.3665 0.984252 1.2963 0 1.2963 0.984252 0.172414 0.984252 -27.6309 0 -27.6309 0.984252 -32.3116 0.984252 4.82759 0 4.82759 0.984252 1.2963 0.984252 31.9923 0 31.9923 0.984252 27.6309 0.984252 5.95147 0 5.95147 0.984252 4.82759 0.984252 -27.6309 0 -27.6309 0.984252 -31.9923 0.984252 8.556831 0 8.556831 0.984252 5.95147 0.984252 32.3116 0 32.3116 0.984252 27.6309 0.984252 9.680721 0 9.680721 0.984252 8.556831 0.984252 -26.3665 0 -26.3665 0.984252 -32.3116 0.984252 26.3665 0.172414 32.3116 0.172414 27.6309 1.2963 32.3116 0.172414 32.3116 1.2963 27.6309 1.2963 32.3116 8.556831 32.3116 9.680721 27.6309 8.556831 32.3116 9.680721 26.3665 9.680721 27.6309 8.556831 26.3665 9.680721 26.3665 0.172414 27.6309 4.82759 26.3665 0.172414 27.6309 1.2963 27.6309 4.82759 27.6309 4.82759 31.9923 4.82759 31.9923 5.95147 27.6309 5.95147 27.6309 8.556831 26.3665 9.680721 27.6309 4.82759 31.9923 5.95147 27.6309 5.95147 -37.1496 0.05587476 -36.3538 0 -36.2644 1.09195 -36.3538 0 -35.3967 0.05348014 -36.2644 1.09195 -36.2644 1.09195 -35.3967 0.05348014 -35.5156 1.17257 -35.3967 0.05348014 -34.5945 0.213921 -35.5156 1.17257 -34.5945 0.213921 -33.2312 0.740741 -34.7382 1.41443 -35.5156 1.17257 -34.5945 0.213921 -34.7382 1.41443 -33.2312 0.740741 -33.2312 2.32439 -33.9879 1.80316 -33.2312 2.32439 -33.3206 2.32439 -33.9879 1.80316 -38.3485 0.494891 -37.8001 0.223499 -37.5479 1.338 -37.8001 0.223499 -37.1496 0.05587476 -37.1839 1.20131 -39.201 1.28033 -38.8378 0.862069 -37.848 1.52937 -38.8378 0.862069 -38.3485 0.494891 -37.848 1.52937 -39.6432 2.32759 -39.4732 1.78161 -38.2503 2.03624 -39.4732 1.78161 -39.201 1.28033 -38.2503 2.03624 -39.5865 3.69732 -39.6999 2.87995 -38.3142 3.19764 -39.6999 2.87995 -39.6432 2.32759 -38.3844 2.68199 -38.6606 4.90421 -39.2465 4.3742 -37.7395 3.91922 -39.2465 4.3742 -39.5865 3.69732 -38.1034 3.60792 -38.1034 3.60792 -39.5865 3.69732 -38.3142 3.19764 -36.8455 5.53321 -37.8097 5.28097 -37.2095 4.13793 -37.8097 5.28097 -38.6606 4.90421 -37.7395 3.91922 -35.8621 5.77905 -36.8455 5.53321 -35.4917 4.57216 -37.8097 5.28097 -37.7395 3.91922 -37.2095 4.13793 -39.6999 2.87995 -38.3844 2.68199 -38.3142 3.19764 -38.2503 2.03624 -39.201 1.28033 -37.848 1.52937 -37.8001 0.223499 -37.1839 1.20131 -37.5479 1.338 -33.2312 0.740741 -33.9879 1.80316 -34.7382 1.41443 -38.3844 2.68199 -39.6432 2.32759 -38.2503 2.03624 -37.1496 0.05587476 -36.2644 1.09195 -37.1839 1.20131 -39.3295 7.72669 -39.2337 7.72669 -38.7165 8.115421 -38.6965 9.500321 -39.3295 9.2401 -38.0715 8.451471 -39.3295 9.2401 -39.3295 7.72669 -38.7165 8.115421 -37.2773 9.81322 -38.0109 9.69349 -37.3451 8.683751 -38.0109 9.69349 -38.6965 9.500321 -38.0715 8.451471 -37.3451 8.683751 -38.0109 9.69349 -38.0715 8.451471 -35.8325 9.804241 -36.5006 9.853131 -36.5837 8.761171 -36.5006 9.853131 -37.2773 9.81322 -36.5837 8.761171 -34.6831 9.41311 -35.2267 9.65757 -35.787 8.65821 -35.2267 9.65757 -35.8325 9.804241 -35.787 8.65821 -33.8079 8.656411 -34.2018 9.07088 -35.1596 8.349301 -34.2018 9.07088 -34.6831 9.41311 -35.1596 8.349301 -33.3577 7.68738 -33.5265 8.19524 -34.7526 7.87277 -33.5265 8.19524 -33.8079 8.656411 -34.7526 7.87277 -33.3421 6.60999 -33.3014 7.13282 -34.6967 6.72254 -33.3014 7.13282 -33.3577 7.68738 -34.6169 7.26692 -33.6598 5.75591 -33.4642 6.15262 -34.9361 6.30268 -33.4642 6.15262 -33.3421 6.60999 -34.6967 6.72254 -34.2433 5.12612 -33.9208 5.41507 -34.9361 6.30268 -33.9208 5.41507 -33.6598 5.75591 -34.9361 6.30268 -35.4917 4.57216 -34.6105 4.89783 -35.8621 5.77905 -34.6105 4.89783 -34.2433 5.12612 -35.3273 5.99298 -36.4049 4.34866 -35.4917 4.57216 -36.8455 5.53321 -34.6105 4.89783 -35.3273 5.99298 -35.8621 5.77905 -33.4642 6.15262 -34.6967 6.72254 -34.9361 6.30268 -33.3014 7.13282 -34.6169 7.26692 -34.6967 6.72254 -34.6169 7.26692 -33.3577 7.68738 -34.7526 7.87277 -36.5837 8.761171 -37.2773 9.81322 -37.3451 8.683751 -39.3295 9.2401 -38.7165 8.115421 -38.0715 8.451471 -34.6831 9.41311 -35.787 8.65821 -35.1596 8.349301 -35.787 8.65821 -35.8325 9.804241 -36.5837 8.761171 -37.2095 4.13793 -36.4049 4.34866 -36.8455 5.53321 -38.3485 0.494891 -37.5479 1.338 -37.848 1.52937 -33.8079 8.656411 -35.1596 8.349301 -34.7526 7.87277 -39.2465 4.3742 -38.1034 3.60792 -37.7395 3.91922 36.2971 0 36.2971 0.984252 35.3386 0.984252 37.0623 0 37.0623 0.984252 36.2645 0.984252 36.6603 0 36.6603 0.984252 35.9885 0.984252 34.5892 0 34.5892 0.984252 33.9774 0.984252 31.5816 0 31.5816 0.984252 30.9698 0.984252 26.6686 0 26.6686 0.984252 26.1147 0.984252 20.4017 0 20.4017 0.984252 19.8313 0.984252 14.0091 0 14.0091 0.984252 13.4372 0.984252 6.91689 0 6.91689 0.984252 6.36163 0.984252 -1.77523 0 -1.77523 0.984252 -2.60042 0.984252 -13.709 0 -13.709 0.984252 -14.4665 0.984252 -25.38 0 -25.38 0.984252 -26.1701 0.984252 -32.4342 0 -32.4342 0.984252 -33.3648 0.984252 -34.2457 0 -34.2457 0.984252 -35.2424 0.984252 -33.3897 0 -33.3897 0.984252 -34.4034 0.984252 -30.5748 0 -30.5748 0.984252 -31.1508 0.984252 -23.4767 0 -23.4767 0.984252 -23.9756 0.984252 -11.3502 0 -11.3502 0.984252 -11.8335 0.984252 2.16796 0 2.16796 0.984252 1.61775 0.984252 15.2781 0 15.2781 0.984252 14.6572 0.984252 29.1856 0 29.1856 0.984252 28.5588 0.984252 35.9309 0 35.9309 0.984252 35.2316 0.984252 37.4049 0 37.4049 0.984252 36.6017 0.984252 36.2752 0 36.2752 0.984252 35.5098 0.984252 33.6883 0 33.6883 0.984252 32.9257 0.984252 30.5853 0 30.5853 0.984252 29.8581 0.984252 26.7216 0 26.7216 0.984252 26.0746 0.984252 39.3295 0 39.3295 0.984252 39.2337 0.984252 9.2401 0 9.2401 0.984252 7.72669 0.984252 -32.178 0 -32.178 0.984252 -32.8624 0.984252 -33.9581 0 -33.9581 0.984252 -34.6705 0.984252 -35.2096 0 -35.2096 0.984252 -35.9529 0.984252 -35.9469 0 -35.9469 0.984252 -36.7246 0.984252 -36.4525 0 -36.4525 0.984252 -37.1224 0.984252 -36.51 0 -36.51 0.984252 -37.1334 0.984252 -35.4925 0 -35.4925 0.984252 -36.0885 0.984252 -33.1304 0 -33.1304 0.984252 -33.721 0.984252 -29.565 0 -29.565 0.984252 -30.1368 0.984252 -24.4578 0 -24.4578 0.984252 -24.998 0.984252 -17.8174 0 -17.8174 0.984252 -18.3526 0.984252 -10.4584 0 -10.4584 0.984252 -11.0158 0.984252 -4.00178 0 -4.00178 0.984252 -4.52619 0.984252 2.68866 0 2.68866 0.984252 2.21526 0.984252 9.72009 0 9.72009 0.984252 9.2778 0.984252 16.3247 0 16.3247 0.984252 15.8954 0.984252 22.0822 0 22.0822 0.984252 21.6492 0.984252 26.8065 0 26.8065 0.984252 26.3742 0.984252 31.7061 0 31.7061 0.984252 30.7666 0.984252 34.3273 0 34.3273 0.984252 33.3872 0.984252 34.947 0 34.947 0.984252 34.1153 0.984252 33.391 0 33.391 0.984252 32.8176 0.984252 26.6121 0 26.6121 0.984252 26.1332 0.984252 14.6605 0 14.6605 0.984252 14.1993 0.984252 2.52354 0 2.52354 0.984252 2.00313 0.984252 -9.770991 0 -9.770991 0.984252 -10.4305 0.984252 -24.7273 0 -24.7273 0.984252 -25.3745 0.984252 -32.3789 0 -32.3789 0.984252 -32.7348 0.984252 -35.2324 0 -35.2324 0.984252 -35.6213 0.984252 -36.1396 0 -36.1396 0.984252 -37.0656 0.984252 -35.186 0 -35.186 0.984252 -35.9391 0.984252 -32.7501 0 -32.7501 0.984252 -33.5643 0.984252 -29.3487 0 -29.3487 0.984252 -30.1938 0.984252 -24.8285 0 -24.8285 0.984252 -25.6752 0.984252 -33.2312 0 -33.2312 0.984252 -33.3206 0.984252 -0.740741 0 -0.740741 0.984252 -2.32439 0.984252 32.192 0 32.192 0.984252 30.7304 0.984252 34.6988 0 34.6988 0.984252 33.8808 0.984252 34.5945 0.213921 35.3967 0.05348014 35.5156 1.17257 35.3967 0.05348014 36.3538 0 36.2644 1.09195 36.3538 0 37.1496 0.05587476 36.2644 1.09195 37.1496 0.05587476 37.8001 0.223499 37.1839 1.20131 37.8001 0.223499 38.3485 0.494891 37.5479 1.338 38.3485 0.494891 38.8378 0.862069 37.848 1.52937 37.5479 1.338 38.3485 0.494891 37.848 1.52937 38.8378 0.862069 39.201 1.28033 37.848 1.52937 39.201 1.28033 39.4732 1.78161 38.2503 2.03624 37.848 1.52937 39.201 1.28033 38.2503 2.03624 39.4732 1.78161 39.6432 2.32759 38.2503 2.03624 39.6432 2.32759 39.6999 2.87995 38.3844 2.68199 39.6999 2.87995 39.5865 3.69732 38.3142 3.19764 39.5865 3.69732 39.2465 4.3742 38.1034 3.60792 38.3142 3.19764 39.5865 3.69732 38.1034 3.60792 39.2465 4.3742 38.6606 4.90421 37.7395 3.91922 38.6606 4.90421 37.8097 5.28097 37.7395 3.91922 37.7395 3.91922 37.8097 5.28097 37.2095 4.13793 37.8097 5.28097 36.8455 5.53321 37.2095 4.13793 36.8455 5.53321 35.8621 5.77905 35.4917 4.57216 37.2095 4.13793 36.8455 5.53321 36.4049 4.34866 39.6432 2.32759 38.3844 2.68199 38.2503 2.03624 38.3844 2.68199 39.6999 2.87995 38.3142 3.19764 35.3967 0.05348014 36.2644 1.09195 35.5156 1.17257 37.1496 0.05587476 37.1839 1.20131 36.2644 1.09195 37.1839 1.20131 37.8001 0.223499 37.5479 1.338 33.2312 2.32439 33.2312 0.740741 33.9879 1.80316 33.2312 0.740741 34.5945 0.213921 34.7382 1.41443 33.9879 1.80316 33.2312 0.740741 34.7382 1.41443 33.9879 1.80316 33.3206 2.32439 33.2312 2.32439 35.8621 5.77905 35.3273 5.99298 34.6105 4.89783 35.5156 1.17257 34.7382 1.41443 34.5945 0.213921 38.7165 8.115421 39.2337 7.72669 39.3295 7.72669 39.3295 7.72669 39.3295 9.2401 38.7165 8.115421 39.3295 9.2401 38.6965 9.500321 38.0715 8.451471 38.7165 8.115421 39.3295 9.2401 38.0715 8.451471 38.6965 9.500321 38.0109 9.69349 38.0715 8.451471 38.0109 9.69349 37.2773 9.81322 37.3451 8.683751 37.2773 9.81322 36.5006 9.853131 36.5837 8.761171 36.5006 9.853131 35.8325 9.804241 36.5837 8.761171 35.8325 9.804241 35.2267 9.65757 35.787 8.65821 35.2267 9.65757 34.6831 9.41311 35.787 8.65821 34.6831 9.41311 34.2018 9.07088 35.1596 8.349301 34.2018 9.07088 33.8079 8.656411 35.1596 8.349301 33.8079 8.656411 33.5265 8.19524 34.7526 7.87277 33.5265 8.19524 33.3577 7.68738 34.7526 7.87277 33.3577 7.68738 33.3014 7.13282 34.6169 7.26692 33.3014 7.13282 33.3421 6.60999 34.6967 6.72254 33.3421 6.60999 33.4642 6.15262 34.6967 6.72254 33.4642 6.15262 33.6598 5.75591 34.9361 6.30268 34.6967 6.72254 33.4642 6.15262 34.9361 6.30268 33.6598 5.75591 33.9208 5.41507 34.9361 6.30268 33.9208 5.41507 34.2433 5.12612 34.9361 6.30268 34.2433 5.12612 34.6105 4.89783 35.3273 5.99298 34.6105 4.89783 35.4917 4.57216 35.8621 5.77905 35.4917 4.57216 36.4049 4.34866 36.8455 5.53321 33.3014 7.13282 34.6967 6.72254 34.6169 7.26692 35.787 8.65821 34.6831 9.41311 35.1596 8.349301 38.0109 9.69349 37.3451 8.683751 38.0715 8.451471 37.2773 9.81322 36.5837 8.761171 37.3451 8.683751 35.787 8.65821 36.5837 8.761171 35.8325 9.804241 34.7526 7.87277 35.1596 8.349301 33.8079 8.656411 34.6169 7.26692 34.7526 7.87277 33.3577 7.68738 35.3273 5.99298 34.9361 6.30268 34.2433 5.12612 -44.4357 0.05587476 -43.6398 0 -43.5504 1.09195 -43.6398 0 -42.6828 0.05348014 -43.5504 1.09195 -43.5504 1.09195 -42.6828 0.05348014 -42.8017 1.17257 -42.6828 0.05348014 -41.8806 0.213921 -42.8017 1.17257 -41.8806 0.213921 -40.5172 0.740741 -42.0243 1.41443 -42.8017 1.17257 -41.8806 0.213921 -42.0243 1.41443 -40.5172 0.740741 -40.5172 2.32439 -41.2739 1.80316 -40.5172 2.32439 -40.6066 2.32439 -41.2739 1.80316 -45.6346 0.494891 -45.0862 0.223499 -44.834 1.338 -45.0862 0.223499 -44.4357 0.05587476 -44.47 1.20131 -46.4871 1.28033 -46.1239 0.862069 -45.1341 1.52937 -46.1239 0.862069 -45.6346 0.494891 -45.1341 1.52937 -46.9293 2.32759 -46.7593 1.78161 -45.5364 2.03624 -46.7593 1.78161 -46.4871 1.28033 -45.5364 2.03624 -46.8726 3.69732 -46.986 2.87995 -45.6003 3.19764 -46.986 2.87995 -46.9293 2.32759 -45.6705 2.68199 -45.9467 4.90421 -46.5326 4.3742 -45.0255 3.91922 -46.5326 4.3742 -46.8726 3.69732 -45.3895 3.60792 -45.3895 3.60792 -46.8726 3.69732 -45.6003 3.19764 -44.1315 5.53321 -45.0958 5.28097 -44.4955 4.13793 -45.0958 5.28097 -45.9467 4.90421 -45.0255 3.91922 -43.1481 5.77905 -44.1315 5.53321 -42.7778 4.57216 -45.0958 5.28097 -45.0255 3.91922 -44.4955 4.13793 -46.986 2.87995 -45.6705 2.68199 -45.6003 3.19764 -45.5364 2.03624 -46.4871 1.28033 -45.1341 1.52937 -45.0862 0.223499 -44.47 1.20131 -44.834 1.338 -40.5172 0.740741 -41.2739 1.80316 -42.0243 1.41443 -45.6705 2.68199 -46.9293 2.32759 -45.5364 2.03624 -44.4357 0.05587476 -43.5504 1.09195 -44.47 1.20131 -46.6156 7.72669 -46.5198 7.72669 -46.0026 8.115421 -45.9826 9.500321 -46.6156 9.2401 -45.3576 8.451471 -46.6156 9.2401 -46.6156 7.72669 -46.0026 8.115421 -44.5634 9.81322 -45.2969 9.69349 -44.6312 8.683751 -45.2969 9.69349 -45.9826 9.500321 -45.3576 8.451471 -44.6312 8.683751 -45.2969 9.69349 -45.3576 8.451471 -43.1186 9.804241 -43.7867 9.853131 -43.8697 8.761171 -43.7867 9.853131 -44.5634 9.81322 -43.8697 8.761171 -41.9692 9.41311 -42.5128 9.65757 -43.0731 8.65821 -42.5128 9.65757 -43.1186 9.804241 -43.0731 8.65821 -41.0939 8.656411 -41.4879 9.07088 -42.4457 8.349301 -41.4879 9.07088 -41.9692 9.41311 -42.4457 8.349301 -40.6438 7.68738 -40.8126 8.19524 -42.0386 7.87277 -40.8126 8.19524 -41.0939 8.656411 -42.0386 7.87277 -40.6282 6.60999 -40.5875 7.13282 -41.9828 6.72254 -40.5875 7.13282 -40.6438 7.68738 -41.9029 7.26692 -40.9459 5.75591 -40.7503 6.15262 -42.2222 6.30268 -40.7503 6.15262 -40.6282 6.60999 -41.9828 6.72254 -41.5294 5.12612 -41.2069 5.41507 -42.2222 6.30268 -41.2069 5.41507 -40.9459 5.75591 -42.2222 6.30268 -42.7778 4.57216 -41.8966 4.89783 -43.1481 5.77905 -41.8966 4.89783 -41.5294 5.12612 -42.6133 5.99298 -43.6909 4.34866 -42.7778 4.57216 -44.1315 5.53321 -41.8966 4.89783 -42.6133 5.99298 -43.1481 5.77905 -40.7503 6.15262 -41.9828 6.72254 -42.2222 6.30268 -40.5875 7.13282 -41.9029 7.26692 -41.9828 6.72254 -41.9029 7.26692 -40.6438 7.68738 -42.0386 7.87277 -43.8697 8.761171 -44.5634 9.81322 -44.6312 8.683751 -46.6156 9.2401 -46.0026 8.115421 -45.3576 8.451471 -41.9692 9.41311 -43.0731 8.65821 -42.4457 8.349301 -43.0731 8.65821 -43.1186 9.804241 -43.8697 8.761171 -44.4955 4.13793 -43.6909 4.34866 -44.1315 5.53321 -45.6346 0.494891 -44.834 1.338 -45.1341 1.52937 -41.0939 8.656411 -42.4457 8.349301 -42.0386 7.87277 -46.5326 4.3742 -45.3895 3.60792 -45.0255 3.91922 43.5719 0 43.5719 0.984252 42.6133 0.984252 44.3305 0 44.3305 0.984252 43.5327 0.984252 43.7159 0 43.7159 0.984252 43.0441 0.984252 41.1193 0 41.1193 0.984252 40.5075 0.984252 37.4093 0 37.4093 0.984252 36.7976 0.984252 31.4457 0 31.4457 0.984252 30.8917 0.984252 23.8785 0 23.8785 0.984252 23.3081 0.984252 16.1754 0 16.1754 0.984252 15.6036 0.984252 7.66055 0 7.66055 0.984252 7.10528 0.984252 -2.77603 0 -2.77603 0.984252 -3.60122 0.984252 -16.9797 0 -16.9797 0.984252 -17.7372 0.984252 -30.7833 0 -30.7833 0.984252 -31.5733 0.984252 -39.0965 0 -39.0965 0.984252 -40.027 0.984252 -41.2946 0 -41.2946 0.984252 -42.2913 0.984252 -40.4582 0 -40.4582 0.984252 -41.4719 0.984252 -37.3398 0 -37.3398 0.984252 -37.9158 0.984252 -29.1888 0 -29.1888 0.984252 -29.6877 0.984252 -14.9599 0 -14.9599 0.984252 -15.4432 0.984252 1.11092 0 1.11092 0.984252 0.560716 0.984252 16.8705 0 16.8705 0.984252 16.2497 0.984252 33.9181 0 33.9181 0.984252 33.2914 0.984252 42.4676 0 42.4676 0.984252 41.7683 0.984252 44.6309 0 44.6309 0.984252 43.8276 0.984252 43.5239 0 43.5239 0.984252 42.7585 0.984252 40.6282 0 40.6282 0.984252 39.8656 0.984252 37.0469 0 37.0469 0.984252 36.3197 0.984252 32.5462 0 32.5462 0.984252 31.8991 0.984252 46.6156 0 46.6156 0.984252 46.5198 0.984252 9.2401 0 9.2401 0.984252 7.72669 0.984252 -38.9169 0 -38.9169 0.984252 -39.6012 0.984252 -40.9712 0 -40.9712 0.984252 -41.6836 0.984252 -42.4006 0 -42.4006 0.984252 -43.1438 0.984252 -43.2234 0 -43.2234 0.984252 -44.001 0.984252 -43.7192 0 -43.7192 0.984252 -44.3891 0.984252 -43.5916 0 -43.5916 0.984252 -44.2149 0.984252 -42.1375 0 -42.1375 0.984252 -42.7335 0.984252 -39.0685 0 -39.0685 0.984252 -39.6591 0.984252 -34.5845 0 -34.5845 0.984252 -35.1563 0.984252 -28.2526 0 -28.2526 0.984252 -28.7929 0.984252 -20.1157 0 -20.1157 0.984252 -20.6509 0.984252 -11.194 0 -11.194 0.984252 -11.7514 0.984252 -3.43618 0 -3.43618 0.984252 -3.96059 0.984252 4.56831 0 4.56831 0.984252 4.09491 0.984252 12.9417 0 12.9417 0.984252 12.4994 0.984252 20.7547 0 20.7547 0.984252 20.3254 0.984252 27.5085 0 27.5085 0.984252 27.0755 0.984252 32.9942 0 32.9942 0.984252 32.5618 0.984252 38.5404 0 38.5404 0.984252 37.6009 0.984252 41.4044 0 41.4044 0.984252 40.4643 0.984252 41.9954 0 41.9954 0.984252 41.1636 0.984252 40.1262 0 40.1262 0.984252 39.5528 0.984252 32.1493 0 32.1493 0.984252 31.6703 0.984252 17.9894 0 17.9894 0.984252 17.5282 0.984252 3.50699 0 3.50699 0.984252 2.98658 0.984252 -11.2524 0 -11.2524 0.984252 -11.912 0.984252 -29.257 0 -29.257 0.984252 -29.9041 0.984252 -38.5223 0 -38.5223 0.984252 -38.8783 0.984252 -42.0534 0 -42.0534 0.984252 -42.4422 0.984252 -43.3747 0 -43.3747 0.984252 -44.3007 0.984252 -42.4302 0 -42.4302 0.984252 -43.1833 0.984252 -39.7073 0 -39.7073 0.984252 -40.5215 0.984252 -35.8181 0 -35.8181 0.984252 -36.6632 0.984252 -30.5705 0 -30.5705 0.984252 -31.4173 0.984252 -40.5172 0 -40.5172 0.984252 -40.6066 0.984252 -0.740741 0 -0.740741 0.984252 -2.32439 0.984252 38.9883 0 38.9883 0.984252 37.5267 0.984252 41.8434 0 41.8434 0.984252 41.0253 0.984252 41.8806 0.213921 42.6828 0.05348014 42.8017 1.17257 42.6828 0.05348014 43.6398 0 43.5504 1.09195 43.6398 0 44.4357 0.05587476 43.5504 1.09195 44.4357 0.05587476 45.0862 0.223499 44.47 1.20131 45.0862 0.223499 45.6346 0.494891 44.834 1.338 45.6346 0.494891 46.1239 0.862069 45.1341 1.52937 44.834 1.338 45.6346 0.494891 45.1341 1.52937 46.1239 0.862069 46.4871 1.28033 45.1341 1.52937 46.4871 1.28033 46.7593 1.78161 45.5364 2.03624 45.1341 1.52937 46.4871 1.28033 45.5364 2.03624 46.7593 1.78161 46.9293 2.32759 45.5364 2.03624 46.9293 2.32759 46.986 2.87995 45.6705 2.68199 46.986 2.87995 46.8726 3.69732 45.6003 3.19764 46.8726 3.69732 46.5326 4.3742 45.3895 3.60792 45.6003 3.19764 46.8726 3.69732 45.3895 3.60792 46.5326 4.3742 45.9467 4.90421 45.0255 3.91922 45.9467 4.90421 45.0958 5.28097 45.0255 3.91922 45.0255 3.91922 45.0958 5.28097 44.4955 4.13793 45.0958 5.28097 44.1315 5.53321 44.4955 4.13793 44.1315 5.53321 43.1481 5.77905 42.7778 4.57216 44.4955 4.13793 44.1315 5.53321 43.6909 4.34866 46.9293 2.32759 45.6705 2.68199 45.5364 2.03624 45.6705 2.68199 46.986 2.87995 45.6003 3.19764 42.6828 0.05348014 43.5504 1.09195 42.8017 1.17257 44.4357 0.05587476 44.47 1.20131 43.5504 1.09195 44.47 1.20131 45.0862 0.223499 44.834 1.338 40.5172 2.32439 40.5172 0.740741 41.2739 1.80316 40.5172 0.740741 41.8806 0.213921 42.0243 1.41443 41.2739 1.80316 40.5172 0.740741 42.0243 1.41443 41.2739 1.80316 40.6066 2.32439 40.5172 2.32439 43.1481 5.77905 42.6133 5.99298 41.8966 4.89783 42.8017 1.17257 42.0243 1.41443 41.8806 0.213921 46.0026 8.115421 46.5198 7.72669 46.6156 7.72669 46.6156 7.72669 46.6156 9.2401 46.0026 8.115421 46.6156 9.2401 45.9826 9.500321 45.3576 8.451471 46.0026 8.115421 46.6156 9.2401 45.3576 8.451471 45.9826 9.500321 45.2969 9.69349 45.3576 8.451471 45.2969 9.69349 44.5634 9.81322 44.6312 8.683751 44.5634 9.81322 43.7867 9.853131 43.8697 8.761171 43.7867 9.853131 43.1186 9.804241 43.8697 8.761171 43.1186 9.804241 42.5128 9.65757 43.0731 8.65821 42.5128 9.65757 41.9692 9.41311 43.0731 8.65821 41.9692 9.41311 41.4879 9.07088 42.4457 8.349301 41.4879 9.07088 41.0939 8.656411 42.4457 8.349301 41.0939 8.656411 40.8126 8.19524 42.0386 7.87277 40.8126 8.19524 40.6438 7.68738 42.0386 7.87277 40.6438 7.68738 40.5875 7.13282 41.9029 7.26692 40.5875 7.13282 40.6282 6.60999 41.9828 6.72254 40.6282 6.60999 40.7503 6.15262 41.9828 6.72254 40.7503 6.15262 40.9459 5.75591 42.2222 6.30268 41.9828 6.72254 40.7503 6.15262 42.2222 6.30268 40.9459 5.75591 41.2069 5.41507 42.2222 6.30268 41.2069 5.41507 41.5294 5.12612 42.2222 6.30268 41.5294 5.12612 41.8966 4.89783 42.6133 5.99298 41.8966 4.89783 42.7778 4.57216 43.1481 5.77905 42.7778 4.57216 43.6909 4.34866 44.1315 5.53321 40.5875 7.13282 41.9828 6.72254 41.9029 7.26692 43.0731 8.65821 41.9692 9.41311 42.4457 8.349301 45.2969 9.69349 44.6312 8.683751 45.3576 8.451471 44.5634 9.81322 43.8697 8.761171 44.6312 8.683751 43.0731 8.65821 43.8697 8.761171 43.1186 9.804241 42.0386 7.87277 42.4457 8.349301 41.0939 8.656411 41.9029 7.26692 42.0386 7.87277 40.6438 7.68738 42.6133 5.99298 42.2222 6.30268 41.5294 5.12612 -51.5964 1.14304 -51.5964 0.172414 -50.3831 1.14304 -51.5964 0.172414 -47.9055 0.172414 -50.3831 1.14304 -47.9055 0.172414 -47.9055 1.14304 -49.1188 1.14304 -49.1188 8.71009 -47.9055 8.71009 -47.9055 9.680721 -49.1188 8.71009 -47.9055 9.680721 -51.5964 9.680721 -51.5964 9.680721 -51.5964 8.71009 -50.3831 8.71009 -49.1188 8.71009 -51.5964 9.680721 -50.3831 8.71009 -50.3831 1.14304 -47.9055 0.172414 -49.1188 1.14304 -49.1188 1.14304 -49.1188 8.71009 -50.3831 8.71009 51.5964 0 51.5964 0.984252 47.9055 0.984252 1.14304 0 1.14304 0.984252 0.172414 0.984252 -50.3831 0 -50.3831 0.984252 -51.5964 0.984252 8.71009 0 8.71009 0.984252 1.14304 0.984252 51.5964 0 51.5964 0.984252 50.3831 0.984252 9.680721 0 9.680721 0.984252 8.71009 0.984252 -47.9055 0 -47.9055 0.984252 -51.5964 0.984252 -8.71009 0 -8.71009 0.984252 -9.680721 0.984252 49.1188 0 49.1188 0.984252 47.9055 0.984252 -1.14304 0 -1.14304 0.984252 -8.71009 0.984252 -47.9055 0 -47.9055 0.984252 -49.1188 0.984252 -0.172414 0 -0.172414 0.984252 -1.14304 0.984252 47.9055 1.14304 47.9055 0.172414 49.1188 1.14304 47.9055 0.172414 51.5964 0.172414 49.1188 1.14304 51.5964 0.172414 51.5964 1.14304 50.3831 1.14304 50.3831 8.71009 51.5964 8.71009 51.5964 9.680721 50.3831 8.71009 51.5964 9.680721 49.1188 8.71009 51.5964 9.680721 47.9055 9.680721 49.1188 8.71009 47.9055 9.680721 47.9055 8.71009 49.1188 8.71009 49.1188 1.14304 51.5964 0.172414 50.3831 1.14304 50.3831 1.14304 50.3831 8.71009 49.1188 8.71009 -58.7548 9.680721 -60.0447 9.680721 -56.1239 1.78799 -60.0447 9.680721 -56.7752 0.172414 -56.1239 1.78799 -56.7752 0.172414 -55.4087 0.172414 -56.1239 1.78799 -55.4087 0.172414 -52.1392 9.680721 -56.1239 1.78799 28.6793 0 28.6793 0.984252 18.6246 0.984252 -58.7548 0 -58.7548 0.984252 -60.0447 0.984252 -19.4442 0 -19.4442 0.984252 -27.7638 0.984252 -7.73203 0 -7.73203 0.984252 -16.0517 0.984252 -52.1392 0 -52.1392 0.984252 -53.493 0.984252 17.8541 0 17.8541 0.984252 7.7994 0.984252 56.7752 0 56.7752 0.984252 55.4087 0.984252 55.4087 0.172414 56.7752 0.172414 56.1239 1.78799 56.7752 0.172414 60.0447 9.680721 56.1239 1.78799 60.0447 9.680721 58.7548 9.680721 56.1239 1.78799 56.1239 1.78799 53.493 9.680721 52.1392 9.680721 -60.9579 9.680721 -66.9029 9.680721 -62.2222 8.556831 -66.9029 9.680721 -66.9029 8.556831 -62.2222 8.556831 -66.9029 1.2963 -66.9029 0.172414 -62.2222 1.2963 -66.9029 0.172414 -60.9579 0.172414 -62.2222 1.2963 -60.9579 0.172414 -60.9579 9.680721 -62.2222 4.82759 -60.9579 9.680721 -62.2222 8.556831 -62.2222 5.95147 -62.2222 5.95147 -66.5837 5.95147 -66.5837 4.82759 -60.9579 9.680721 -62.2222 5.95147 -62.2222 4.82759 -62.2222 4.82759 -62.2222 1.2963 -60.9579 0.172414 -0.172414 0 -0.172414 0.984252 -9.680721 0.984252 66.9029 0 66.9029 0.984252 60.9579 0.984252 1.2963 0 1.2963 0.984252 0.172414 0.984252 -62.2222 0 -62.2222 0.984252 -66.9029 0.984252 4.82759 0 4.82759 0.984252 1.2963 0.984252 66.5837 0 66.5837 0.984252 62.2222 0.984252 5.95147 0 5.95147 0.984252 4.82759 0.984252 -62.2222 0 -62.2222 0.984252 -66.5837 0.984252 8.556831 0 8.556831 0.984252 5.95147 0.984252 66.9029 0 66.9029 0.984252 62.2222 0.984252 9.680721 0 9.680721 0.984252 8.556831 0.984252 -60.9579 0 -60.9579 0.984252 -66.9029 0.984252 60.9579 0.172414 66.9029 0.172414 62.2222 1.2963 66.9029 0.172414 66.9029 1.2963 62.2222 1.2963 66.9029 8.556831 66.9029 9.680721 62.2222 8.556831 66.9029 9.680721 60.9579 9.680721 62.2222 8.556831 60.9579 9.680721 60.9579 0.172414 62.2222 4.82759 60.9579 0.172414 62.2222 1.2963 62.2222 4.82759 62.2222 4.82759 66.5837 4.82759 66.5837 5.95147 62.2222 5.95147 62.2222 8.556831 60.9579 9.680721 62.2222 4.82759 66.5837 5.95147 62.2222 5.95147 116.191 -255.97 116.191 -247.33 106.742 -247.33 -116.191 204.364 -106.742 204.364 -106.742 215.414 -106.742 215.414 -106.742 324.321 -116.191 324.321 -299.97 38.6209 -310.576 38.6209 -304.017 29.7274 106.742 322.994 106.742 209.12 116.191 322.994 106.742 209.12 106.742 203.024 116.191 203.024 296.353 33.7155 304.017 29.7274 367.556 130.27 304.017 29.7274 375.214 126.272 373.28 127.292 106.742 -270.798 106.742 -272.985 116.191 -272.985 -116.191 -272.377 -116.191 -274.565 -106.742 -274.565 -106.742 -272.377 -106.742 -265.925 -116.191 -265.925 116.191 -218.816 106.742 -218.816 106.742 -270.798 106.742 337.147 116.191 337.147 111.584 344.181 106.742 327.299 116.191 327.299 116.191 337.147 -373.28 127.292 -327.299 151.541 -337.147 151.541 -337.147 151.541 -344.181 151.541 -373.28 127.292 -344.181 151.541 -379.986 132.658 -373.28 127.292 -111.584 -233.748 -116.191 -274.228 -106.742 -274.228 -116.191 325.78 -116.191 325.774 -106.742 325.774 -106.742 325.774 -106.742 325.78 -116.191 325.786 -106.742 325.78 -106.742 325.786 -116.191 325.786 -116.191 325.786 -116.191 325.78 -106.742 325.774 -106.742 333.747 -116.191 333.747 -106.742 325.786 -116.191 325.061 -116.191 325.055 -106.742 325.055 -116.191 325.055 -116.191 325.049 -106.742 325.055 -116.191 325.049 -106.742 325.049 -106.742 325.055 375.221 126.282 373.28 127.292 375.214 126.272 -375.214 126.272 -373.28 127.292 -375.221 126.282 -373.28 127.292 -375.214 126.272 -310.576 38.6209 -310.576 38.6209 -299.97 38.6209 -367.556 130.27 -344.181 108.592 -449.307 108.592 -360.126 100.217 -449.307 108.592 -449.307 78.2712 -370.047 92.29821 -360.126 100.217 -449.307 108.592 -370.047 92.29821 -449.307 78.2712 -370.047 78.2712 -370.047 92.29821 -370.047 92.29821 -360.126 92.29821 -360.126 100.217 125.758 344.181 125.758 449.307 111.584 449.307 125.758 151.541 111.584 151.541 114.227 143.594 344.181 151.541 344.181 143.594 360.126 143.594 360.126 143.594 360.126 136.08 370.047 136.08 449.307 151.541 344.181 151.541 360.126 143.594 -125.758 360.126 -125.758 344.181 -114.227 344.181 125.758 143.594 114.227 143.594 116.725 136.08 -125.758 370.047 -125.758 360.126 -116.725 360.126</float_array>
          <technique_common>
            <accessor source="#Tòa_bò_sữa-mesh-map-0-array" count="18564" stride="2">
              <param name="S" type="float"/>
              <param name="T" type="float"/>
            </accessor>
          </technique_common>
        </source>
        <vertices id="Tòa_bò_sữa-mesh-vertices">
          <input semantic="POSITION" source="#Tòa_bò_sữa-mesh-positions"/>
        </vertices>
        <triangles material="Color_H03_003-material" count="45">
          <input semantic="VERTEX" source="#Tòa_bò_sữa-mesh-vertices" offset="0"/>
          <input semantic="NORMAL" source="#Tòa_bò_sữa-mesh-normals" offset="1"/>
          <input semantic="TEXCOORD" source="#Tòa_bò_sữa-mesh-map-0" offset="2" set="0"/>
          <p>1 0 0 3 0 1 0 0 2 0 1 3 5 1 4 1 1 5 3 2 6 4 2 7 0 2 8 2 3 9 6 3 10 3 3 11 1 4 12 7 4 13 2 4 14 4 5 15 7 5 16 5 5 17 962 223 1566 963 223 1567 967 223 1568 1062 249 1752 1058 249 1753 1057 249 1754 1 0 7701 2 0 7702 3 0 7703 0 1 7704 4 1 7705 5 1 7706 3 2 7707 6 2 7708 4 2 7709 2 3 7710 7 3 7711 6 3 7712 1 4 7713 5 4 7714 7 4 7715 4 5 7716 6 5 7717 7 5 7718 956 2592 10707 957 2592 10708 958 2592 10709 956 2593 10710 958 2593 10711 959 2593 10712 971 2 10713 956 2 10714 959 2 10715 971 2594 10716 959 2594 10717 960 2594 10718 970 2595 10719 971 2595 10720 960 2595 10721 970 2 10722 960 2 10723 955 2 10724 960 2 10725 961 2 10726 955 2 10727 166 2596 10728 165 2596 10729 969 2596 10730 969 2597 10731 970 2597 10732 166 2597 10733 970 2 10734 955 2 10735 166 2 10736 961 2 10737 962 2 10738 955 2 10739 967 2 10740 968 2 10741 962 2 10742 968 2 10743 955 2 10744 962 2 10745 965 2 10746 966 2 10747 963 2 10748 966 2598 10749 967 2598 10750 963 2598 10751 963 2 10752 964 2 10753 965 2 10754 1053 2 11031 1052 2 11032 963 2 11033 1052 2633 11034 964 2633 11035 963 2633 11036 963 2 11037 962 2 11038 1053 2 11039 962 2 11040 961 2 11041 1054 2 11042 961 2634 11043 960 2634 11044 1055 2634 11045 960 2 11046 959 2 11047 1062 2 11048 959 2635 11049 958 2635 11050 1061 2635 11051 1062 2636 11052 959 2636 11053 1061 2636 11054 958 2 11055 957 2 11056 1061 2 11057 1062 2637 11058 1059 2637 11059 1058 2637 11060 961 2638 11061 1055 2638 11062 1054 2638 11063 1054 2639 11064 1053 2639 11065 962 2639 11066 1057 2640 11067 1056 2640 11068 1062 2640 11069 1056 2641 11070 1055 2641 11071 960 2641 11072 1062 2642 11073 1056 2642 11074 960 2642 11075</p>
        </triangles>
        <triangles material="Color_K02_003-material" count="12">
          <input semantic="VERTEX" source="#Tòa_bò_sữa-mesh-vertices" offset="0"/>
          <input semantic="NORMAL" source="#Tòa_bò_sữa-mesh-normals" offset="1"/>
          <input semantic="TEXCOORD" source="#Tòa_bò_sữa-mesh-map-0" offset="2" set="0"/>
          <p>9 0 18 11 0 19 8 0 20 8 1 21 13 1 22 9 1 23 11 2 24 12 2 25 8 2 26 10 3 27 14 3 28 11 3 29 9 4 30 15 4 31 10 4 32 12 5 33 15 5 34 13 5 35 9 0 7719 10 0 7720 11 0 7721 8 1 7722 12 1 7723 13 1 7724 11 2 7725 14 2 7726 12 2 7727 10 3 7728 15 3 7729 14 3 7730 9 4 7731 13 4 7732 15 4 7733 12 5 7734 14 5 7735 15 5 7736</p>
        </triangles>
        <triangles material="Color_M02_003-material" count="76">
          <input semantic="VERTEX" source="#Tòa_bò_sữa-mesh-vertices" offset="0"/>
          <input semantic="NORMAL" source="#Tòa_bò_sữa-mesh-normals" offset="1"/>
          <input semantic="TEXCOORD" source="#Tòa_bò_sữa-mesh-map-0" offset="2" set="0"/>
          <p>17 4 36 19 4 37 16 4 38 16 0 39 21 0 40 17 0 41 16 3 42 27 3 43 29 3 44 39 5 45 19 5 46 18 5 47 51 1 48 53 1 49 17 1 50 20 2 51 40 2 52 21 2 53 40 5 54 37 5 55 41 5 56 37 2 57 42 2 58 41 2 59 42 5 60 35 5 61 43 5 62 34 2 63 43 2 64 35 2 65 44 5 66 33 5 67 45 5 68 32 2 69 45 2 70 33 2 71 46 5 72 31 5 73 47 5 74 48 2 75 31 2 76 30 2 77 48 5 78 29 5 79 49 5 80 29 2 81 50 2 82 49 2 83 50 5 84 27 5 85 51 5 86 51 2 87 26 2 88 52 2 89 52 5 90 25 5 91 53 5 92 53 2 93 24 2 94 54 2 95 54 5 96 23 5 97 55 5 98 55 2 99 22 2 100 39 2 101 17 4 7737 18 4 7738 19 4 7739 16 0 7740 20 0 7741 21 0 7742 38 3 7743 20 3 7744 37 3 7745 20 3 7746 16 3 7747 37 3 7748 16 3 7749 19 3 7750 23 3 7751 19 3 7752 22 3 7753 23 3 7754 23 3 7755 24 3 7756 25 3 7757 35 3 7758 36 3 7759 37 3 7760 33 3 7761 34 3 7762 35 3 7763 31 3 7764 32 3 7765 33 3 7766 29 3 7767 30 3 7768 31 3 7769 27 3 7770 28 3 7771 29 3 7772 25 3 7773 26 3 7774 27 3 7775 16 3 7776 23 3 7777 25 3 7778 35 3 7779 37 3 7780 29 3 7781 37 3 7782 16 3 7783 29 3 7784 31 3 7785 33 3 7786 35 3 7787 29 3 7788 31 3 7789 35 3 7790 16 3 7791 25 3 7792 27 3 7793 39 5 7794 22 5 7795 19 5 7796 18 1 7797 17 1 7798 55 1 7799 17 1 7800 21 1 7801 41 1 7802 21 1 7803 40 1 7804 41 1 7805 41 1 7806 42 1 7807 43 1 7808 43 1 7809 44 1 7810 45 1 7811 45 1 7812 46 1 7813 47 1 7814 47 1 7815 48 1 7816 49 1 7817 49 1 7818 50 1 7819 51 1 7820 51 1 7821 52 1 7822 53 1 7823 53 1 7824 54 1 7825 55 1 7826 55 1 7827 39 1 7828 18 1 7829 17 1 7830 41 1 7831 51 1 7832 41 1 7833 43 1 7834 49 1 7835 43 1 7836 45 1 7837 47 1 7838 49 1 7839 43 1 7840 47 1 7841 53 1 7842 55 1 7843 17 1 7844 41 1 7845 49 1 7846 51 1 7847 20 2 7848 38 2 7849 40 2 7850 40 5 7851 38 5 7852 37 5 7853 37 2 7854 36 2 7855 42 2 7856 42 5 7857 36 5 7858 35 5 7859 34 2 7860 44 2 7861 43 2 7862 44 5 7863 34 5 7864 33 5 7865 32 2 7866 46 2 7867 45 2 7868 46 5 7869 32 5 7870 31 5 7871 48 2 7872 47 2 7873 31 2 7874 48 5 7875 30 5 7876 29 5 7877 29 2 7878 28 2 7879 50 2 7880 50 5 7881 28 5 7882 27 5 7883 51 2 7884 27 2 7885 26 2 7886 52 5 7887 26 5 7888 25 5 7889 53 2 7890 25 2 7891 24 2 7892 54 5 7893 24 5 7894 23 5 7895 55 2 7896 23 2 7897 22 2 7898</p>
        </triangles>
        <triangles material="Color_G07_003-material" count="62">
          <input semantic="VERTEX" source="#Tòa_bò_sữa-mesh-vertices" offset="0"/>
          <input semantic="NORMAL" source="#Tòa_bò_sữa-mesh-normals" offset="1"/>
          <input semantic="TEXCOORD" source="#Tòa_bò_sữa-mesh-map-0" offset="2" set="0"/>
          <p>57 0 102 59 0 103 56 0 104 60 4 105 57 4 106 56 4 107 62 1 108 63 1 109 64 1 110 65 2 111 67 2 112 62 2 113 68 3 114 58 3 115 57 3 116 61 5 117 64 5 118 68 5 119 69 6 120 70 6 121 68 6 122 63 5 123 67 5 124 69 5 125 66 7 126 69 8 127 67 9 128 68 0 129 66 0 130 65 0 131 3103 2185 7608 3105 2185 7609 3100 2185 7610 3106 2 7611 3099 2 7612 3102 2 7613 3107 2186 7614 3106 2186 7615 3101 2186 7616 70 2191 7629 3110 2191 7630 3109 2191 7631 3117 2193 7644 3112 2193 7645 3110 2193 7646 3114 2194 7647 3117 2194 7648 3116 2194 7649 3118 2197 7656 3111 2197 7657 3112 2197 7658 3103 2204 7665 3108 2204 7666 3110 2204 7667 3126 2205 7668 3127 2205 7669 3114 2205 7670 3128 3 7677 3127 3 7678 3129 3 7679 3130 3 7686 3125 3 7687 3131 3 7688 3123 3 7692 3132 3 7693 3124 3 7694 57 0 7899 58 0 7900 59 0 7901 60 4 7902 61 4 7903 57 4 7904 60 1 7905 56 1 7906 64 1 7907 56 1 7908 59 1 7909 64 1 7910 59 2208 7911 62 2208 7912 64 2208 7913 62 2 7914 59 2 7915 65 2 7916 59 2 7917 58 2 7918 65 2 7919 65 2209 7920 66 2209 7921 67 2209 7922 57 3 7923 61 3 7924 68 3 7925 68 3 7926 65 3 7927 58 3 7928 61 5 7929 60 5 7930 64 5 7931 64 4 7932 63 4 7933 68 4 7934 63 4 7935 69 4 7936 68 4 7937 63 5 7938 62 5 7939 67 5 7940 66 2210 7941 70 2211 7942 69 2212 7943 68 0 7944 70 0 7945 66 0 7946 3100 4684 18438 3099 4684 18439 3103 4684 18440 3103 4685 18441 3104 4685 18442 3105 4685 18443 3106 2 18444 3103 2 18445 3099 2 18446 3108 4686 18447 3106 4686 18448 3107 4686 18449 3106 4687 18450 3102 4687 18451 3101 4687 18452 70 4691 18468 66 4691 18469 3110 4691 18470 3110 4693 18477 66 4693 18478 3115 4693 18479 3115 4694 18480 3116 4694 18481 3110 4694 18482 3116 4695 18483 3117 4695 18484 3110 4695 18485 3114 4696 18486 3118 4696 18487 3117 4696 18488 3120 4697 18489 3105 4697 18490 3104 4697 18491 3104 4698 18492 3119 4698 18493 3111 4698 18494 3119 4699 18495 3112 4699 18496 3111 4699 18497 3111 4700 18498 3120 4700 18499 3104 4700 18500 3117 4701 18501 3118 4701 18502 3112 4701 18503 3110 2 18519 3104 2 18520 3103 2 18521 3103 2 18522 3106 2 18523 3108 2 18524 3114 4717 18525 3121 4717 18526 3126 4717 18527 3121 4718 18528 3122 4718 18529 3124 4718 18530 3126 4719 18531 3121 4719 18532 3124 4719 18533 3122 4720 18534 3123 4720 18535 3124 4720 18536 3124 4721 18537 3125 4721 18538 3126 4721 18539 3128 3 18543 3114 3 18544 3127 3 18545 3130 3 18558 3126 3 18559 3125 3 18560</p>
        </triangles>
        <triangles material="Color_M09_003-material" count="733">
          <input semantic="VERTEX" source="#Tòa_bò_sữa-mesh-vertices" offset="0"/>
          <input semantic="NORMAL" source="#Tòa_bò_sữa-mesh-normals" offset="1"/>
          <input semantic="TEXCOORD" source="#Tòa_bò_sữa-mesh-map-0" offset="2" set="0"/>
          <p>88 10 132 80 10 133 81 10 134 168 2 159 180 2 160 181 2 161 189 2 168 188 2 169 201 2 170 152 12 174 151 12 175 220 12 176 257 2 195 258 2 196 233 2 197 538 2 432 540 2 433 539 2 434 536 45 435 540 45 436 538 45 437 535 46 438 540 46 439 536 46 440 541 2 441 540 2 442 535 2 443 542 47 444 540 47 445 541 47 446 543 48 447 540 49 448 542 50 449 543 51 450 544 51 451 540 51 452 543 52 453 545 52 454 544 52 455 546 53 456 545 53 457 543 53 458 546 54 459 547 54 460 545 54 461 548 55 462 547 55 463 546 55 464 548 56 465 549 56 466 547 56 467 549 57 468 548 57 469 550 57 470 228 82 663 581 82 664 579 82 665 620 91 711 651 91 712 652 91 713 687 101 756 686 101 757 450 101 758 687 2 759 621 2 760 686 2 761 688 102 762 621 102 763 687 102 764 689 103 765 621 103 766 688 103 767 690 2 768 621 2 769 689 2 770 691 2 771 621 2 772 690 2 773 691 2 774 692 2 775 621 2 776 693 104 777 692 104 778 691 104 779 694 105 780 692 105 781 693 105 782 695 106 783 692 106 784 694 106 785 696 107 786 692 107 787 695 107 788 696 2 789 697 2 790 692 2 791 697 2 792 696 2 793 698 2 794 710 109 798 700 109 799 699 109 800 711 2 801 700 2 802 710 2 803 711 2 804 701 2 805 700 2 806 712 2 807 701 2 808 711 2 809 713 110 810 701 110 811 712 110 812 713 111 813 702 111 814 701 111 815 713 112 816 703 112 817 702 112 818 714 113 819 703 113 820 713 113 821 714 114 822 704 114 823 703 114 824 714 2 825 705 2 826 704 2 827 714 115 828 706 115 829 705 115 830 714 116 831 707 116 832 706 116 833 715 2 834 707 2 835 714 2 836 715 117 837 698 117 838 707 117 839 715 2 840 697 2 841 698 2 842 715 118 843 716 118 844 697 118 845 717 2 846 716 2 847 715 2 848 717 2 849 718 2 850 716 2 851 719 2 852 718 2 853 717 2 854 719 2 855 720 2 856 718 2 857 721 119 858 720 119 859 719 119 860 721 2 861 722 2 862 720 2 863 723 2 864 722 2 865 721 2 866 722 2 867 723 2 868 724 2 869 710 2 879 699 2 880 725 2 881 725 121 882 699 121 883 709 121 884 725 122 885 709 122 886 708 122 887 725 2 888 708 2 889 687 2 890 687 2 891 450 2 892 725 2 893 725 2 894 450 2 895 534 2 896 725 2 897 534 2 898 726 2 899 726 2 900 534 2 901 727 2 902 727 123 903 534 123 904 537 123 905 727 124 906 537 124 907 540 124 908 540 125 909 537 125 910 539 125 911 143 188 1296 827 188 1297 828 188 1298 841 2 1317 839 2 1318 252 2 1319 852 2 1326 850 2 1327 849 2 1328 850 2 1329 852 2 1330 853 2 1331 869 193 1335 855 193 1336 854 193 1337 869 2 1338 856 2 1339 855 2 1340 850 2 1341 856 2 1342 869 2 1343 850 2 1344 853 2 1345 856 2 1346 888 2 1350 871 2 1351 870 2 1352 887 194 1353 871 194 1354 888 194 1355 864 195 1356 871 195 1357 887 195 1358 863 2 1359 871 2 1360 864 2 1361 863 2 1362 896 2 1363 871 2 1364 862 196 1365 896 196 1366 863 196 1367 862 197 1368 897 197 1369 896 197 1370 862 198 1371 898 198 1372 897 198 1373 861 2 1374 898 2 1375 862 2 1376 861 2 1377 899 2 1378 898 2 1379 861 2 1380 900 2 1381 899 2 1382 860 2 1383 900 2 1384 861 2 1385 860 199 1386 901 199 1387 900 199 1388 860 200 1389 139 200 1390 901 200 1391 859 201 1392 139 201 1393 860 201 1394 858 202 1395 139 202 1396 859 202 1397 857 2 1398 139 2 1399 858 2 1400 852 203 1401 139 203 1402 857 203 1403 139 204 1404 852 204 1405 849 204 1406 122 217 1521 923 217 1522 921 217 1523 931 219 1542 932 219 1543 933 219 1544 901 220 1545 139 220 1546 934 220 1547 935 221 1548 934 221 1549 139 221 1550 934 222 1551 935 222 1552 936 222 1553 936 2 1554 935 2 1555 937 2 1556 983 2 1572 973 2 1573 972 2 1574 973 225 1575 983 225 1576 984 225 1577 966 240 1677 1028 240 1678 1027 240 1679 966 2 1680 1029 2 1681 1028 2 1682 966 2 1683 1030 2 1684 1029 2 1685 966 241 1686 1031 241 1687 1030 241 1688 966 242 1689 1032 242 1690 1031 242 1691 966 243 1692 1033 243 1693 1032 243 1694 965 244 1695 1033 244 1696 966 244 1697 965 2 1698 1034 2 1699 1033 2 1700 964 245 1701 1034 245 1702 965 245 1703 1035 2 1704 1034 2 1705 964 2 1706 1036 2 1707 1034 2 1708 1035 2 1709 1036 2 1710 1037 2 1711 1034 2 1712 1038 246 1713 1037 246 1714 1036 246 1715 1038 2 1716 1039 2 1717 1037 2 1718 1040 247 1719 1039 247 1720 1038 247 1721 1040 2 1722 1041 2 1723 1039 2 1724 1042 2 1725 1041 2 1726 1040 2 1727 1043 2 1728 1041 2 1729 1042 2 1730 1043 2 1731 1044 2 1732 1041 2 1733 1045 2 1734 1044 2 1735 1043 2 1736 1045 2 1737 1046 2 1738 1044 2 1739 1045 2 1740 1047 2 1741 1046 2 1742 1047 2 1743 1045 2 1744 1048 2 1745 973 250 1755 984 250 1756 1050 250 1757 1050 2 1758 984 2 1759 1051 2 1760 1051 2 1761 984 2 1762 1007 2 1763 1051 2 1764 1007 2 1765 1006 2 1766 1051 251 1767 1006 251 1768 1005 251 1769 1051 252 1770 1005 252 1771 1048 252 1772 1048 253 1773 1005 253 1774 1004 253 1775 1048 254 1776 1004 254 1777 1003 254 1778 1048 255 1779 1003 255 1780 1063 255 1781 1002 256 1782 1063 256 1783 1003 256 1784 1001 2 1785 1063 2 1786 1002 2 1787 1001 2 1788 1064 2 1789 1063 2 1790 1000 257 1791 1064 257 1792 1001 257 1793 999 258 1794 1064 258 1795 1000 258 1796 998 259 1797 1064 259 1798 999 259 1799 998 2 1800 1065 2 1801 1064 2 1802 998 260 1803 1066 260 1804 1065 260 1805 997 261 1806 1066 261 1807 998 261 1808 997 2 1809 1067 2 1810 1066 2 1811 997 262 1812 1068 262 1813 1067 262 1814 996 2 1815 1068 2 1816 997 2 1817 996 263 1818 1069 263 1819 1068 263 1820 996 264 1821 990 264 1822 1069 264 1823 996 2 1824 991 2 1825 990 2 1826 995 2 1827 991 2 1828 996 2 1829 995 2 1830 992 2 1831 991 2 1832 994 2 1833 992 2 1834 995 2 1835 992 2 1836 994 2 1837 993 2 1838 990 2 1839 1070 2 1840 1069 2 1841 1070 2 1842 990 2 1843 989 2 1844 1070 265 1845 989 265 1846 1071 265 1847 1071 266 1848 989 266 1849 1072 266 1850 1072 2 1851 989 2 1852 988 2 1853 1072 267 1854 988 267 1855 1073 267 1856 1073 268 1857 988 268 1858 1074 268 1859 1074 269 1860 988 269 1861 987 269 1862 1074 270 1863 987 270 1864 1075 270 1865 1075 2 1866 987 2 1867 1076 2 1868 1076 2 1869 987 2 1870 986 2 1871 1076 2 1872 986 2 1873 1077 2 1874 1077 2 1875 986 2 1876 1078 2 1877 1078 2 1878 986 2 1879 1012 2 1880 1078 2 1881 1012 2 1882 1079 2 1883 1101 2 1956 1079 2 1957 1100 2 1958 1078 2 1959 1079 2 1960 1101 2 1961 1046 280 1962 1047 280 1963 1113 280 1964 1101 2 1965 1100 2 1966 1102 2 1967 1102 2 1968 1100 2 1969 1099 2 1970 1102 281 1971 1099 281 1972 1103 281 1973 1103 2 1974 1099 2 1975 1098 2 1976 1103 282 1977 1098 282 1978 1097 282 1979 1103 283 1980 1097 283 1981 1104 283 1982 1104 2 1983 1097 2 1984 1105 2 1985 1105 2 1986 1097 2 1987 1096 2 1988 1105 284 1989 1096 284 1990 1106 284 1991 1106 2 1992 1096 2 1993 1095 2 1994 1106 285 1995 1095 285 1996 1107 285 1997 1107 2 1998 1095 2 1999 1094 2 2000 1107 2 2001 1094 2 2002 1108 2 2003 1108 2 2004 1094 2 2005 1109 2 2006 1109 2 2007 1094 2 2008 1093 2 2009 1109 286 2010 1093 286 2011 1110 286 2012 1110 2 2013 1093 2 2014 1092 2 2015 1110 287 2016 1092 287 2017 1111 287 2018 1111 2 2019 1092 2 2020 1112 2 2021 1112 2 2022 1092 2 2023 1029 2 2024 1112 2 2025 1029 2 2026 1030 2 2027 1047 2 2028 1114 2 2029 1113 2 2030 1048 288 2031 1114 288 2032 1047 288 2033 1048 2 2034 1115 2 2035 1114 2 2036 1048 2 2037 1116 2 2038 1115 2 2039 1048 2 2040 1063 2 2041 1116 2 2042 1026 2 2055 1117 2 2056 1025 2 2057 1027 2 2058 1117 2 2059 1026 2 2060 1027 2 2061 1028 2 2062 1117 2 2063 901 325 2712 1270 325 2713 938 325 2714 1270 326 2715 901 326 2716 934 326 2717 941 2 2721 1272 2 2722 1271 2 2723 940 327 2724 1272 327 2725 941 327 2726 939 328 2727 1272 328 2728 940 328 2729 939 2 2730 1270 2 2731 1272 2 2732 938 2 2733 1270 2 2734 939 2 2735 941 2 2736 1271 2 2737 950 2 2738 1276 329 2739 950 329 2740 1271 329 2741 1276 2 2742 951 2 2743 950 2 2744 1275 330 2745 951 330 2746 1276 330 2747 1274 331 2748 951 331 2749 1275 331 2750 1273 332 2751 951 332 2752 1274 332 2753 1273 2 2754 937 2 2755 951 2 2756 936 333 2757 937 333 2758 1273 333 2759 941 334 2760 950 334 2761 949 334 2762 941 335 2763 949 335 2764 948 335 2765 941 336 2766 948 336 2767 942 336 2768 942 337 2769 948 337 2770 947 337 2771 942 338 2772 947 338 2773 946 338 2774 942 339 2775 946 339 2776 945 339 2777 942 2 2778 945 2 2779 944 2 2780 942 340 2781 944 340 2782 943 340 2783 887 2 2784 865 2 2785 864 2 2786 887 2 2787 866 2 2788 865 2 2789 887 2 2790 867 2 2791 866 2 2792 886 2 2793 867 2 2794 887 2 2795 886 2 2796 868 2 2797 867 2 2798 886 2 2799 854 2 2800 868 2 2801 869 2 2802 854 2 2803 886 2 2804 888 2 2805 870 2 2806 889 2 2807 889 2 2808 870 2 2809 890 2 2810 890 2 2811 870 2 2812 891 2 2813 891 2 2814 870 2 2815 895 2 2816 891 2 2817 895 2 2818 892 2 2819 892 2 2820 895 2 2821 894 2 2822 892 2 2823 894 2 2824 893 2 2825 266 341 2826 1277 341 2827 837 341 2828 265 342 2829 1277 342 2830 266 342 2831 265 343 2832 1278 343 2833 1277 343 2834 265 344 2835 1279 344 2836 1278 344 2837 1280 345 2838 1279 345 2839 265 345 2840 1280 2 2841 1281 2 2842 1279 2 2843 1282 2 2844 1281 2 2845 1280 2 2846 1282 2 2847 1283 2 2848 1281 2 2849 1284 346 2850 1283 346 2851 1282 346 2852 1284 2 2853 1285 2 2854 1283 2 2855 1284 347 2856 1286 347 2857 1285 347 2858 1287 2 2859 1286 2 2860 1284 2 2861 1287 2 2862 1288 2 2863 1286 2 2864 1289 348 2865 1288 348 2866 1287 348 2867 1289 2 2868 1290 2 2869 1288 2 2870 1289 2 2871 1291 2 2872 1290 2 2873 1292 349 2874 1291 349 2875 1289 349 2876 1292 350 2877 1293 350 2878 1291 350 2879 1292 2 2880 1294 2 2881 1293 2 2882 1295 2 2883 1294 2 2884 1292 2 2885 1295 2 2886 1296 2 2887 1294 2 2888 1295 351 2889 1297 351 2890 1296 351 2891 1297 2 2892 1295 2 2893 1298 2 2894 1311 2 2895 1312 2 2896 1292 2 2897 1300 352 2898 835 352 2899 1301 352 2900 1324 2 2901 1323 2 2902 834 2 2903 1332 353 2904 1293 353 2905 834 353 2906 1293 354 2907 1332 354 2908 1291 354 2909 1291 355 2910 1332 356 2911 1333 357 2912 1332 358 2916 834 358 2917 1334 358 2918 1334 2 2919 834 2 2920 1335 2 2921 1335 2 2922 834 2 2923 1336 2 2924 1336 359 2925 834 359 2926 833 359 2927 1336 360 2928 833 360 2929 1277 360 2930 1277 2 2931 833 2 2932 837 2 2933 269 361 2934 1319 361 2935 1318 361 2936 145 363 2949 144 363 2950 1337 363 2951 604 2 3579 603 2 3580 615 2 3581 1547 2 3927 1548 2 3928 170 2 3929 1577 2 3942 1575 2 3943 1586 2 3944 208 2 3945 207 2 3946 221 2 3947 1632 491 3966 1608 491 3967 1609 491 3968 71 2213 7947 72 2213 7948 73 2213 7949 71 2 7950 73 2 7951 74 2 7952 91 2 7953 71 2 7954 75 2 7955 71 2 7956 74 2 7957 75 2 7958 90 2 7959 91 2 7960 77 2 7961 91 2 7962 75 2 7963 76 2 7964 91 2 7965 76 2 7966 77 2 7967 89 2 7968 90 2 7969 79 2 7970 90 2214 7971 77 2214 7972 78 2214 7973 86 2 7974 87 2 7975 85 2 7976 87 2215 7977 88 2215 7978 85 2215 7979 88 2216 7980 89 2216 7981 80 2216 7982 90 2217 7983 78 2217 7984 79 2217 7985 83 2 7986 84 2 7987 85 2 7988 82 2 7989 83 2 7990 85 2 7991 85 2 7992 88 2 7993 81 2 7994 89 2218 7995 79 2218 7996 80 2218 7997 81 2 7998 82 2 7999 85 2 8000 154 2239 8253 172 2239 8254 173 2239 8255 154 2240 8256 173 2240 8257 174 2240 8258 198 2 8259 168 2 8260 183 2 8261 168 2 8262 154 2 8263 178 2 8264 177 2 8265 154 2 8266 176 2 8267 196 2241 8268 197 2241 8269 184 2241 8270 197 2242 8271 198 2242 8272 184 2242 8273 194 2 8274 195 2 8275 193 2 8276 195 2243 8277 196 2243 8278 188 2243 8279 192 2 8280 195 2 8281 191 2 8282 192 2 8283 193 2 8284 195 2 8285 190 2 8286 191 2 8287 195 2 8288 188 2244 8289 189 2244 8290 195 2244 8291 189 2245 8292 190 2245 8293 195 2245 8294 186 2 8295 187 2 8296 196 2 8297 187 2246 8298 188 2246 8299 196 2246 8300 184 2 8301 185 2 8302 196 2 8303 185 2 8304 186 2 8305 196 2 8306 154 2247 8307 174 2247 8308 175 2247 8309 154 2248 8310 175 2248 8311 176 2248 8312 154 2249 8313 177 2249 8314 178 2249 8315 183 2250 8316 184 2250 8317 198 2250 8318 182 2251 8319 183 2251 8320 168 2251 8321 168 2252 8322 178 2252 8323 179 2252 8324 168 2253 8325 179 2253 8326 180 2253 8327 181 2 8328 182 2 8329 168 2 8330 201 2264 8409 200 2264 8410 191 2264 8411 200 2265 8412 195 2265 8413 194 2265 8414 200 2266 8415 194 2266 8416 193 2266 8417 203 2 8418 202 2 8419 186 2 8420 202 2 8421 201 2 8422 187 2 8423 205 2267 8424 204 2267 8425 179 2267 8426 204 2 8427 203 2 8428 181 2 8429 181 2268 8430 203 2268 8431 182 2268 8432 172 2 8433 206 2 8434 173 2 8435 206 2269 8436 205 2269 8437 176 2269 8438 174 2 8439 206 2 8440 175 2 8441 174 2 8442 173 2 8443 206 2 8444 176 2 8445 175 2 8446 206 2 8447 178 2 8448 177 2 8449 205 2 8450 177 2 8451 176 2 8452 205 2 8453 180 2270 8454 179 2270 8455 204 2270 8456 179 2 8457 178 2 8458 205 2 8459 181 2271 8460 180 2271 8461 204 2271 8462 184 2 8463 183 2 8464 185 2 8465 183 2 8466 182 2 8467 203 2 8468 185 2 8469 183 2 8470 203 2 8471 202 2272 8472 187 2272 8473 186 2272 8474 200 2273 8475 193 2273 8476 192 2273 8477 200 2274 8478 192 2274 8479 191 2274 8480 186 2 8481 185 2 8482 203 2 8483 201 2275 8484 191 2275 8485 190 2275 8486 188 2 8487 187 2 8488 201 2 8489 201 2276 8490 190 2276 8491 189 2276 8492 233 2283 8583 232 2283 8584 256 2283 8585 232 2 8586 251 2 8587 255 2 8588 252 2284 8589 253 2284 8590 254 2284 8591 232 2285 8592 255 2285 8593 256 2285 8594 251 2286 8595 252 2286 8596 255 2286 8597 262 2 8598 263 2 8599 233 2 8600 261 2 8601 262 2 8602 233 2 8603 252 2287 8604 254 2287 8605 255 2287 8606 260 2 8607 261 2 8608 233 2 8609 259 2 8610 260 2 8611 233 2 8612 233 2288 8613 256 2288 8614 257 2288 8615 258 2 8616 259 2 8617 233 2 8618 228 2438 9591 231 2438 9592 592 2438 9593 228 2439 9594 592 2439 9595 590 2439 9596 571 2 9597 239 2 9598 228 2 9599 573 2 9600 571 2 9601 228 2 9602 228 2440 9603 590 2440 9604 587 2440 9605 228 2 9606 587 2 9607 585 2 9608 575 2 9609 573 2 9610 228 2 9611 577 2441 9612 575 2441 9613 228 2441 9614 228 2442 9615 585 2442 9616 583 2442 9617 228 2443 9618 583 2443 9619 581 2443 9620 579 2 9621 577 2 9622 228 2 9623 679 2 9702 454 2 9703 453 2 9704 679 2 9705 453 2 9706 678 2 9707 453 2 9708 622 2 9709 676 2 9710 678 2 9711 453 2 9712 677 2 9713 677 2457 9714 453 2457 9715 676 2457 9716 622 2458 9717 623 2458 9718 675 2458 9719 676 2 9720 622 2 9721 675 2 9722 623 2 9723 624 2 9724 674 2 9725 675 2 9726 623 2 9727 674 2 9728 624 2 9729 625 2 9730 674 2 9731 625 2 9732 626 2 9733 673 2 9734 674 2 9735 625 2 9736 673 2 9737 626 2 9738 627 2 9739 672 2 9740 673 2 9741 626 2 9742 672 2 9743 627 2 9744 628 2 9745 671 2 9746 672 2459 9747 627 2459 9748 671 2459 9749 628 2460 9750 629 2460 9751 670 2460 9752 671 2 9753 628 2 9754 670 2 9755 629 2 9756 630 2 9757 654 2 9758 670 2 9759 629 2 9760 655 2 9761 629 2461 9762 654 2461 9763 655 2461 9764 630 2 9765 631 2 9766 654 2 9767 667 2 9768 668 2 9769 656 2 9770 668 2 9771 669 2 9772 656 2 9773 669 2 9774 670 2 9775 655 2 9776 631 2 9777 632 2 9778 653 2 9779 654 2462 9780 631 2462 9781 653 2462 9782 666 2 9783 667 2 9784 657 2 9785 664 2 9786 665 2 9787 659 2 9788 665 2 9789 666 2 9790 658 2 9791 662 2 9792 663 2 9793 661 2 9794 663 2 9795 664 2 9796 660 2 9797 660 2 9798 661 2 9799 663 2 9800 658 2 9801 659 2 9802 665 2 9803 659 2 9804 660 2 9805 664 2 9806 656 2 9807 657 2 9808 667 2 9809 657 2 9810 658 2 9811 666 2 9812 632 2463 9813 633 2463 9814 620 2463 9815 633 2464 9816 634 2464 9817 620 2464 9818 634 2 9819 635 2 9820 620 2 9821 635 2465 9822 636 2465 9823 620 2465 9824 636 2 9825 637 2 9826 620 2 9827 637 2466 9828 638 2466 9829 644 2466 9830 638 2 9831 639 2 9832 643 2 9833 639 2 9834 640 2 9835 642 2 9836 640 2 9837 641 2 9838 642 2 9839 642 2467 9840 643 2467 9841 639 2467 9842 643 2 9843 644 2 9844 638 2 9845 644 2 9846 620 2 9847 637 2 9848 620 2468 9849 619 2468 9850 645 2468 9851 620 2469 9852 645 2469 9853 646 2469 9854 655 2470 9855 656 2470 9856 669 2470 9857 620 2471 9858 646 2471 9859 647 2471 9860 620 2472 9861 647 2472 9862 648 2472 9863 632 2 9864 620 2 9865 653 2 9866 620 2473 9867 648 2473 9868 649 2473 9869 620 2 9870 649 2 9871 650 2 9872 652 2 9873 653 2 9874 620 2 9875 620 2474 9876 650 2474 9877 651 2474 9878 142 2 10221 821 2 10222 822 2 10223 142 2 10224 822 2 10225 823 2 10226 818 2529 10227 143 2529 10228 832 2529 10229 143 2530 10230 142 2530 10231 826 2530 10232 826 2531 10233 142 2531 10234 825 2531 10235 832 2532 10236 819 2532 10237 818 2532 10238 831 2533 10239 832 2533 10240 143 2533 10241 142 2534 10242 823 2534 10243 824 2534 10244 142 2535 10245 824 2535 10246 825 2535 10247 830 2 10248 831 2 10249 143 2 10250 829 2 10251 830 2 10252 143 2 10253 143 2536 10254 826 2536 10255 827 2536 10256 828 2 10257 829 2 10258 143 2 10259 839 2540 10290 253 2540 10291 252 2540 10292 252 2 10293 251 2 10294 841 2 10295 251 2 10296 838 2 10297 841 2 10298 838 2541 10299 840 2541 10300 841 2541 10301 117 2 10464 116 2 10465 141 2 10466 117 2 10467 141 2 10468 118 2 10469 141 2 10470 924 2 10471 118 2 10472 118 2 10473 924 2 10474 119 2 10475 924 2 10476 926 2 10477 119 2 10478 119 2 10479 926 2 10480 120 2 10481 926 2566 10482 928 2566 10483 120 2566 10484 120 2567 10485 928 2567 10486 929 2567 10487 121 2 10488 120 2 10489 929 2 10490 121 2568 10491 929 2568 10492 927 2568 10493 73 2 10494 72 2 10495 918 2 10496 72 2 10497 122 2 10498 921 2 10499 918 2 10500 72 2 10501 921 2 10502 122 2 10503 121 2 10504 925 2 10505 121 2569 10506 927 2569 10507 925 2569 10508 74 2 10509 73 2 10510 918 2 10511 76 2570 10512 75 2570 10513 913 2570 10514 75 2 10515 74 2 10516 915 2 10517 913 2 10518 77 2 10519 76 2 10520 915 2 10521 913 2 10522 75 2 10523 915 2571 10524 74 2571 10525 918 2571 10526 122 2572 10527 925 2572 10528 923 2572 10529 902 2573 10530 903 2573 10531 933 2573 10532 903 2 10533 904 2 10534 914 2 10535 933 2574 10536 903 2574 10537 931 2574 10538 904 2 10539 905 2 10540 914 2 10541 905 2575 10542 906 2575 10543 914 2575 10544 906 2 10545 907 2 10546 912 2 10547 907 2576 10548 908 2576 10549 912 2576 10550 908 2577 10551 909 2577 10552 911 2577 10553 909 2578 10554 910 2578 10555 911 2578 10556 911 2579 10557 912 2579 10558 908 2579 10559 912 2580 10560 914 2580 10561 906 2580 10562 914 2581 10563 916 2581 10564 903 2581 10565 916 2 10566 917 2 10567 903 2 10568 917 2 10569 919 2 10570 903 2 10571 919 2 10572 920 2 10573 903 2 10574 920 2 10575 922 2 10576 903 2 10577 922 2 10578 930 2 10579 903 2 10580 930 2 10581 931 2 10582 903 2 10583 1068 2 11139 1069 2 11140 1070 2 11141 1070 2649 11142 1071 2649 11143 1077 2649 11144 1071 2 11145 1072 2 11146 1077 2 11147 1072 2650 11148 1073 2650 11149 1077 2650 11150 1073 2 11151 1074 2 11152 1077 2 11153 1074 2651 11154 1075 2651 11155 1077 2651 11156 1075 2 11157 1076 2 11158 1077 2 11159 1067 2652 11160 1068 2652 11161 1070 2652 11162 1065 2 11163 1066 2 11164 1077 2 11165 1066 2 11166 1067 2 11167 1077 2 11168 1064 2 11169 1065 2 11170 1077 2 11171 1067 2 11172 1070 2 11173 1077 2 11174 1077 2 11175 1078 2 11176 1064 2 11177 1064 2653 11178 1078 2653 11179 1101 2653 11180 1063 2654 11181 1064 2654 11182 1101 2654 11183 1063 2 11184 1101 2 11185 1116 2 11186 1101 2655 11187 1102 2655 11188 1116 2655 11189 1103 2 11190 1104 2 11191 1105 2 11192 1116 2 11193 1102 2 11194 1115 2 11195 1102 2 11196 1103 2 11197 1044 2 11198 1115 2656 11199 1102 2656 11200 1044 2656 11201 1103 2 11202 1105 2 11203 1041 2 11204 1105 2 11205 1106 2 11206 1041 2 11207 1106 2 11208 1107 2 11209 1041 2 11210 1107 2 11211 1108 2 11212 1039 2 11213 1108 2657 11214 1109 2657 11215 1039 2657 11216 1109 2 11217 1110 2 11218 1039 2 11219 1110 2 11220 1111 2 11221 1037 2 11222 1111 2658 11223 1112 2658 11224 1037 2658 11225 1112 2 11226 1030 2 11227 1034 2 11228 1030 2 11229 1031 2 11230 1034 2 11231 1031 2 11232 1032 2 11233 1033 2 11234 1031 2 11235 1033 2 11236 1034 2 11237 1037 2659 11238 1112 2659 11239 1034 2659 11240 1107 2 11241 1039 2 11242 1041 2 11243 1044 2 11244 1103 2 11245 1041 2 11246 1114 2 11247 1115 2 11248 1046 2 11249 1110 2 11250 1037 2 11251 1039 2 11252 1113 2 11253 1114 2 11254 1046 2 11255 1115 2 11256 1044 2 11257 1046 2 11258 1320 2 11595 284 2 11596 283 2 11597 283 2674 11598 1299 2674 11599 1300 2674 11600 1300 2 11601 1301 2 11602 1295 2 11603 1301 2 11604 1302 2 11605 1295 2 11606 1302 2 11607 1303 2 11608 1295 2 11609 1303 2 11610 1304 2 11611 1295 2 11612 1304 2675 11613 1305 2675 11614 1295 2675 11615 1305 2 11616 1306 2 11617 1295 2 11618 1306 2 11619 1307 2 11620 1298 2 11621 1307 2 11622 1308 2 11623 1298 2 11624 1308 2 11625 1309 2 11626 1298 2 11627 1309 2676 11628 1297 2676 11629 1298 2676 11630 1295 2 11631 1306 2 11632 1298 2 11633 1320 2677 11634 283 2677 11635 1295 2677 11636 283 2678 11637 1300 2678 11638 1295 2678 11639 1318 2679 11640 1319 2679 11641 1295 2679 11642 1319 2 11643 1320 2 11644 1295 2 11645 1316 2 11646 1317 2 11647 1292 2 11648 1317 2 11649 1318 2 11650 1295 2 11651 1292 2 11652 1317 2 11653 1295 2 11654 1314 2 11655 1315 2 11656 1292 2 11657 1315 2 11658 1316 2 11659 1292 2 11660 1312 2 11661 1313 2 11662 1292 2 11663 1313 2 11664 1314 2 11665 1292 2 11666 1310 2680 11667 1311 2680 11668 1292 2680 11669 283 2681 11670 282 2681 11671 1299 2681 11672 282 2682 11673 835 2682 11674 1300 2682 11675 1299 2683 11676 282 2683 11677 1300 2683 11678 835 2 11679 1321 2 11680 1301 2 11681 1321 2 11682 1322 2 11683 1302 2 11684 1301 2684 11685 1321 2684 11686 1302 2684 11687 1322 2 11688 1323 2 11689 1302 2 11690 1323 2 11691 1324 2 11692 1302 2 11693 1324 2 11694 1325 2 11695 1302 2 11696 1325 2 11697 1326 2 11698 1302 2 11699 1326 2 11700 1327 2 11701 1302 2 11702 1327 2685 11703 1328 2685 11704 1302 2685 11705 1328 2 11706 1329 2 11707 1302 2 11708 1329 2 11709 1330 2 11710 1303 2 11711 1302 2 11712 1329 2 11713 1303 2 11714 1330 2 11715 1331 2 11716 1303 2 11717 1331 2686 11718 1304 2686 11719 1303 2686 11720 1305 2 11721 1304 2 11722 1331 2 11723 1305 2 11724 1331 2 11725 1306 2 11726 1331 2 11727 1330 2 11728 1306 2 11729 1306 2 11730 1330 2 11731 1307 2 11732 1330 2 11733 1329 2 11734 1307 2 11735 1307 2 11736 1329 2 11737 1294 2 11738 1329 2 11739 1328 2 11740 1294 2 11741 1308 2 11742 1307 2 11743 1294 2 11744 1328 2 11745 1327 2 11746 1294 2 11747 1296 2 11748 1297 2 11749 1309 2 11750 1309 2 11751 1308 2 11752 1296 2 11753 1308 2687 11754 1294 2687 11755 1296 2687 11756 1327 2688 11757 1326 2688 11758 1293 2688 11759 1294 2689 11760 1327 2689 11761 1293 2689 11762 1293 2690 11763 1326 2690 11764 1325 2690 11765 1321 2691 11766 835 2691 11767 834 2691 11768 1322 2 11769 1321 2 11770 834 2 11771 834 2 11772 1293 2 11773 1325 2 11774 834 2692 11775 1325 2692 11776 1324 2692 11777 1323 2 11778 1322 2 11779 834 2 11780 1280 2694 11817 265 2694 11818 277 2694 11819 265 2695 11820 264 2695 11821 279 2695 11822 265 2696 11823 279 2696 11824 278 2696 11825 1282 2697 11826 1280 2697 11827 275 2697 11828 265 2698 11829 278 2698 11830 277 2698 11831 1284 2 11832 1282 2 11833 274 2 11834 1280 2699 11835 277 2699 11836 276 2699 11837 1280 2700 11838 276 2700 11839 275 2700 11840 1287 2 11841 1284 2 11842 272 2 11843 1282 2701 11844 275 2701 11845 274 2701 11846 1310 2702 11847 1292 2702 11848 1289 2702 11849 1289 2 11850 1287 2 11851 1313 2 11852 1284 2703 11853 274 2703 11854 273 2703 11855 1311 2 11856 1310 2 11857 1289 2 11858 1312 2 11859 1311 2 11860 1289 2 11861 1284 2704 11862 273 2704 11863 272 2704 11864 1313 2705 11865 1312 2705 11866 1289 2705 11867 1314 2 11868 1313 2 11869 1287 2 11870 1287 2 11871 272 2 11872 1314 2 11873 272 2706 11874 271 2706 11875 1315 2706 11876 1315 2707 11877 1314 2707 11878 272 2707 11879 1315 2 11880 271 2 11881 1316 2 11882 271 2 11883 270 2 11884 1317 2 11885 1316 2708 11886 271 2708 11887 1317 2708 11888 269 2709 11889 268 2709 11890 1319 2709 11891 268 2 11892 284 2 11893 1320 2 11894 270 2710 11895 269 2710 11896 1318 2710 11897 1317 2 11898 270 2 11899 1318 2 11900 268 2 11901 1320 2 11902 1319 2 11903 603 2 12426 602 2 12427 617 2 12428 602 2 12429 601 2 12430 618 2 12431 617 2 12432 602 2 12433 618 2 12434 617 2 12435 616 2 12436 603 2 12437 616 2 12438 615 2 12439 603 2 12440 615 2 12441 614 2 12442 604 2 12443 614 2 12444 613 2 12445 605 2 12446 604 2 12447 614 2 12448 605 2 12449 613 2776 12450 612 2776 12451 605 2776 12452 612 2 12453 611 2 12454 605 2 12455 611 2 12456 610 2 12457 605 2 12458 610 2 12459 609 2 12460 605 2 12461 609 2 12462 608 2 12463 605 2 12464 608 2 12465 607 2 12466 605 2 12467 170 2 12828 169 2 12829 1542 2 12830 169 2 12831 1541 2 12832 1542 2 12833 1552 2 12834 229 2 12835 170 2 12836 1551 2 12837 1552 2 12838 170 2 12839 170 2 12840 1542 2 12841 1543 2 12842 170 2828 12843 1543 2828 12844 1544 2828 12845 1550 2 12846 1551 2 12847 170 2 12848 1549 2 12849 1550 2 12850 170 2 12851 170 2829 12852 1544 2829 12853 1545 2829 12854 170 2 12855 1545 2 12856 1546 2 12857 1548 2 12858 1549 2 12859 170 2 12860 170 2830 12861 1546 2830 12862 1547 2830 12863 1541 2849 13053 1553 2849 13054 1599 2849 13055 1541 2850 13056 1599 2850 13057 1598 2850 13058 1543 2851 13059 1542 2851 13060 1592 2851 13061 1542 2 13062 1541 2 13063 1593 2 13064 1597 2 13065 1541 2 13066 1598 2 13067 1545 2852 13068 1544 2852 13069 1574 2852 13070 1544 2 13071 1543 2 13072 1590 2 13073 1545 2853 13074 1574 2853 13075 1573 2853 13076 1547 2 13077 1546 2 13078 1571 2 13079 1546 2854 13080 1545 2854 13081 1573 2854 13082 1547 2855 13083 1571 2855 13084 1570 2855 13085 1549 2856 13086 1548 2856 13087 1565 2856 13088 1548 2857 13089 1547 2857 13090 1568 2857 13091 1565 2 13092 1548 2 13093 1566 2 13094 1566 2 13095 1548 2 13096 1567 2 13097 1541 2858 13098 1597 2858 13099 1596 2858 13100 1541 2859 13101 1596 2859 13102 1595 2859 13103 1571 2 13104 1546 2 13105 1572 2 13106 1567 2 13107 1548 2 13108 1568 2 13109 1541 2860 13110 1595 2860 13111 1594 2860 13112 1541 2861 13113 1594 2861 13114 1593 2861 13115 1568 2 13116 1547 2 13117 1569 2 13118 1569 2862 13119 1547 2862 13120 1570 2862 13121 1542 2863 13122 1593 2863 13123 1592 2863 13124 1543 2864 13125 1592 2864 13126 1591 2864 13127 1572 2 13128 1546 2 13129 1573 2 13130 1543 2865 13131 1591 2865 13132 1590 2865 13133 1590 2 13134 1589 2 13135 1544 2 13136 1574 2 13137 1544 2 13138 1575 2 13139 1575 2 13140 1544 2 13141 1589 2 13142 1589 2 13143 1588 2 13144 1575 2 13145 1588 2 13146 1587 2 13147 1575 2 13148 1587 2 13149 1586 2 13150 1575 2 13151 1586 2 13152 1585 2 13153 1578 2 13154 1585 2 13155 1584 2 13156 1579 2 13157 1578 2 13158 1585 2 13159 1579 2 13160 1584 2 13161 1583 2 13162 1580 2 13163 1583 2 13164 1582 2 13165 1581 2 13166 1580 2 13167 1583 2 13168 1581 2 13169 1580 2 13170 1579 2 13171 1584 2 13172 1578 2 13173 1577 2 13174 1586 2 13175 1577 2 13176 1576 2 13177 1575 2 13178 221 2866 13179 225 2866 13180 219 2866 13181 219 2 13182 218 2 13183 221 2 13184 218 2 13185 217 2 13186 221 2 13187 217 2 13188 216 2 13189 221 2 13190 216 2 13191 215 2 13192 221 2 13193 215 2 13194 214 2 13195 221 2 13196 214 2 13197 213 2 13198 221 2 13199 213 2 13200 212 2 13201 221 2 13202 212 2 13203 211 2 13204 221 2 13205 211 2 13206 210 2 13207 221 2 13208 210 2 13209 209 2 13210 221 2 13211 209 2 13212 208 2 13213 221 2 13214 1633 2 13215 1602 2 13216 1607 2 13217 1602 2 13218 1601 2 13219 1606 2 13220 1601 2 13221 1600 2 13222 1605 2 13223 1600 2867 13224 1603 2867 13225 1604 2867 13226 1600 2868 13227 1604 2868 13228 1605 2868 13229 1632 2 13230 1633 2 13231 1608 2 13232 1602 2869 13233 1606 2869 13234 1607 2869 13235 1630 2870 13236 1631 2870 13237 1610 2870 13238 1631 2 13239 1632 2 13240 1609 2 13241 1610 2871 13242 1631 2871 13243 1609 2871 13244 1628 2872 13245 1629 2872 13246 1612 2872 13247 1629 2873 13248 1630 2873 13249 1611 2873 13250 1626 2874 13251 1627 2874 13252 1619 2874 13253 1627 2 13254 1628 2 13255 1614 2 13256 1616 2 13257 1627 2 13258 1615 2 13259 1624 2 13260 1625 2 13261 1626 2 13262 1622 2 13263 1623 2 13264 1626 2 13265 1623 2 13266 1624 2 13267 1626 2 13268 1620 2 13269 1621 2 13270 1626 2 13271 1621 2 13272 1622 2 13273 1626 2 13274 1618 2 13275 1619 2 13276 1627 2 13277 1619 2 13278 1620 2 13279 1626 2 13280 1616 2 13281 1617 2 13282 1627 2 13283 1617 2 13284 1618 2 13285 1627 2 13286 1614 2 13287 1615 2 13288 1627 2 13289 1613 2 13290 1614 2 13291 1628 2 13292 1629 2 13293 1611 2 13294 1612 2 13295 1611 2875 13296 1630 2875 13297 1610 2875 13298 1601 2 13299 1605 2 13300 1606 2 13301 1633 2876 13302 1607 2876 13303 1608 2876 13304 1612 2877 13305 1613 2877 13306 1628 2877 13307</p>
        </triangles>
        <triangles material="Color_H06_003-material" count="399">
          <input semantic="VERTEX" source="#Tòa_bò_sữa-mesh-vertices" offset="0"/>
          <input semantic="NORMAL" source="#Tòa_bò_sữa-mesh-normals" offset="1"/>
          <input semantic="TEXCOORD" source="#Tòa_bò_sữa-mesh-map-0" offset="2" set="0"/>
          <p>101 11 135 102 11 136 122 11 137 206 2 162 172 2 163 153 2 164 314 2 207 298 2 208 313 2 209 297 20 219 367 20 220 368 20 221 352 2 249 351 2 250 379 2 251 344 2 252 397 2 253 398 2 254 243 33 348 463 33 349 464 33 350 476 2 354 478 2 355 489 2 356 603 2 702 599 2 703 602 2 704 613 89 705 614 89 706 148 89 707 873 2 1557 896 2 1558 874 2 1559 797 2 3144 798 2 3145 817 2 3146 1437 405 3312 1434 405 3313 1395 405 3314 302 419 3411 301 419 3412 1471 419 3413 565 437 3600 1482 437 3601 1483 437 3602 1531 2 3855 429 2 3856 1530 2 3857 1558 487 3936 1559 487 3937 227 487 3938 89 2 8001 88 2 8002 93 2 8003 88 2219 8004 92 2219 8005 93 2219 8006 91 2 8007 90 2 8008 97 2 8009 90 2 8010 89 2 8011 95 2 8012 97 2 8013 90 2 8014 96 2 8015 72 2 8016 71 2 8017 99 2 8018 71 2 8019 91 2 8020 98 2 8021 98 2 8022 91 2 8023 97 2 8024 121 2 8025 122 2 8026 102 2 8027 122 2 8028 72 2 8029 101 2 8030 100 2220 8031 72 2220 8032 99 2220 8033 119 2 8034 120 2 8035 104 2 8036 120 2221 8037 121 2221 8038 103 2221 8039 103 2222 8040 121 2222 8041 102 2222 8042 117 2 8043 118 2 8044 107 2 8045 118 2 8046 119 2 8047 105 2 8048 107 2 8049 118 2 8050 106 2 8051 115 2 8052 116 2 8053 117 2 8054 113 2223 8055 114 2223 8056 117 2223 8057 114 2 8058 115 2 8059 117 2 8060 111 2224 8061 112 2224 8062 110 2224 8063 112 2 8064 113 2 8065 110 2 8066 109 2 8067 110 2 8068 113 2 8069 107 2 8070 108 2 8071 117 2 8072 108 2 8073 109 2 8074 117 2 8075 105 2225 8076 106 2225 8077 118 2225 8078 104 2 8079 105 2 8080 119 2 8081 117 2226 8082 109 2226 8083 113 2226 8084 72 2227 8085 100 2227 8086 101 2227 8087 89 2228 8088 93 2228 8089 94 2228 8090 89 2229 8091 94 2229 8092 95 2229 8093 103 2 8094 104 2 8095 120 2 8096 95 2 8097 96 2 8098 90 2 8099 71 2230 8100 98 2230 8101 99 2230 8102 199 2 8331 195 2 8332 200 2 8333 219 2254 8334 168 2254 8335 198 2254 8336 218 2255 8337 219 2255 8338 196 2255 8339 219 2256 8340 198 2256 8341 197 2256 8342 219 2 8343 197 2 8344 196 2 8345 217 2257 8346 218 2257 8347 196 2257 8348 216 2 8349 217 2 8350 200 2 8351 217 2258 8352 196 2258 8353 199 2258 8354 217 2259 8355 199 2259 8356 200 2259 8357 215 2 8358 216 2 8359 200 2 8360 214 2 8361 215 2 8362 201 2 8363 215 2260 8364 200 2260 8365 201 2260 8366 213 2 8367 214 2 8368 202 2 8369 214 2 8370 201 2 8371 202 2 8372 212 2261 8373 213 2261 8374 202 2261 8375 212 2 8376 202 2 8377 203 2 8378 211 2 8379 212 2 8380 203 2 8381 211 2 8382 203 2 8383 210 2 8384 203 2 8385 204 2 8386 210 2 8387 210 2 8388 204 2 8389 209 2 8390 204 2 8391 205 2 8392 153 2 8393 209 2262 8394 204 2262 8395 153 2262 8396 205 2 8397 206 2 8398 153 2 8399 209 2 8400 153 2 8401 208 2 8402 153 2263 8403 207 2263 8404 208 2263 8405 172 2 8406 154 2 8407 153 2 8408 285 2297 8688 286 2297 8689 287 2297 8690 330 2298 8691 285 2298 8692 287 2298 8693 329 2299 8694 330 2299 8695 287 2299 8696 329 2 8697 287 2 8698 288 2 8699 328 2300 8700 329 2300 8701 288 2300 8702 328 2 8703 288 2 8704 327 2 8705 288 2 8706 289 2 8707 326 2 8708 327 2 8709 288 2 8710 326 2 8711 325 2301 8712 326 2301 8713 289 2301 8714 324 2 8715 325 2 8716 289 2 8717 280 2302 8718 246 2302 8719 324 2302 8720 280 2 8721 324 2 8722 289 2 8723 280 2 8724 289 2 8725 290 2 8726 323 2303 8727 280 2303 8728 292 2303 8729 280 2 8730 290 2 8731 291 2 8732 280 2 8733 291 2 8734 292 2 8735 322 2304 8736 323 2304 8737 295 2304 8738 323 2 8739 292 2 8740 293 2 8741 321 2305 8742 322 2305 8743 295 2305 8744 323 2306 8745 293 2306 8746 295 2306 8747 293 2307 8748 294 2307 8749 295 2307 8750 320 2 8751 321 2 8752 296 2 8753 296 2308 8754 321 2308 8755 295 2308 8756 319 2 8757 320 2 8758 296 2 8759 319 2 8760 296 2 8761 318 2 8762 296 2309 8763 297 2309 8764 318 2309 8765 318 2 8766 297 2 8767 317 2 8768 297 2 8769 298 2 8770 314 2 8771 317 2310 8772 297 2310 8773 316 2310 8774 316 2311 8775 297 2311 8776 315 2311 8777 299 2312 8778 300 2312 8779 302 2312 8780 300 2313 8781 301 2313 8782 302 2313 8783 298 2 8784 299 2 8785 308 2 8786 315 2 8787 297 2 8788 314 2 8789 302 2314 8790 303 2314 8791 299 2314 8792 303 2 8793 304 2 8794 305 2 8795 306 2315 8796 303 2315 8797 305 2315 8798 306 2316 8799 307 2316 8800 299 2316 8801 307 2 8802 308 2 8803 299 2 8804 308 2 8805 309 2 8806 298 2 8807 309 2 8808 310 2 8809 298 2 8810 310 2317 8811 311 2317 8812 298 2317 8813 311 2318 8814 312 2318 8815 298 2318 8816 312 2 8817 313 2 8818 298 2 8819 306 2319 8820 299 2319 8821 303 2319 8822 296 2 8931 295 2 8932 362 2 8933 295 2332 8934 294 2332 8935 361 2332 8936 362 2333 8937 295 2333 8938 361 2333 8939 294 2 8940 359 2 8941 360 2 8942 360 2334 8943 361 2334 8944 294 2334 8945 362 2 8946 358 2 8947 296 2 8948 358 2335 8949 357 2335 8950 363 2335 8951 358 2336 8952 363 2336 8953 364 2336 8954 297 2 8955 296 2 8956 366 2 8957 299 2337 8958 298 2337 8959 375 2337 8960 298 2338 8961 297 2338 8962 369 2338 8963 369 2339 8964 297 2339 8965 368 2339 8966 376 2 8967 377 2 8968 300 2 8969 300 2340 8970 299 2340 8971 376 2340 8972 373 2341 8973 298 2341 8974 372 2341 8975 365 2 8976 296 2 8977 364 2 8978 358 2342 8979 364 2342 8980 296 2342 8981 298 2343 8982 373 2343 8983 374 2343 8984 296 2344 8985 365 2344 8986 366 2344 8987 375 2345 8988 376 2345 8989 299 2345 8990 374 2346 8991 375 2346 8992 298 2346 8993 371 2 8994 372 2 8995 370 2 8996 370 2347 8997 372 2347 8998 369 2347 8999 369 2 9000 372 2 9001 298 2 9002 297 2348 9003 366 2348 9004 367 2348 9005 348 2367 9108 347 2367 9109 389 2367 9110 389 2 9111 390 2 9112 348 2 9113 390 2 9114 391 2 9115 348 2 9116 348 2368 9117 391 2368 9118 392 2368 9119 392 2369 9120 393 2369 9121 348 2369 9122 348 2 9123 393 2 9124 349 2 9125 393 2370 9126 388 2370 9127 349 2370 9128 388 2 9129 381 2 9130 349 2 9131 381 2371 9132 386 2371 9133 350 2371 9134 350 2372 9135 349 2372 9136 381 2372 9137 385 2 9138 379 2 9139 351 2 9140 379 2373 9141 356 2373 9142 352 2373 9143 386 2374 9144 385 2374 9145 351 2374 9146 351 2375 9147 350 2375 9148 386 2375 9149 410 2376 9150 394 2376 9151 390 2376 9152 394 2377 9153 387 2377 9154 393 2377 9155 387 2 9156 388 2 9157 393 2 9158 394 2 9159 393 2 9160 392 2 9161 408 2378 9162 409 2378 9163 345 2378 9164 409 2 9165 410 2 9166 345 2 9167 345 2 9168 410 2 9169 346 2 9170 406 2379 9171 407 2379 9172 405 2379 9173 407 2 9174 408 2 9175 402 2 9176 405 2 9177 407 2 9178 404 2 9179 404 2 9180 407 2 9181 403 2 9182 394 2 9183 392 2 9184 391 2 9185 394 2 9186 391 2 9187 390 2 9188 403 2 9189 407 2 9190 402 2 9191 410 2380 9192 390 2380 9193 389 2380 9194 401 2 9195 402 2 9196 408 2 9197 410 2381 9198 389 2381 9199 346 2381 9200 408 2382 9201 400 2382 9202 401 2382 9203 389 2 9204 347 2 9205 346 2 9206 400 2 9207 408 2 9208 399 2 9209 408 2 9210 345 2 9211 399 2 9212 345 2383 9213 344 2383 9214 399 2383 9215 344 2384 9216 343 2384 9217 395 2384 9218 344 2385 9219 395 2385 9220 396 2385 9221 344 2386 9222 396 2386 9223 397 2386 9224 398 2 9225 399 2 9226 344 2 9227 438 2388 9231 439 2388 9232 440 2388 9233 438 2 9234 440 2 9235 455 2 9236 440 2 9237 441 2 9238 455 2 9239 467 2 9240 438 2 9241 437 2 9242 438 2 9243 455 2 9244 437 2 9245 441 2389 9246 442 2389 9247 454 2389 9248 455 2 9249 441 2 9250 454 2 9251 445 2 9252 446 2 9253 447 2 9254 445 2390 9255 447 2390 9256 453 2390 9257 447 2 9258 448 2 9259 452 2 9260 444 2391 9261 445 2391 9262 453 2391 9263 447 2 9264 452 2 9265 453 2 9266 449 2392 9267 450 2392 9268 451 2392 9269 448 2393 9270 449 2393 9271 451 2393 9272 452 2 9273 448 2 9274 451 2 9275 443 2394 9276 444 2394 9277 453 2394 9278 442 2 9279 443 2 9280 454 2 9281 443 2 9282 453 2 9283 454 2 9284 243 2395 9285 242 2395 9286 456 2395 9287 457 2 9288 458 2 9289 459 2 9290 243 2396 9291 456 2396 9292 461 2396 9293 456 2397 9294 457 2397 9295 460 2397 9296 466 2398 9297 467 2398 9298 437 2398 9299 456 2399 9300 460 2399 9301 461 2399 9302 457 2400 9303 459 2400 9304 460 2400 9305 465 2401 9306 466 2401 9307 437 2401 9308 464 2 9309 465 2 9310 437 2 9311 243 2402 9312 461 2402 9313 462 2402 9314 464 2403 9315 437 2403 9316 243 2403 9317 243 2404 9318 462 2404 9319 463 2404 9320 496 2412 9369 475 2412 9370 469 2412 9371 475 2 9372 476 2 9373 492 2 9374 469 2 9375 475 2 9376 492 2 9377 476 2 9378 477 2 9379 478 2 9380 478 2 9381 479 2 9382 489 2 9383 479 2 9384 480 2 9385 489 2 9386 480 2 9387 481 2 9388 489 2 9389 481 2 9390 482 2 9391 488 2 9392 489 2 9393 481 2 9394 488 2 9395 482 2 9396 483 2 9397 488 2 9398 483 2413 9399 484 2413 9400 488 2413 9401 484 2 9402 485 2 9403 488 2 9404 485 2 9405 486 2 9406 488 2 9407 486 2 9408 487 2 9409 488 2 9410 487 2414 9411 446 2414 9412 488 2414 9413 489 2 9414 490 2 9415 476 2 9416 490 2 9417 491 2 9418 476 2 9419 491 2 9420 492 2 9421 476 2 9422 469 2 9423 468 2 9424 495 2 9425 468 2415 9426 474 2415 9427 493 2415 9428 495 2 9429 468 2 9430 494 2 9431 474 2 9432 458 2 9433 493 2 9434 493 2 9435 494 2 9436 468 2 9437 495 2 9438 496 2 9439 469 2 9440 222 2445 9630 150 2445 9631 600 2445 9632 150 2446 9633 149 2446 9634 600 2446 9635 600 2 9636 601 2 9637 222 2 9638 601 2447 9639 602 2447 9640 222 2447 9641 605 2 9642 599 2 9643 604 2 9644 599 2 9645 222 2 9646 602 2 9647 604 2 9648 599 2 9649 603 2 9650 148 2 9651 606 2 9652 608 2 9653 606 2448 9654 607 2448 9655 608 2448 9656 600 2 9657 149 2 9658 618 2 9659 149 2 9660 148 2 9661 614 2 9662 615 2 9663 149 2 9664 614 2 9665 618 2449 9666 601 2449 9667 600 2449 9668 617 2 9669 618 2 9670 149 2 9671 148 2 9672 608 2 9673 609 2 9674 148 2450 9675 609 2450 9676 610 2450 9677 616 2451 9678 617 2451 9679 149 2451 9680 615 2 9681 616 2 9682 149 2 9683 148 2452 9684 610 2452 9685 611 2452 9686 148 2453 9687 611 2453 9688 612 2453 9689 148 2454 9690 612 2454 9691 613 2454 9692 138 2 10584 883 2 10585 882 2 10586 138 2 10587 882 2 10588 943 2 10589 882 2 10590 881 2 10591 942 2 10592 935 2 10593 139 2 10594 138 2 10595 937 2582 10596 935 2582 10597 138 2582 10598 882 2583 10599 942 2583 10600 943 2583 10601 881 2 10602 880 2 10603 942 2 10604 880 2584 10605 879 2584 10606 942 2584 10607 951 2 10608 937 2 10609 138 2 10610 950 2 10611 951 2 10612 138 2 10613 879 2 10614 878 2 10615 942 2 10616 878 2585 10617 877 2585 10618 940 2585 10619 942 2 10620 878 2 10621 941 2 10622 949 2 10623 950 2 10624 138 2 10625 948 2 10626 949 2 10627 138 2 10628 877 2 10629 876 2 10630 901 2 10631 941 2 10632 878 2 10633 940 2 10634 876 2 10635 875 2 10636 898 2 10637 947 2 10638 948 2 10639 138 2 10640 946 2 10641 947 2 10642 138 2 10643 945 2 10644 946 2 10645 138 2 10646 944 2 10647 945 2 10648 138 2 10649 943 2 10650 944 2 10651 138 2 10652 940 2 10653 877 2 10654 939 2 10655 877 2586 10656 938 2586 10657 939 2586 10658 901 2 10659 938 2 10660 877 2 10661 899 2 10662 900 2 10663 876 2 10664 900 2587 10665 901 2587 10666 876 2587 10667 897 2 10668 898 2 10669 875 2 10670 898 2 10671 899 2 10672 876 2 10673 897 2588 10674 875 2588 10675 874 2588 10676 871 2589 10677 896 2589 10678 872 2589 10679 896 2 10680 897 2 10681 874 2 10682 872 2590 10683 896 2590 10684 873 2590 10685 1376 2713 11955 1377 2713 11956 1378 2713 11957 1376 2714 11958 1378 2714 11959 1379 2714 11960 1394 2 11961 1395 2 11962 1376 2 11963 1393 2 11964 1394 2 11965 1371 2 11966 1394 2 11967 1376 2 11968 1373 2 11969 1376 2715 11970 1379 2715 11971 1380 2715 11972 1376 2716 11973 1380 2716 11974 1381 2716 11975 1394 2 11976 1373 2 11977 1371 2 11978 1376 2 11979 1381 2 11980 1375 2 11981 1373 2717 11982 1376 2717 11983 1375 2717 11984 1381 2 11985 1382 2 11986 1375 2 11987 1392 2 11988 1393 2 11989 1369 2 11990 1382 2 11991 1383 2 11992 1338 2 11993 1389 2718 11994 1390 2718 11995 1391 2718 11996 1391 2 11997 1392 2 11998 1389 2 11999 1393 2 12000 1371 2 12001 1369 2 12002 1383 2 12003 797 2 12004 817 2 12005 1369 2 12006 1389 2 12007 1392 2 12008 1338 2 12009 1375 2 12010 1382 2 12011 1383 2 12012 817 2 12013 1338 2 12014 816 2 12015 817 2 12016 798 2 12017 816 2719 12018 799 2719 12019 800 2719 12020 814 2720 12021 815 2720 12022 802 2720 12023 815 2 12024 816 2 12025 800 2 12026 1387 2721 12027 1388 2721 12028 804 2721 12029 1388 2722 12030 814 2722 12031 803 2722 12032 803 2 12033 814 2 12034 802 2 12035 1385 2723 12036 1386 2723 12037 806 2723 12038 1386 2 12039 1387 2 12040 806 2 12041 808 2724 12042 1384 2724 12043 1385 2724 12044 806 2 12045 807 2 12046 1385 2 12047 807 2 12048 808 2 12049 1385 2 12050 804 2725 12051 805 2725 12052 1387 2725 12053 805 2726 12054 806 2726 12055 1387 2726 12056 803 2727 12057 804 2727 12058 1388 2727 12059 801 2 12060 802 2 12061 815 2 12062 815 2 12063 800 2 12064 801 2 12065 799 2 12066 816 2 12067 798 2 12068 1434 2 12180 1430 2 12181 1432 2 12182 1432 2 12183 1433 2 12184 1434 2 12185 1433 2741 12186 1395 2741 12187 1434 2741 12188 1395 2742 12189 1435 2742 12190 1437 2742 12191 1435 2 12192 1436 2 12193 1437 2 12194 1364 2759 12306 1362 2759 12307 303 2759 12308 1362 2 12309 304 2 12310 303 2 12311 1369 2760 12312 1366 2760 12313 1389 2760 12314 1366 2761 12315 1364 2761 12316 303 2761 12317 1389 2762 12318 1366 2762 12319 303 2762 12320 1471 2763 12321 1390 2763 12322 303 2763 12323 1390 2 12324 1389 2 12325 303 2 12326 303 2764 12327 302 2764 12328 1471 2764 12329 1491 2777 12468 1477 2777 12469 1480 2777 12470 1477 2778 12471 1478 2778 12472 1479 2778 12473 1477 2 12474 1479 2 12475 1480 2 12476 1489 2 12477 1490 2 12478 563 2 12479 1490 2779 12480 1491 2779 12481 1482 2779 12482 563 2 12483 1490 2 12484 564 2 12485 561 2 12486 560 2 12487 1489 2 12488 563 2780 12489 562 2780 12490 1489 2780 12491 562 2 12492 561 2 12493 1489 2 12494 565 2 12495 564 2 12496 1482 2 12497 552 2 12498 551 2 12499 1476 2 12500 551 2 12501 565 2 12502 1483 2 12503 1476 2781 12504 551 2781 12505 1488 2781 12506 1488 2 12507 551 2 12508 1487 2 12509 1490 2782 12510 1482 2782 12511 564 2782 12512 1491 2783 12513 1480 2783 12514 1481 2783 12515 1487 2 12516 551 2 12517 1486 2 12518 1486 2784 12519 551 2784 12520 1485 2784 12521 1491 2785 12522 1481 2785 12523 1482 2785 12524 1485 2786 12525 551 2786 12526 1484 2786 12527 1484 2 12528 551 2 12529 1483 2 12530 1525 2810 12711 1526 2810 12712 417 2810 12713 1526 2 12714 1527 2 12715 417 2 12716 415 2 12717 413 2 12718 1534 2 12719 417 2 12720 415 2 12721 1525 2 12722 415 2 12723 1534 2 12724 1525 2 12725 419 2811 12726 417 2811 12727 1527 2811 12728 424 2812 12729 422 2812 12730 421 2812 12731 421 2813 12732 419 2813 12733 1529 2813 12734 419 2 12735 1527 2 12736 1528 2 12737 419 2814 12738 1528 2814 12739 1529 2814 12740 426 2815 12741 424 2815 12742 421 2815 12743 429 2 12744 428 2 12745 1530 2 12746 428 2 12747 426 2 12748 1530 2 12749 1533 2 12750 1524 2 12751 1532 2 12752 1524 2 12753 429 2 12754 1531 2 12755 1532 2 12756 1524 2 12757 1531 2 12758 426 2816 12759 421 2816 12760 1529 2816 12761 1530 2 12762 426 2 12763 1529 2 12764 229 2 12873 1552 2 12874 1555 2 12875 1552 2 12876 1551 2 12877 1554 2 12878 1552 2 12879 1554 2 12880 1555 2 12881 1564 2 12882 1553 2 12883 227 2 12884 1563 2832 12885 1564 2832 12886 227 2832 12887 229 2 12888 1555 2 12889 1556 2 12890 1562 2833 12891 1563 2833 12892 227 2833 12893 1561 2 12894 1562 2 12895 227 2 12896 227 2834 12897 229 2834 12898 1557 2834 12899 229 2835 12900 1556 2835 12901 1557 2835 12902 1560 2 12903 1561 2 12904 227 2 12905 1559 2 12906 1560 2 12907 227 2 12908 227 2836 12909 1557 2836 12910 1558 2836 12911</p>
        </triangles>
        <triangles material="Color_D06_003-material" count="324">
          <input semantic="VERTEX" source="#Tòa_bò_sữa-mesh-vertices" offset="0"/>
          <input semantic="NORMAL" source="#Tòa_bò_sữa-mesh-normals" offset="1"/>
          <input semantic="TEXCOORD" source="#Tòa_bò_sữa-mesh-map-0" offset="2" set="0"/>
          <p>130 2 138 131 2 139 135 2 140 240 69 579 560 69 580 561 69 581 688 108 795 708 108 796 701 108 797 554 120 870 721 120 871 719 120 872 760 2 1128 764 2 1129 759 2 1130 839 2 1320 841 2 1321 848 2 1322 852 192 1332 859 192 1333 860 192 1334 261 226 1578 995 226 1579 996 226 1580 1021 273 1890 1083 273 1891 1084 273 1892 821 2 2937 819 2 2938 823 2 2939 812 364 2952 146 364 2953 813 364 2954 1444 2 3333 1445 2 3334 1421 2 3335 1454 2 3372 1455 2 3373 1462 2 3374 1517 2 3645 1502 2 3646 1473 2 3647 1518 460 3744 576 460 3745 1492 460 3746 1582 2 3939 1561 2 3940 1581 2 3941 135 2 8103 123 2 8104 126 2 8105 123 2 8106 124 2 8107 125 2 8108 123 2231 8109 125 2231 8110 126 2231 8111 87 2232 8112 86 2232 8113 134 2232 8114 86 2233 8115 135 2233 8116 133 2233 8117 134 2 8118 86 2 8119 133 2 8120 92 2234 8121 88 2234 8122 87 2234 8123 134 2235 8124 92 2235 8125 87 2235 8126 135 2 8127 126 2 8128 127 2 8129 135 2 8130 127 2 8131 128 2 8132 135 2236 8133 128 2236 8134 129 2236 8135 132 2 8136 133 2 8137 135 2 8138 131 2 8139 132 2 8140 135 2 8141 135 2237 8142 129 2237 8143 130 2237 8144 240 2432 9558 239 2432 9559 555 2432 9560 240 2433 9561 555 2433 9562 556 2433 9563 565 2 9564 551 2 9565 240 2 9566 564 2 9567 565 2 9568 240 2 9569 240 2434 9570 556 2434 9571 557 2434 9572 240 2435 9573 557 2435 9574 558 2435 9575 563 2 9576 564 2 9577 240 2 9578 562 2 9579 563 2 9580 240 2 9581 240 2436 9582 558 2436 9583 559 2436 9584 240 2437 9585 559 2437 9586 560 2437 9587 561 2 9588 562 2 9589 240 2 9590 709 2 9879 699 2 9880 700 2 9881 701 2 9882 702 2 9883 688 2 9884 702 2 9885 703 2 9886 690 2 9887 709 2 9888 700 2 9889 708 2 9890 700 2 9891 701 2 9892 708 2 9893 688 2475 9894 687 2475 9895 708 2475 9896 702 2476 9897 690 2476 9898 688 2476 9899 703 2477 9900 704 2477 9901 693 2477 9902 690 2478 9903 703 2478 9904 691 2478 9905 704 2 9906 705 2 9907 694 2 9908 705 2479 9909 706 2479 9910 695 2479 9911 706 2 9912 707 2 9913 696 2 9914 707 2 9915 698 2 9916 696 2 9917 696 2480 9918 695 2480 9919 706 2480 9920 695 2 9921 694 2 9922 705 2 9923 694 2481 9924 693 2481 9925 704 2481 9926 693 2482 9927 691 2482 9928 703 2482 9929 690 2483 9930 689 2483 9931 688 2483 9932 554 2484 9933 692 2484 9934 697 2484 9935 554 2485 9936 697 2485 9937 716 2485 9938 547 2 9939 549 2 9940 710 2 9941 549 2 9942 554 2 9943 717 2 9944 715 2 9945 549 2 9946 717 2 9947 544 2486 9948 545 2486 9949 727 2486 9950 545 2 9951 547 2 9952 727 2 9953 727 2487 9954 540 2487 9955 544 2487 9956 725 2 9957 726 2 9958 547 2 9959 726 2 9960 727 2 9961 547 2 9962 711 2 9963 710 2 9964 549 2 9965 710 2 9966 725 2 9967 547 2 9968 713 2 9969 712 2 9970 549 2 9971 712 2488 9972 711 2488 9973 549 2488 9974 714 2489 9975 713 2489 9976 549 2489 9977 554 2490 9978 716 2490 9979 718 2490 9980 554 2491 9981 718 2491 9982 720 2491 9983 549 2492 9984 715 2492 9985 714 2492 9986 554 2493 9987 720 2493 9988 722 2493 9989 554 2494 9990 722 2494 9991 724 2494 9992 554 2495 9993 724 2495 9994 723 2495 9995 554 2 9996 723 2 9997 721 2 9998 719 2 9999 717 2 10000 554 2 10001 768 2 10083 758 2 10084 753 2 10085 758 2 10086 757 2 10087 754 2 10088 753 2 10089 758 2 10090 754 2 10091 757 2 10092 756 2 10093 755 2 10094 755 2 10095 754 2 10096 757 2 10097 753 2 10098 752 2 10099 767 2 10100 752 2 10101 751 2 10102 767 2 10103 751 2 10104 750 2 10105 765 2 10106 750 2 10107 749 2 10108 765 2 10109 751 2 10110 765 2 10111 767 2 10112 767 2 10113 768 2 10114 753 2 10115 765 2 10116 766 2 10117 767 2 10118 763 2505 10119 764 2505 10120 760 2505 10121 764 2506 10122 765 2506 10123 749 2506 10124 761 2 10125 762 2 10126 763 2 10127 760 2507 10128 761 2507 10129 763 2507 10130 764 2508 10131 749 2508 10132 759 2508 10133 841 2542 10302 840 2542 10303 847 2542 10304 840 2 10305 842 2 10306 844 2 10307 846 2 10308 840 2 10309 845 2 10310 842 2543 10311 843 2543 10312 844 2543 10313 844 2 10314 845 2 10315 840 2 10316 846 2544 10317 847 2544 10318 840 2544 10319 847 2545 10320 848 2545 10321 841 2545 10322 848 2546 10323 253 2546 10324 839 2546 10325 868 2 10335 854 2 10336 862 2 10337 854 2549 10338 855 2549 10339 862 2549 10340 855 2550 10341 856 2550 10342 862 2550 10343 856 2 10344 853 2 10345 861 2 10346 852 2551 10347 857 2551 10348 858 2551 10349 852 2552 10350 858 2552 10351 859 2552 10352 856 2553 10353 861 2553 10354 862 2553 10355 853 2 10356 852 2 10357 861 2 10358 861 2554 10359 852 2554 10360 860 2554 10361 867 2 10362 868 2 10363 862 2 10364 865 2 10365 866 2 10366 862 2 10367 866 2 10368 867 2 10369 862 2 10370 863 2 10371 864 2 10372 862 2 10373 864 2 10374 865 2 10375 862 2 10376 985 2 10803 986 2 10804 987 2 10805 985 2609 10806 987 2609 10807 988 2609 10808 1011 2 10809 985 2 10810 988 2 10811 1011 2610 10812 988 2610 10813 989 2610 10814 1010 2 10815 1011 2 10816 846 2 10817 1011 2 10818 989 2 10819 847 2 10820 1011 2 10821 847 2 10822 846 2 10823 989 2611 10824 990 2611 10825 847 2611 10826 1009 2612 10827 1010 2612 10828 846 2612 10829 990 2613 10830 991 2613 10831 257 2613 10832 847 2 10833 990 2 10834 256 2 10835 846 2614 10836 845 2614 10837 1008 2614 10838 846 2 10839 1008 2 10840 1009 2 10841 256 2 10842 990 2 10843 257 2 10844 254 2 10845 253 2 10846 848 2 10847 848 2615 10848 847 2615 10849 255 2615 10850 991 2 10851 992 2 10852 258 2 10853 257 2 10854 991 2 10855 258 2 10856 255 2 10857 254 2 10858 848 2 10859 256 2 10860 255 2 10861 847 2 10862 259 2 10863 258 2 10864 992 2 10865 259 2 10866 993 2 10867 260 2 10868 261 2 10869 260 2 10870 994 2 10871 994 2 10872 260 2 10873 993 2 10874 263 2 10875 262 2 10876 982 2 10877 262 2616 10878 261 2616 10879 996 2616 10880 982 2617 10881 262 2617 10882 996 2617 10883 983 2 10884 972 2 10885 982 2 10886 993 2618 10887 259 2618 10888 992 2618 10889 983 2 10890 982 2 10891 984 2 10892 1007 2 10893 982 2 10894 1006 2 10895 1007 2 10896 984 2 10897 982 2 10898 1005 2619 10899 1006 2619 10900 982 2619 10901 1003 2 10902 1004 2 10903 982 2 10904 1004 2 10905 1005 2 10906 982 2 10907 1001 2 10908 1002 2 10909 997 2 10910 1002 2 10911 1003 2 10912 982 2 10913 997 2 10914 1002 2 10915 982 2 10916 999 2 10917 1000 2 10918 997 2 10919 1000 2 10920 1001 2 10921 997 2 10922 997 2620 10923 998 2620 10924 999 2620 10925 996 2 10926 997 2 10927 982 2 10928 261 2621 10929 994 2621 10930 995 2621 10931 1086 2 11076 1087 2 11077 1018 2 11078 1087 2643 11079 1088 2643 11080 1018 2643 11081 1088 2 11082 1089 2 11083 1017 2 11084 1089 2 11085 1090 2 11086 1017 2 11087 1017 2 11088 1090 2 11089 1016 2 11090 1090 2 11091 1091 2 11092 1016 2 11093 1091 2 11094 1080 2 11095 1015 2 11096 1016 2644 11097 1091 2644 11098 1015 2644 11099 1080 2 11100 1013 2 11101 1014 2 11102 1014 2 11103 1015 2 11104 1080 2 11105 1017 2645 11106 1018 2645 11107 1088 2645 11108 1019 2 11109 1020 2 11110 1021 2 11111 1018 2646 11112 1019 2646 11113 1086 2646 11114 1019 2 11115 1021 2 11116 1085 2 11117 1021 2 11118 1022 2 11119 1082 2 11120 1022 2 11121 1023 2 11122 1024 2 11123 1022 2 11124 1024 2 11125 1081 2 11126 1085 2 11127 1086 2 11128 1019 2 11129 1021 2647 11130 1082 2647 11131 1083 2647 11132 1022 2648 11133 1081 2648 11134 1082 2648 11135 1084 2 11136 1085 2 11137 1021 2 11138 821 2 11904 820 2 11905 819 2 11906 819 2 11907 832 2 11908 831 2 11909 831 2 11910 830 2 11911 819 2 11912 830 2 11913 829 2 11914 819 2 11915 829 2 11916 828 2 11917 819 2 11918 828 2 11919 827 2 11920 819 2 11921 827 2 11922 826 2 11923 819 2 11924 826 2 11925 825 2 11926 819 2 11927 825 2711 11928 824 2711 11929 819 2711 11930 824 2 11931 823 2 11932 819 2 11933 823 2 11934 822 2 11935 821 2 11936 812 2 11946 147 2 11947 146 2 11948 1442 2 12195 1424 2 12196 1423 2 12197 1423 2 12198 1422 2 12199 1446 2 12200 1422 2 12201 1421 2 12202 1445 2 12203 1421 2 12204 1420 2 12205 1444 2 12206 1420 2 12207 1419 2 12208 1443 2 12209 1444 2743 12210 1420 2743 12211 1443 2743 12212 1419 2 12213 1418 2 12214 1441 2 12215 1418 2744 12216 1417 2744 12217 1441 2744 12218 1422 2745 12219 1445 2745 12220 1446 2745 12221 1446 2 12222 1442 2 12223 1423 2 12224 1419 2 12225 1441 2 12226 1443 2 12227 1456 2746 12228 1457 2746 12229 1458 2746 12230 1458 2747 12231 1459 2747 12232 1456 2747 12233 1459 2 12234 1460 2 12235 1456 2 12236 1460 2748 12237 1461 2748 12238 1455 2748 12239 1461 2749 12240 1462 2749 12241 1455 2749 12242 1462 2 12243 1463 2 12244 1454 2 12245 1463 2750 12246 1464 2750 12247 1454 2750 12248 1465 2751 12249 1447 2751 12250 1453 2751 12251 1447 2 12252 1448 2 12253 1453 2 12254 1464 2 12255 1465 2 12256 1453 2 12257 1455 2 12258 1456 2 12259 1460 2 12260 1464 2752 12261 1453 2752 12262 1454 2752 12263 1448 2 12264 1449 2 12265 1453 2 12266 1449 2 12267 1450 2 12268 1467 2 12269 1453 2753 12270 1449 2753 12271 1467 2753 12272 1450 2 12273 1451 2 12274 1466 2 12275 1451 2754 12276 1452 2754 12277 1466 2754 12278 1452 2755 12279 1440 2755 12280 1439 2755 12281 1439 2756 12282 1438 2756 12283 1452 2756 12284 1438 2 12285 1466 2 12286 1452 2 12287 1466 2757 12288 1467 2757 12289 1450 2757 12290 1467 2758 12291 1468 2758 12292 1470 2758 12293 1453 2 12294 1467 2 12295 1470 2 12296 1468 2 12297 1469 2 12298 1470 2 12299 1502 2 12531 596 2 12532 1473 2 12533 596 2 12534 597 2 12535 1472 2 12536 1472 2 12537 1473 2 12538 596 2 12539 1473 2 12540 1474 2 12541 1516 2 12542 1474 2787 12543 1475 2787 12544 1515 2787 12545 1516 2 12546 1474 2 12547 1515 2 12548 1475 2 12549 1503 2 12550 1515 2 12551 1503 2 12552 1504 2 12553 1515 2 12554 1504 2 12555 1505 2 12556 1514 2 12557 1505 2 12558 1506 2 12559 1514 2 12560 1506 2788 12561 1507 2788 12562 1514 2788 12563 1507 2789 12564 1508 2789 12565 1514 2789 12566 1508 2790 12567 1509 2790 12568 1514 2790 12569 1509 2 12570 1510 2 12571 1513 2 12572 1510 2 12573 1511 2 12574 1513 2 12575 1511 2791 12576 1512 2791 12577 1513 2791 12578 1513 2 12579 1514 2 12580 1509 2 12581 1514 2 12582 1515 2 12583 1504 2 12584 1516 2 12585 1517 2 12586 1473 2 12587 586 2792 12588 588 2792 12589 1497 2792 12590 588 2 12591 589 2 12592 1499 2 12593 589 2 12594 591 2 12595 594 2 12596 591 2793 12597 593 2793 12598 594 2793 12599 584 2 12600 586 2 12601 1497 2 12602 588 2794 12603 1499 2794 12604 1497 2794 12605 580 2795 12606 582 2795 12607 1493 2795 12608 582 2 12609 584 2 12610 1495 2 12611 1493 2 12612 582 2 12613 1495 2 12614 576 2 12615 578 2 12616 1492 2 12617 578 2 12618 580 2 12619 1492 2 12620 572 2796 12621 574 2796 12622 1519 2796 12623 574 2 12624 576 2 12625 1518 2 12626 1519 2 12627 574 2 12628 1518 2 12629 569 2 12630 570 2 12631 568 2 12632 570 2797 12633 572 2797 12634 1519 2797 12635 567 2798 12636 568 2798 12637 570 2798 12638 1523 2 12639 566 2 12640 1520 2 12641 566 2 12642 567 2 12643 1519 2 12644 1520 2 12645 566 2 12646 1519 2 12647 1521 2 12648 1522 2 12649 1520 2 12650 1522 2 12651 1523 2 12652 1520 2 12653 570 2 12654 1519 2 12655 567 2 12656 1492 2799 12657 580 2799 12658 1493 2799 12659 589 2800 12660 594 2800 12661 1499 2800 12662 584 2801 12663 1497 2801 12664 1495 2801 12665 1551 2837 12912 1550 2837 12913 1554 2837 12914 1550 2838 12915 1549 2838 12916 1555 2838 12917 1554 2 12918 1550 2 12919 1555 2 12920 1549 2839 12921 1565 2839 12922 1556 2839 12923 1565 2 12924 1566 2 12925 1556 2 12926 1566 2 12927 1567 2 12928 1556 2 12929 1567 2 12930 1568 2 12931 1556 2 12932 1568 2 12933 1569 2 12934 1570 2 12935 1570 2840 12936 1571 2840 12937 1556 2840 12938 1571 2841 12939 1572 2841 12940 1556 2841 12941 1572 2 12942 1573 2 12943 1556 2 12944 1573 2 12945 1574 2 12946 1556 2 12947 1574 2 12948 1575 2 12949 1556 2 12950 1575 2 12951 1576 2 12952 1557 2 12953 1556 2 12954 1575 2 12955 1557 2 12956 1568 2 12957 1570 2 12958 1556 2 12959 1556 2842 12960 1555 2842 12961 1549 2842 12962 1558 2 12963 1557 2 12964 1576 2 12965 1558 2843 12966 1576 2843 12967 1577 2843 12968 1560 2 12969 1559 2 12970 1579 2 12971 1559 2 12972 1558 2 12973 1578 2 12974 1560 2 12975 1581 2 12976 1561 2 12977 1562 2 12978 1561 2 12979 1583 2 12980 1562 2 12981 1585 2 12982 1563 2 12983 1564 2844 12984 1563 2844 12985 1587 2844 12986 1586 2 12987 1563 2 12988 1585 2 12989 1599 2845 12990 1553 2845 12991 1564 2845 12992 1597 2 12993 1598 2 12994 1564 2 12995 1598 2846 12996 1599 2846 12997 1564 2846 12998 1595 2 12999 1596 2 13000 1564 2 13001 1596 2 13002 1597 2 13003 1564 2 13004 1593 2847 13005 1594 2847 13006 1564 2847 13007 1594 2 13008 1595 2 13009 1564 2 13010 1591 2 13011 1592 2 13012 1564 2 13013 1592 2 13014 1593 2 13015 1564 2 13016 1589 2 13017 1590 2 13018 1564 2 13019 1590 2848 13020 1591 2848 13021 1564 2848 13022 1587 2 13023 1588 2 13024 1564 2 13025 1588 2 13026 1589 2 13027 1564 2 13028 1563 2 13029 1586 2 13030 1587 2 13031 1585 2 13032 1562 2 13033 1584 2 13034 1581 2 13035 1560 2 13036 1580 2 13037 1584 2 13038 1562 2 13039 1583 2 13040 1558 2 13041 1577 2 13042 1578 2 13043 1578 2 13044 1579 2 13045 1559 2 13046 1579 2 13047 1580 2 13048 1560 2 13049 1583 2 13050 1561 2 13051 1582 2 13052</p>
        </triangles>
        <triangles material="Color_M00_003-material" count="795">
          <input semantic="VERTEX" source="#Tòa_bò_sữa-mesh-vertices" offset="0"/>
          <input semantic="NORMAL" source="#Tòa_bò_sữa-mesh-normals" offset="1"/>
          <input semantic="TEXCOORD" source="#Tòa_bò_sữa-mesh-map-0" offset="2" set="0"/>
          <p>146 5 141 147 5 142 137 5 143 157 3 153 167 3 154 159 3 155 155 3 156 168 3 157 171 3 158 220 2 171 221 2 172 207 2 173 220 2 177 150 2 178 222 2 179 221 13 180 222 13 181 223 13 182 224 14 183 221 14 184 223 14 185 226 15 186 225 15 187 224 15 188 230 16 189 231 16 190 227 16 191 265 17 198 267 17 199 251 17 200 284 19 204 268 19 205 280 19 206 394 2 255 382 2 256 387 2 257 394 2 258 411 2 259 382 2 260 410 25 261 411 25 262 394 25 263 410 2 264 412 2 265 411 2 266 409 2 267 412 2 268 410 2 269 413 2 270 412 2 271 409 2 272 413 2 273 414 2 274 412 2 275 415 26 276 414 26 277 413 26 278 415 27 279 416 27 280 414 27 281 417 28 282 416 28 283 415 28 284 417 2 285 418 2 286 416 2 287 419 2 288 418 2 289 417 2 290 419 2 291 420 2 292 418 2 293 421 2 294 420 2 295 419 2 296 422 29 297 420 29 298 421 29 299 422 2 300 423 2 301 420 2 302 424 30 303 423 30 304 422 30 305 424 2 306 425 2 307 423 2 308 426 2 309 425 2 310 424 2 311 426 2 312 427 2 313 425 2 314 428 2 315 427 2 316 426 2 317 429 31 318 427 31 319 428 31 320 430 32 321 427 32 322 429 32 323 430 2 324 431 2 325 427 2 326 431 2 327 430 2 328 432 2 329 430 2 330 433 2 331 432 2 332 430 2 333 434 2 334 433 2 335 244 2 336 434 2 337 430 2 338 244 2 339 435 2 340 434 2 341 435 2 342 244 2 343 436 2 344 243 2 345 436 2 346 244 2 347 497 2 357 476 2 358 475 2 359 497 34 360 477 34 361 476 34 362 498 35 363 477 35 364 497 35 365 498 36 366 478 36 367 477 36 368 499 2 369 478 2 370 498 2 371 499 2 372 479 2 373 478 2 374 500 37 375 479 37 376 499 37 377 500 2 378 480 2 379 479 2 380 501 38 381 480 38 382 500 38 383 501 39 384 481 39 385 480 39 386 502 40 387 481 40 388 501 40 389 502 2 390 482 2 391 481 2 392 502 2 393 483 2 394 482 2 395 502 2 396 503 2 397 483 2 398 504 2 399 503 2 400 502 2 401 503 2 402 504 2 403 505 2 404 506 2 408 450 2 409 507 2 410 533 41 411 450 41 412 506 41 413 533 2 414 534 2 415 450 2 416 535 2 417 534 2 418 533 2 419 536 42 420 534 42 421 535 42 422 536 2 423 537 2 424 534 2 425 538 43 426 537 43 427 536 43 428 537 44 429 538 44 430 539 44 431 548 2 471 525 2 472 550 2 473 548 2 474 526 2 475 525 2 476 546 2 477 526 2 478 548 2 479 546 2 480 527 2 481 526 2 482 543 2 483 527 2 484 546 2 485 543 2 486 528 2 487 527 2 488 542 2 489 528 2 490 543 2 491 542 2 492 529 2 493 528 2 494 542 58 495 530 58 496 529 58 497 541 2 498 530 2 499 542 2 500 541 59 501 531 59 502 530 59 503 541 2 504 532 2 505 531 2 506 535 60 507 532 60 508 541 60 509 532 2 510 535 2 511 533 2 512 550 2 513 525 2 514 524 2 515 550 2 516 524 2 517 241 2 518 241 61 519 524 61 520 523 61 521 241 2 522 523 2 523 242 2 524 242 2 525 523 2 526 522 2 527 242 62 528 522 62 529 456 62 530 521 63 531 456 63 532 522 63 533 521 2 534 457 2 535 456 2 536 520 64 537 457 64 538 521 64 539 520 2 540 458 2 541 457 2 542 519 2 543 458 2 544 520 2 545 518 65 546 458 65 547 519 65 548 518 2 549 493 2 550 458 2 551 517 66 552 493 66 553 518 66 554 517 2 555 494 2 556 493 2 557 517 2 558 495 2 559 494 2 560 516 67 561 495 67 562 517 67 563 516 2 564 496 2 565 495 2 566 515 2 567 496 2 568 516 2 569 515 68 570 475 68 571 496 68 572 497 2 573 475 2 574 515 2 575 554 2 576 549 2 577 552 2 578 239 2 582 566 2 583 555 2 584 239 2 585 567 2 586 566 2 587 239 2 588 568 2 589 567 2 590 239 70 591 569 70 592 568 70 593 239 71 594 570 71 595 569 71 596 571 2 597 570 2 598 239 2 599 571 72 600 572 72 601 570 72 602 573 2 603 572 2 604 571 2 605 573 2 606 574 2 607 572 2 608 575 73 609 574 73 610 573 73 611 575 74 612 576 74 613 574 74 614 577 2 615 576 2 616 575 2 617 577 75 618 578 75 619 576 75 620 579 76 621 578 76 622 577 76 623 579 2 624 580 2 625 578 2 626 581 2 627 580 2 628 579 2 629 581 2 630 582 2 631 580 2 632 583 77 633 582 77 634 581 77 635 583 2 636 584 2 637 582 2 638 585 78 639 584 78 640 583 78 641 585 2 642 586 2 643 584 2 644 587 79 645 586 79 646 585 79 647 587 80 648 588 80 649 586 80 650 587 81 651 589 81 652 588 81 653 590 2 654 589 2 655 587 2 656 590 2 657 591 2 658 589 2 659 591 2 660 590 2 661 592 2 662 230 83 666 592 83 667 231 83 668 592 2 669 230 2 670 591 2 671 591 84 672 230 84 673 593 84 674 593 2 675 230 2 676 594 2 677 594 2 678 230 2 679 595 2 680 226 85 681 595 85 682 230 85 683 595 2 684 226 2 685 596 2 686 596 86 687 226 86 688 597 86 689 597 2 690 226 2 691 553 2 692 226 87 693 598 87 694 553 87 695 598 2 699 222 2 700 599 2 701 605 90 708 607 90 709 620 90 710 453 92 714 623 92 715 622 92 716 453 93 717 624 93 718 623 93 719 453 2 720 625 2 721 624 2 722 453 94 723 626 94 724 625 94 725 453 95 726 680 95 727 626 95 728 453 2 729 681 2 730 680 2 731 452 96 732 681 96 733 453 96 734 452 2 735 682 2 736 681 2 737 451 2 738 682 2 739 452 2 740 451 2 741 683 2 742 682 2 743 450 2 744 683 2 745 451 2 746 450 2 747 684 2 748 683 2 749 450 97 750 685 98 751 684 99 752 685 100 753 450 100 754 686 100 755 605 2 873 621 2 874 692 2 875 553 2 876 599 2 877 554 2 878 621 126 912 685 126 913 686 126 914 685 2 915 621 2 916 620 2 917 685 127 918 620 127 919 728 127 920 728 128 921 620 128 922 644 128 923 728 129 924 644 129 925 643 129 926 728 2 927 643 2 928 729 2 929 729 2 930 643 2 931 642 2 932 729 2 933 642 2 934 730 2 935 730 2 936 642 2 937 641 2 938 641 2 939 731 2 940 730 2 941 731 2 942 641 2 943 640 2 944 731 2 945 640 2 946 732 2 947 732 130 948 640 130 949 639 130 950 732 2 951 639 2 952 638 2 953 732 2 954 638 2 955 637 2 956 732 131 957 637 131 958 733 131 959 733 132 960 637 132 961 636 132 962 733 2 963 636 2 964 635 2 965 733 2 966 635 2 967 734 2 968 734 2 969 635 2 970 634 2 971 734 133 972 634 133 973 735 133 974 735 2 975 634 2 976 633 2 977 735 134 978 633 134 979 736 134 980 736 2 981 633 2 982 632 2 983 736 135 984 632 135 985 737 135 986 737 2 987 632 2 988 631 2 989 737 136 990 631 136 991 738 136 992 738 2 993 631 2 994 739 2 995 739 2 996 631 2 997 630 2 998 739 137 999 630 137 1000 740 137 1001 740 2 1002 630 2 1003 629 2 1004 740 138 1005 629 138 1006 741 138 1007 741 2 1008 629 2 1009 628 2 1010 741 139 1011 628 139 1012 742 139 1013 742 140 1014 628 140 1015 743 140 1016 743 2 1017 628 2 1018 627 2 1019 743 141 1020 627 141 1021 744 141 1022 744 2 1023 627 2 1024 626 2 1025 744 2 1026 626 2 1027 745 2 1028 745 2 1029 626 2 1030 680 2 1031 729 142 1035 746 142 1036 728 142 1037 748 2 1038 746 2 1039 729 2 1040 746 143 1041 748 143 1042 747 143 1043 769 166 1176 437 166 1177 619 166 1178 770 167 1179 436 167 1180 769 167 1181 436 2 1182 770 2 1183 771 2 1184 772 168 1188 797 168 1189 773 168 1190 772 2 1191 798 2 1192 797 2 1193 796 2 1194 798 2 1195 772 2 1196 796 2 1197 799 2 1198 798 2 1199 795 169 1200 799 169 1201 796 169 1202 794 170 1203 799 170 1204 795 170 1205 794 171 1206 800 171 1207 799 171 1208 793 172 1209 800 172 1210 794 172 1211 793 2 1212 801 2 1213 800 2 1214 792 2 1215 801 2 1216 793 2 1217 792 2 1218 802 2 1219 801 2 1220 791 2 1221 802 2 1222 792 2 1223 791 2 1224 803 2 1225 802 2 1226 790 2 1227 803 2 1228 791 2 1229 790 173 1230 804 173 1231 803 173 1232 789 174 1233 804 174 1234 790 174 1235 789 2 1236 805 2 1237 804 2 1238 789 175 1239 806 175 1240 805 175 1241 788 176 1242 806 176 1243 789 176 1244 788 177 1245 807 177 1246 806 177 1247 788 178 1248 808 178 1249 807 178 1250 787 2 1251 808 2 1252 788 2 1253 787 179 1254 809 179 1255 808 179 1256 782 180 1257 809 180 1258 787 180 1259 781 181 1260 809 181 1261 782 181 1262 781 2 1263 810 2 1264 809 2 1265 770 182 1266 810 182 1267 781 182 1268 810 183 1269 770 183 1270 769 183 1271 810 2 1272 812 2 1273 813 2 1274 811 184 1275 809 184 1276 810 184 1277 809 185 1278 811 185 1279 814 185 1280 814 186 1281 811 186 1282 815 186 1283 815 2 1284 811 2 1285 816 2 1286 816 2 1287 811 2 1288 817 2 1289 817 187 1290 811 187 1291 281 187 1292 819 2 1293 281 2 1294 811 2 1295 821 2 1299 142 2 1300 123 2 1301 281 189 1302 135 189 1303 282 189 1304 834 2 1305 835 2 1306 135 2 1307 833 190 1308 85 190 1309 836 190 1310 266 191 1314 838 191 1315 267 191 1316 842 2 1323 840 2 1324 850 2 1325 849 2 1407 85 2 1408 84 2 1409 85 2 1410 838 2 1411 836 2 1412 84 2 1413 902 2 1414 140 2 1415 83 2 1416 902 2 1417 84 2 1418 82 2 1419 902 2 1420 83 2 1421 82 2 1422 903 2 1423 902 2 1424 82 2 1425 904 2 1426 903 2 1427 81 2 1428 904 2 1429 82 2 1430 81 2 1431 905 2 1432 904 2 1433 80 2 1434 905 2 1435 81 2 1436 80 205 1437 906 205 1438 905 205 1439 80 206 1440 907 206 1441 906 206 1442 79 207 1443 907 207 1444 80 207 1445 79 2 1446 908 2 1447 907 2 1448 78 2 1449 908 2 1450 79 2 1451 78 208 1452 909 208 1453 908 208 1454 78 2 1455 910 2 1456 909 2 1457 77 209 1458 910 209 1459 78 209 1460 77 2 1461 911 2 1462 910 2 1463 77 2 1464 912 2 1465 911 2 1466 913 210 1467 912 210 1468 77 210 1469 913 2 1470 914 2 1471 912 2 1472 915 2 1473 914 2 1474 913 2 1475 915 2 1476 916 2 1477 914 2 1478 915 211 1479 917 211 1480 916 211 1481 918 2 1482 917 2 1483 915 2 1484 918 2 1485 919 2 1486 917 2 1487 918 212 1488 920 212 1489 919 212 1490 921 213 1491 920 213 1492 918 213 1493 920 2 1494 921 2 1495 922 2 1496 921 2 1497 141 2 1498 922 2 1499 923 214 1500 141 214 1501 921 214 1502 923 215 1503 924 215 1504 141 215 1505 925 216 1506 924 216 1507 923 216 1508 925 2 1509 926 2 1510 924 2 1511 927 2 1512 926 2 1513 925 2 1514 927 2 1515 928 2 1516 926 2 1517 928 2 1518 927 2 1519 929 2 1520 922 2 1524 141 2 1525 930 2 1526 930 2 1527 141 2 1528 931 2 1529 931 2 1530 141 2 1531 932 2 1532 932 2 1533 141 2 1534 933 2 1535 933 2 1536 141 2 1537 140 2 1538 933 218 1539 140 218 1540 902 218 1541 1011 2 1581 986 2 1582 985 2 1583 986 2 1584 1011 2 1585 1010 2 1586 986 227 1587 1010 227 1588 1012 227 1589 1012 228 1590 1010 228 1591 1009 228 1592 1012 229 1593 1009 229 1594 1013 229 1595 1013 2 1596 1009 2 1597 1014 2 1598 1014 230 1599 1009 230 1600 1015 230 1601 1015 2 1602 1009 2 1603 1008 2 1604 1015 231 1605 1008 231 1606 1016 231 1607 1016 232 1608 1008 232 1609 1017 232 1610 1017 2 1611 1008 2 1612 845 2 1613 1017 233 1614 845 233 1615 1018 233 1616 1018 234 1617 845 234 1618 844 234 1619 1018 2 1620 844 2 1621 1019 2 1622 1019 2 1623 844 2 1624 843 2 1625 1019 235 1626 843 235 1627 1020 235 1628 1020 236 1629 843 236 1630 842 236 1631 1020 237 1632 842 237 1633 953 237 1634 1020 238 1641 953 238 1642 1021 238 1643 1021 2 1644 953 2 1645 1022 2 1646 1022 2 1647 953 2 1648 1023 2 1649 1023 2 1650 953 2 1651 968 2 1652 968 2 1653 953 2 1654 955 2 1655 955 2 1656 953 2 1657 952 2 1658 967 2 1659 1023 2 1660 968 2 1661 967 2 1662 1024 2 1663 1023 2 1664 967 239 1665 1025 239 1666 1024 239 1667 967 2 1668 1026 2 1669 1025 2 1670 967 2 1671 1027 2 1672 1026 2 1673 1027 2 1674 967 2 1675 966 2 1676 1013 271 1884 1079 271 1885 1012 271 1886 1079 272 1887 1013 272 1888 1080 272 1889 1029 2 1893 1082 2 1894 1081 2 1895 1092 2 1896 1082 2 1897 1029 2 1898 1092 2 1899 1083 2 1900 1082 2 1901 1093 2 1902 1083 2 1903 1092 2 1904 1094 274 1905 1083 274 1906 1093 274 1907 1094 2 1908 1084 2 1909 1083 2 1910 1095 2 1911 1084 2 1912 1094 2 1913 1095 2 1914 1085 2 1915 1084 2 1916 1096 275 1917 1085 275 1918 1095 275 1919 1096 2 1920 1086 2 1921 1085 2 1922 1097 2 1923 1086 2 1924 1096 2 1925 1098 276 1926 1086 276 1927 1097 276 1928 1098 2 1929 1087 2 1930 1086 2 1931 1098 2 1932 1088 2 1933 1087 2 1934 1099 2 1935 1088 2 1936 1098 2 1937 1099 2 1938 1089 2 1939 1088 2 1940 1100 277 1941 1089 277 1942 1099 277 1943 1100 278 1944 1090 278 1945 1089 278 1946 1100 2 1947 1091 2 1948 1090 2 1949 1079 2 1950 1091 2 1951 1100 2 1952 1079 279 1953 1080 279 1954 1091 279 1955 1029 289 2043 1081 289 2044 1028 289 2045 1028 2 2046 1081 2 2047 1117 2 2048 1117 290 2049 1081 290 2050 1024 290 2051 1117 2 2052 1024 2 2053 1025 2 2054 818 362 2940 144 362 2941 143 362 2942 811 2 2943 1337 2 2944 818 2 2945 145 2 2946 813 2 2947 146 2 2948 606 2 2955 147 2 2956 812 2 2957 619 365 2958 812 365 2959 769 365 2960 817 2 2961 281 2 2962 1338 2 2963 1338 366 2964 281 366 2965 1339 366 2966 1339 367 2967 281 367 2968 1340 367 2969 1340 2 2970 281 2 2971 1341 2 2972 1341 2 2973 281 2 2974 280 2 2975 280 2 2976 1342 2 2977 1341 2 2978 323 2 2979 1342 2 2980 280 2 2981 323 2 2982 1343 2 2983 1342 2 2984 322 2 2985 1343 2 2986 323 2 2987 322 2 2988 1344 2 2989 1343 2 2990 321 2 2991 1344 2 2992 322 2 2993 321 2 2994 1345 2 2995 1344 2 2996 320 2 2997 1345 2 2998 321 2 2999 320 2 3000 1346 2 3001 1345 2 3002 319 2 3003 1346 2 3004 320 2 3005 319 2 3006 1347 2 3007 1346 2 3008 318 2 3009 1347 2 3010 319 2 3011 318 2 3012 1348 2 3013 1347 2 3014 317 368 3015 1348 368 3016 318 368 3017 317 2 3018 1349 2 3019 1348 2 3020 316 2 3021 1349 2 3022 317 2 3023 316 2 3024 1350 2 3025 1349 2 3026 315 369 3027 1350 369 3028 316 369 3029 315 2 3030 1351 2 3031 1350 2 3032 314 2 3033 1351 2 3034 315 2 3035 314 2 3036 1352 2 3037 1351 2 3038 313 2 3039 1352 2 3040 314 2 3041 313 2 3042 1353 2 3043 1352 2 3044 312 370 3045 1353 370 3046 313 370 3047 312 2 3048 1354 2 3049 1353 2 3050 311 371 3051 1354 371 3052 312 371 3053 311 2 3054 1355 2 3055 1354 2 3056 310 2 3057 1355 2 3058 311 2 3059 310 2 3060 1356 2 3061 1355 2 3062 309 372 3063 1356 372 3064 310 372 3065 309 2 3066 1357 2 3067 1356 2 3068 308 373 3069 1357 373 3070 309 373 3071 308 2 3072 1358 2 3073 1357 2 3074 307 374 3075 1358 374 3076 308 374 3077 307 2 3078 1359 2 3079 1358 2 3080 306 2 3081 1359 2 3082 307 2 3083 306 2 3084 1360 2 3085 1359 2 3086 305 2 3087 1360 2 3088 306 2 3089 305 2 3090 1361 2 3091 1360 2 3092 304 375 3093 1361 375 3094 305 375 3095 1362 376 3096 1361 376 3097 304 376 3098 1362 2 3099 1363 2 3100 1361 2 3101 1364 377 3102 1363 377 3103 1362 377 3104 1364 2 3105 1365 2 3106 1363 2 3107 1366 378 3108 1365 378 3109 1364 378 3110 1366 2 3111 1367 2 3112 1365 2 3113 1366 379 3114 1368 379 3115 1367 379 3116 1369 2 3117 1368 2 3118 1366 2 3119 1369 2 3120 1370 2 3121 1368 2 3122 1371 380 3123 1370 380 3124 1369 380 3125 1371 2 3126 1372 2 3127 1370 2 3128 1373 2 3129 1372 2 3130 1371 2 3131 1373 381 3132 1374 381 3133 1372 381 3134 1375 2 3135 1374 2 3136 1373 2 3137 1375 2 3138 1339 2 3139 1374 2 3140 1339 2 3141 1375 2 3142 1338 2 3143 1396 2 3147 1377 2 3148 1376 2 3149 1397 2 3150 1377 2 3151 1396 2 3152 1397 2 3153 1398 2 3154 1377 2 3155 1399 2 3156 1398 2 3157 1397 2 3158 1400 382 3159 1398 382 3160 1399 382 3161 1400 2 3162 1401 2 3163 1398 2 3164 1402 383 3165 1401 383 3166 1400 383 3167 1402 384 3168 1403 384 3169 1401 384 3170 435 385 3171 1403 385 3172 1402 385 3173 1403 386 3174 435 386 3175 436 386 3176 436 2 3177 771 2 3178 1403 2 3179 1403 387 3180 771 387 3181 780 387 3182 1403 2 3183 780 2 3184 779 2 3185 1403 388 3186 779 388 3187 1401 388 3188 1401 2 3189 779 2 3190 778 2 3191 1401 389 3192 778 389 3193 1398 389 3194 1398 390 3195 778 390 3196 1377 390 3197 1377 391 3198 778 391 3199 777 391 3200 1377 392 3201 777 392 3202 1382 392 3203 776 2 3204 1382 2 3205 777 2 3206 776 2 3207 1383 2 3208 1382 2 3209 775 393 3210 1383 393 3211 776 393 3212 774 394 3213 1383 394 3214 775 394 3215 774 2 3216 797 2 3217 1383 2 3218 773 2 3219 797 2 3220 774 2 3221 1377 2 3222 1382 2 3223 1381 2 3224 1377 395 3225 1381 395 3226 1380 395 3227 1377 2 3228 1380 2 3229 1379 2 3230 1377 2 3231 1379 2 3232 1378 2 3233 1414 2 3237 1405 2 3238 1404 2 3239 1415 396 3240 1405 396 3241 1414 396 3242 1415 2 3243 1406 2 3244 1405 2 3245 423 397 3246 1406 397 3247 1415 397 3248 423 2 3249 1407 2 3250 1406 2 3251 425 398 3252 1407 398 3253 423 398 3254 425 2 3255 1408 2 3256 1407 2 3257 427 2 3258 1408 2 3259 425 2 3260 427 2 3261 1409 2 3262 1408 2 3263 431 2 3264 1409 2 3265 427 2 3266 431 2 3267 1410 2 3268 1409 2 3269 1410 399 3270 431 399 3271 432 399 3272 432 400 3273 433 400 3274 1410 400 3275 1429 401 3282 1413 401 3283 1430 401 3284 1429 2 3285 1404 2 3286 1413 2 3287 1414 402 3288 1404 402 3289 1429 402 3290 1430 2 3291 1413 2 3292 1412 2 3293 1430 2 3294 1412 2 3295 1432 2 3296 1432 2 3297 1412 2 3298 1411 2 3299 1432 403 3300 1411 403 3301 1433 403 3302 1411 404 3303 1395 404 3304 1433 404 3305 1411 2 3306 1376 2 3307 1395 2 3308 1396 2 3309 1376 2 3310 1411 2 3311 1438 406 3315 1430 406 3316 1434 406 3317 1439 2 3318 1430 2 3319 1438 2 3320 1440 407 3321 1430 407 3322 1439 407 3323 1430 2 3324 1440 2 3325 1431 2 3326 1441 2 3327 1431 2 3328 1440 2 3329 1431 408 3330 1441 408 3331 1417 408 3332 1442 2 3336 1447 2 3337 1424 2 3338 1442 409 3339 1448 409 3340 1447 409 3341 1446 2 3342 1448 2 3343 1442 2 3344 1446 2 3345 1449 2 3346 1448 2 3347 1445 410 3348 1449 410 3349 1446 410 3350 1445 2 3351 1450 2 3352 1449 2 3353 1444 411 3354 1450 411 3355 1445 411 3356 1444 2 3357 1451 2 3358 1450 2 3359 1443 412 3360 1451 412 3361 1444 412 3362 1443 2 3363 1452 2 3364 1451 2 3365 1441 413 3366 1452 413 3367 1443 413 3368 1441 2 3369 1440 2 3370 1452 2 3371 1453 414 3375 375 414 3376 1454 414 3377 375 2 3378 1453 2 3379 376 2 3380 1469 2 3381 376 2 3382 1453 2 3383 1469 415 3384 377 415 3385 376 415 3386 1469 2 3387 1436 2 3388 377 2 3389 1468 2 3390 1436 2 3391 1469 2 3392 1467 416 3393 1436 416 3394 1468 416 3395 1467 2 3396 1437 2 3397 1436 2 3398 1466 417 3399 1437 417 3400 1467 417 3401 1466 2 3402 1434 2 3403 1437 2 3404 1438 418 3405 1434 418 3406 1466 418 3407 1453 2 3420 1470 2 3421 1469 2 3422 1454 2 3423 375 2 3424 374 2 3425 1454 2 3426 374 2 3427 1455 2 3428 1455 2 3429 374 2 3430 373 2 3431 1455 421 3432 373 421 3433 1456 421 3434 1456 2 3435 373 2 3436 372 2 3437 1456 2 3438 372 2 3439 1457 2 3440 1457 422 3441 372 422 3442 371 422 3443 1457 2 3444 371 2 3445 384 2 3446 384 2 3447 1458 2 3448 1457 2 3449 383 423 3450 1458 423 3451 384 423 3452 382 2 3453 1458 2 3454 383 2 3455 382 2 3456 1459 2 3457 1458 2 3458 382 2 3459 1460 2 3460 1459 2 3461 411 2 3462 1460 2 3463 382 2 3464 411 2 3465 1461 2 3466 1460 2 3467 1428 424 3468 1461 424 3469 411 424 3470 1428 2 3471 1462 2 3472 1461 2 3473 1427 425 3474 1462 425 3475 1428 425 3476 1427 426 3477 1463 426 3478 1462 426 3479 1426 2 3480 1463 2 3481 1427 2 3482 1426 2 3483 1464 2 3484 1463 2 3485 1425 2 3486 1464 2 3487 1426 2 3488 1425 2 3489 1465 2 3490 1464 2 3491 1425 427 3492 1447 427 3493 1465 427 3494 1424 2 3495 1447 2 3496 1425 2 3497 809 428 3498 1384 428 3499 808 428 3500 1384 2 3501 809 2 3502 1385 2 3503 1385 2 3504 809 2 3505 1386 2 3506 1386 2 3507 809 2 3508 1387 2 3509 1387 2 3510 809 2 3511 1388 2 3512 1388 2 3513 809 2 3514 814 2 3515 787 2 3519 783 2 3520 782 2 3521 786 2 3522 783 2 3523 787 2 3524 786 2 3525 784 2 3526 783 2 3527 784 2 3528 786 2 3529 785 2 3530 597 434 3582 553 434 3583 1472 434 3584 1472 2 3585 553 2 3586 1473 2 3587 1473 2 3588 553 2 3589 552 2 3590 1473 435 3591 552 435 3592 1474 435 3593 1474 2 3594 552 2 3595 1475 2 3596 1475 436 3597 552 436 3598 1476 436 3599 1492 2 3603 1478 2 3604 1477 2 3605 1493 2 3606 1478 2 3607 1492 2 3608 1493 2 3609 1494 2 3610 1478 2 3611 1495 2 3612 1494 2 3613 1493 2 3614 1495 2 3615 1496 2 3616 1494 2 3617 1497 438 3618 1496 438 3619 1495 438 3620 1497 439 3621 1498 439 3622 1496 439 3623 1499 440 3624 1498 440 3625 1497 440 3626 1499 2 3627 1500 2 3628 1498 2 3629 1499 441 3630 1501 441 3631 1500 441 3632 594 2 3633 1501 2 3634 1499 2 3635 594 442 3636 595 442 3637 1501 442 3638 596 2 3639 1501 2 3640 595 2 3641 1501 443 3642 596 443 3643 1502 443 3644 1475 2 3648 1476 2 3649 1503 2 3650 1503 444 3651 1476 444 3652 1488 444 3653 1503 445 3654 1488 445 3655 1504 445 3656 1504 2 3657 1488 2 3658 1505 2 3659 1482 2 3660 1505 2 3661 1488 2 3662 1482 446 3663 1506 446 3664 1505 446 3665 1482 2 3666 1507 2 3667 1506 2 3668 1481 447 3669 1507 447 3670 1482 447 3671 1481 2 3672 1508 2 3673 1507 2 3674 1480 448 3675 1508 448 3676 1481 448 3677 1480 2 3678 1509 2 3679 1508 2 3680 1480 2 3681 1510 2 3682 1509 2 3683 1479 2 3684 1510 2 3685 1480 2 3686 1479 449 3687 1511 449 3688 1510 449 3689 1478 450 3690 1511 450 3691 1479 450 3692 1478 451 3693 1512 451 3694 1511 451 3695 1478 2 3696 1513 2 3697 1512 2 3698 1494 2 3699 1513 2 3700 1478 2 3701 1494 452 3702 1514 452 3703 1513 452 3704 1496 2 3705 1514 2 3706 1494 2 3707 1496 2 3708 1515 2 3709 1514 2 3710 1498 453 3711 1515 453 3712 1496 453 3713 1498 2 3714 1516 2 3715 1515 2 3716 1500 454 3717 1516 454 3718 1498 454 3719 1500 2 3720 1517 2 3721 1516 2 3722 1500 455 3723 1502 455 3724 1517 455 3725 1501 456 3726 1502 456 3727 1500 456 3728 1482 2 3729 1488 2 3730 1487 2 3731 1482 457 3732 1487 457 3733 1483 457 3734 1483 2 3735 1487 2 3736 1486 2 3737 1483 458 3738 1486 458 3739 1484 458 3740 1484 459 3741 1486 459 3742 1485 459 3743 1492 2 3747 1477 2 3748 1518 2 3749 1518 2 3750 1477 2 3751 1491 2 3752 1518 2 3753 1491 2 3754 1519 2 3755 1519 2 3756 1491 2 3757 1490 2 3758 1519 2 3759 1490 2 3760 1520 2 3761 1520 461 3762 1490 461 3763 1489 461 3764 1520 462 3765 1489 462 3766 560 462 3767 1520 2 3768 560 2 3769 1521 2 3770 1521 2 3771 560 2 3772 1522 2 3773 1522 2 3774 560 2 3775 555 2 3776 555 2 3777 560 2 3778 556 2 3779 556 463 3780 560 463 3781 557 463 3782 557 464 3783 560 464 3784 558 464 3785 558 465 3786 560 465 3787 559 465 3788 555 466 3789 1523 466 3790 1522 466 3791 555 2 3792 566 2 3793 1523 2 3794 507 2 3795 450 2 3796 508 2 3797 508 2 3798 450 2 3799 449 2 3800 508 467 3801 449 467 3802 509 467 3803 509 2 3804 449 2 3805 510 2 3806 510 468 3807 449 468 3808 448 468 3809 510 469 3810 448 469 3811 511 469 3812 511 2 3813 448 2 3814 447 2 3815 446 2 3816 511 2 3817 447 2 3818 487 2 3819 511 2 3820 446 2 3821 487 2 3822 512 2 3823 511 2 3824 486 470 3825 512 470 3826 487 470 3827 486 471 3828 513 471 3829 512 471 3830 485 472 3831 513 472 3832 486 472 3833 485 473 3834 514 473 3835 513 473 3836 484 2 3837 514 2 3838 485 2 3839 483 474 3840 514 474 3841 484 474 3842 514 2 3843 483 2 3844 503 2 3845 429 2 3849 244 2 3850 430 2 3851 244 2 3852 429 2 3853 1524 2 3854 406 2 3858 1526 2 3859 1525 2 3860 1535 2 3861 1526 2 3862 406 2 3863 1535 2 3864 1527 2 3865 1526 2 3866 1536 2 3867 1527 2 3868 1535 2 3869 1536 2 3870 1528 2 3871 1527 2 3872 1537 475 3873 1528 475 3874 1536 475 3875 1537 476 3876 1529 476 3877 1528 476 3878 1538 477 3879 1529 477 3880 1537 477 3881 1538 2 3882 1530 2 3883 1529 2 3884 1539 478 3885 1530 478 3886 1538 478 3887 1539 2 3888 1531 2 3889 1530 2 3890 1540 479 3891 1531 479 3892 1539 479 3893 1540 480 3894 1532 480 3895 1531 480 3896 1540 481 3897 1533 481 3898 1532 481 3899 244 2 3900 1533 2 3901 1540 2 3902 244 2 3903 1524 2 3904 1533 2 3905 406 483 3909 1525 483 3910 407 483 3911 407 2 3912 1525 2 3913 1534 2 3914 407 484 3915 1534 484 3916 408 484 3917 408 2 3918 1534 2 3919 413 2 3920 408 485 3921 413 485 3922 409 485 3923 1553 2 3933 168 2 3934 219 2 3935 1600 2 3948 124 2 3949 116 2 3950 124 2 3951 1600 2 3952 125 2 3953 125 488 3954 1600 488 3955 126 488 3956 1601 489 3957 126 489 3958 1600 489 3959 126 2 3960 1601 2 3961 127 2 3962 127 490 3963 1601 490 3964 1602 490 3965 1600 492 3969 116 492 3970 1603 492 3971 1603 2 3972 116 2 3973 115 2 3974 1603 493 3975 115 493 3976 114 493 3977 114 2 3978 1604 2 3979 1603 2 3980 113 494 3981 1604 494 3982 114 494 3983 112 495 3984 1604 495 3985 113 495 3986 112 2 3987 1605 2 3988 1604 2 3989 111 2 3990 1605 2 3991 112 2 3992 1608 496 3993 1605 496 3994 111 496 3995 1608 2 3996 1606 2 3997 1605 2 3998 1606 2 3999 1608 2 4000 1607 2 4001 111 2 4002 1609 2 4003 1608 2 4004 1609 2 4005 111 2 4006 110 2 4007 1609 497 4008 110 497 4009 1610 497 4010 1610 2 4011 110 2 4012 109 2 4013 1610 2 4014 109 2 4015 108 2 4016 1610 498 4017 108 498 4018 1611 498 4019 1611 499 4020 108 499 4021 107 499 4022 1611 2 4023 107 2 4024 1612 2 4025 1612 500 4026 107 500 4027 106 500 4028 1612 501 4029 106 501 4030 1613 501 4031 1613 502 4032 106 502 4033 105 502 4034 1613 503 4035 105 503 4036 104 503 4037 1613 504 4038 104 504 4039 1614 504 4040 1614 2 4041 104 2 4042 1615 2 4043 1615 2 4044 104 2 4045 103 2 4046 1615 505 4047 103 505 4048 1616 505 4049 1616 2 4050 103 2 4051 102 2 4052 1616 506 4053 102 506 4054 1617 506 4055 1617 2 4056 102 2 4057 101 2 4058 1617 507 4059 101 507 4060 1618 507 4061 1618 2 4062 101 2 4063 100 2 4064 1618 508 4065 100 508 4066 1619 508 4067 1619 2 4068 100 2 4069 1620 2 4070 1620 2 4071 100 2 4072 99 2 4073 1620 509 4074 99 509 4075 1621 509 4076 1621 2 4077 99 2 4078 98 2 4079 1621 510 4080 98 510 4081 1622 510 4082 1622 2 4083 98 2 4084 1623 2 4085 1623 511 4086 98 511 4087 1624 511 4088 92 512 4089 1624 512 4090 98 512 4091 92 513 4092 1625 513 4093 1624 513 4094 92 514 4095 1626 514 4096 1625 514 4097 134 2 4098 1626 2 4099 92 2 4100 134 515 4101 1627 515 4102 1626 515 4103 133 516 4104 1627 516 4105 134 516 4106 133 2 4107 1628 2 4108 1627 2 4109 132 2 4110 1628 2 4111 133 2 4112 132 2 4113 1629 2 4114 1628 2 4115 131 2 4116 1629 2 4117 132 2 4118 131 2 4119 1630 2 4120 1629 2 4121 130 2 4122 1630 2 4123 131 2 4124 130 517 4125 1631 517 4126 1630 517 4127 129 518 4128 1631 518 4129 130 518 4130 129 2 4131 1632 2 4132 1631 2 4133 128 519 4134 1632 519 4135 129 519 4136 128 2 4137 1633 2 4138 1632 2 4139 127 2 4140 1633 2 4141 128 2 4142 127 2 4143 1602 2 4144 1633 2 4145 92 2 4146 98 2 4147 97 2 4148 92 520 4149 97 520 4150 96 520 4151 92 2 4152 96 2 4153 93 2 4154 93 2 4155 96 2 4156 95 2 4157 93 2 4158 95 2 4159 94 2 4160 154 5 8145 136 5 8146 153 5 8147 136 5 8148 137 5 8149 153 5 8150 137 5 8151 138 5 8152 139 5 8153 140 5 8154 141 5 8155 137 5 8156 141 5 8157 116 5 8158 137 5 8159 137 5 8160 139 5 8161 140 5 8162 150 5 8163 151 5 8164 137 5 8165 151 5 8166 152 5 8167 137 5 8168 152 5 8169 153 5 8170 137 5 8171 124 5 8172 123 5 8173 137 5 8174 123 5 8175 142 5 8176 137 5 8177 137 5 8178 116 5 8179 124 5 8180 147 5 8181 148 5 8182 137 5 8183 148 5 8184 149 5 8185 137 5 8186 149 5 8187 150 5 8188 137 5 8189 143 5 8190 144 5 8191 137 5 8192 144 5 8193 145 5 8194 137 5 8195 137 5 8196 142 5 8197 143 5 8198 145 5 8199 146 5 8200 137 5 8201 157 3 8235 155 3 8236 167 3 8237 171 3 8238 167 3 8239 155 3 8240 155 3 8241 136 3 8242 168 3 8243 136 3 8244 154 3 8245 168 3 8246 168 3 8247 169 3 8248 171 3 8249 169 3 8250 170 3 8251 171 3 8252 153 2277 8493 152 2277 8494 207 2277 8495 152 2 8496 220 2 8497 207 2 8498 220 2278 8499 151 2278 8500 150 2278 8501 221 2279 8502 220 2279 8503 222 2279 8504 224 2 8505 225 2 8506 221 2 8507 226 2 8508 227 2 8509 225 2 8510 231 2280 8511 228 2280 8512 229 2280 8513 229 2281 8514 227 2281 8515 231 2281 8516 227 2282 8517 226 2282 8518 230 2282 8519 249 2 8619 248 2 8620 264 2 8621 265 2289 8622 266 2289 8623 267 2289 8624 249 2 8625 264 2 8626 250 2 8627 264 2290 8628 265 2290 8629 232 2290 8630 250 2 8631 264 2 8632 232 2 8633 251 2291 8634 232 2291 8635 265 2291 8636 268 2 8673 247 2 8674 246 2 8675 280 2296 8676 281 2296 8677 283 2296 8678 281 2 8679 282 2 8680 283 2 8681 268 2 8682 246 2 8683 280 2 8684 283 2 8685 284 2 8686 280 2 8687 243 2387 9228 437 2387 9229 436 2387 9230 550 2430 9543 241 2430 9544 240 2430 9545 240 2 9546 551 2 9547 550 2 9548 551 2 9549 552 2 9550 549 2 9551 550 2431 9552 551 2431 9553 549 2431 9554 552 2 9555 553 2 9556 554 2 9557 226 2 9624 224 2 9625 598 2 9626 598 2444 9627 223 2444 9628 222 2444 9629 606 2 9693 619 2 9694 607 2 9695 619 2455 9696 620 2455 9697 607 2455 9698 620 2456 9699 621 2456 9700 605 2456 9701 554 2 10002 599 2 10003 692 2 10004 599 2496 10005 605 2496 10006 692 2496 10007 553 2 10008 598 2 10009 599 2 10010 769 2509 10134 436 2509 10135 437 2509 10136 813 2526 10209 811 2526 10210 810 2526 10211 810 2527 10212 769 2527 10213 812 2527 10214 811 2 10215 818 2 10216 819 2 10217 819 2528 10218 820 2528 10219 281 2528 10220 123 2 10260 135 2 10261 821 2 10262 135 2 10263 820 2 10264 821 2 10265 281 2 10266 820 2 10267 135 2 10268 282 2 10269 135 2 10270 835 2 10271 135 2537 10272 86 2537 10273 834 2537 10274 86 2 10275 833 2 10276 834 2 10277 833 2 10278 86 2 10279 85 2 10280 836 2 10284 838 2 10285 266 2 10286 838 2539 10287 251 2539 10288 267 2539 10289 838 2 10326 849 2 10327 840 2 10328 849 2547 10329 850 2547 10330 840 2547 10331 850 2548 10332 851 2548 10333 842 2548 10334 140 2 10455 139 2 10456 84 2 10457 139 2565 10458 849 2565 10459 84 2565 10460 85 2 10461 849 2 10462 838 2 10463 818 2 11937 1337 2 11938 144 2 11939 811 2 11940 813 2 11941 1337 2 11942 145 2712 11943 1337 2712 11944 813 2712 11945 606 2 11949 148 2 11950 147 2 11951 619 2 11952 606 2 11953 812 2 11954 225 2 12864 227 2 12865 219 2 12866 227 2 12867 1553 2 12868 219 2 12869 1553 2831 12870 1541 2831 12871 168 2831 12872</p>
        </triangles>
        <triangles material="Color_H05_003-material" count="253">
          <input semantic="VERTEX" source="#Tòa_bò_sữa-mesh-vertices" offset="0"/>
          <input semantic="NORMAL" source="#Tòa_bò_sữa-mesh-normals" offset="1"/>
          <input semantic="TEXCOORD" source="#Tòa_bò_sữa-mesh-map-0" offset="2" set="0"/>
          <p>156 4 144 136 4 145 155 4 146 158 4 147 155 4 148 157 4 149 57 0 150 162 0 151 163 0 152 243 0 192 244 0 193 237 0 194 279 18 201 264 18 202 248 18 203 598 88 696 224 88 697 223 88 698 836 2 1311 837 2 1312 833 2 1313 892 2 1347 893 2 1348 884 2 1349 884 1 1560 883 1 1561 137 1 1562 955 1 1563 952 1 1564 156 1 1565 953 2 1635 851 2 1636 954 2 1637 263 291 2064 163 292 2065 234 293 2066 1128 5 2115 1123 5 2116 1127 5 2117 1127 1 2121 1124 1 2122 1129 1 2123 1129 0 2124 1125 0 2125 1130 0 2126 1130 3 2127 1126 3 2128 1128 3 2129 1132 1 2130 1119 1 2131 1131 1 2132 1122 5 2136 1133 5 2137 1118 5 2138 1131 297 2142 1118 298 2143 1133 299 2144 236 3 2145 162 3 2146 57 3 2147 1146 1 2199 1148 1 2200 1147 1 2201 1149 5 2202 1146 5 2203 1147 5 2204 1157 1 2211 1154 1 2212 1156 1 2213 1156 2 2214 1158 2 2215 1157 2 2216 1154 5 2217 1150 5 2218 1149 5 2219 1153 5 2220 1156 5 2221 1154 5 2222 1161 5 2223 1153 5 2224 1160 5 2225 1161 3 2226 1163 3 2227 1162 3 2228 1164 0 2232 1168 0 2233 1165 0 2234 1166 1 2235 1167 1 2236 1164 1 2237 1162 5 2238 1169 5 2239 1166 5 2240 1165 1 2244 1170 1 2245 1144 1 2246 1174 2 2247 1156 2 2248 1165 2 2249 1144 5 2250 1172 5 2251 1143 5 2252 1143 5 2253 1175 5 2254 1142 5 2255 1181 5 2271 1178 5 2272 1180 5 2273 1182 3 2277 1179 3 2278 1181 3 2279 1183 0 2280 1184 0 2281 1182 0 2282 1180 1 2283 1176 1 2284 1183 1 2285 1137 0 2295 1171 0 2296 1136 0 2297 1138 0 2298 1177 0 2299 1137 0 2300 1139 0 2301 1185 0 2302 1138 0 2303 1140 3 2304 1186 3 2305 1139 3 2306 1141 5 2307 1187 5 2308 1140 5 2309 1142 5 2310 1188 5 2311 1141 5 2312 1193 5 2328 1190 5 2329 1192 5 2330 1194 3 2334 1191 3 2335 1193 3 2336 1195 0 2337 1196 0 2338 1194 0 2339 1192 1 2340 1189 1 2341 1195 1 2342 1202 3 2376 1197 3 2377 1201 3 2378 1203 1 2382 1199 1 2383 1204 1 2384 1201 5 2385 1198 5 2386 1203 5 2387 1204 0 2388 1200 0 2389 1202 0 2390 1136 0 2391 1152 0 2392 1135 0 2393 1135 0 2394 1148 0 2395 1134 0 2396 1150 3 2397 1151 3 2398 1158 3 2399 1158 5 2400 1155 5 2401 1157 5 2402 10 2 2403 237 2 2404 161 2 2405 10 1 2406 238 1 2407 15 1 2408 1226 1 2499 1222 1 2500 1227 1 2501 1224 5 2502 1221 5 2503 1226 5 2504 1227 0 2505 1223 0 2506 1225 0 2507 1234 0 2538 1231 0 2539 1233 0 2540 1235 1 2541 1230 1 2542 1234 1 2543 1232 5 2544 1229 5 2545 1235 5 2546 1241 3 2571 1236 3 2572 1240 3 2573 1240 5 2577 1237 5 2578 1242 5 2579 1242 1 2580 1238 1 2581 1243 1 2582 1243 0 2583 1239 0 2584 1241 0 2585 1249 3 2610 1244 3 2611 1248 3 2612 1250 0 2616 1247 0 2617 1249 0 2618 1251 1 2619 1246 1 2620 1250 1 2621 1248 5 2622 1245 5 2623 1251 5 2624 1257 3 2649 1252 3 2650 1256 3 2651 1258 0 2655 1255 0 2656 1257 0 2657 1259 1 2658 1254 1 2659 1258 1 2660 1256 5 2661 1253 5 2662 1259 5 2663 1266 3 2694 1260 3 2695 1265 3 2696 1265 5 2700 1261 5 2701 1267 5 2702 1267 1 2703 1262 1 2704 1268 1 2705 1268 1 2706 1263 1 2707 1269 1 2708 1269 0 2709 1264 0 2710 1266 0 2711 1334 2 2913 1335 2 2914 1277 2 2915 300 2 3414 377 2 3415 301 2 3416 169 2 3930 168 2 3931 1541 2 3932 156 4 8202 137 4 8203 136 4 8204 158 4 8205 156 4 8206 155 4 8207 166 0 8208 158 0 8209 163 0 8210 158 0 8211 157 0 8212 57 0 8213 163 0 8214 158 0 8215 57 0 8216 157 2238 8217 159 2238 8218 10 2238 8219 159 0 8220 160 0 8221 10 0 8222 10 0 8223 161 0 8224 157 0 8225 161 0 8226 57 0 8227 157 0 8228 164 0 8229 165 0 8230 163 0 8231 165 0 8232 166 0 8233 163 0 8234 250 0 8520 232 0 8521 234 0 8522 232 0 8523 233 0 8524 234 0 8525 250 0 8526 234 0 8527 249 0 8528 234 0 8529 235 0 8530 247 0 8531 235 0 8532 236 0 8533 245 0 8534 236 0 8535 237 0 8536 245 0 8537 237 0 8538 15 0 8539 242 0 8540 15 0 8541 238 0 8542 242 0 8543 238 0 8544 171 0 8545 239 0 8546 171 0 8547 170 0 8548 229 0 8549 229 0 8550 228 0 8551 171 0 8552 228 0 8553 239 0 8554 171 0 8555 238 0 8556 240 0 8557 241 0 8558 249 0 8559 234 0 8560 248 0 8561 247 0 8562 248 0 8563 234 0 8564 239 0 8565 240 0 8566 238 0 8567 244 0 8568 245 0 8569 237 0 8570 245 0 8571 246 0 8572 235 0 8573 246 0 8574 247 0 8575 235 0 8576 238 0 8577 241 0 8578 242 0 8579 242 0 8580 243 0 8581 237 0 8582 248 2 8637 247 2 8638 278 2 8639 247 2292 8640 268 2292 8641 269 2292 8642 269 2293 8643 270 2293 8644 247 2293 8645 270 2 8646 271 2 8647 247 2 8648 271 2 8649 272 2 8650 247 2 8651 272 2294 8652 273 2294 8653 247 2294 8654 273 2 8655 274 2 8656 247 2 8657 274 2 8658 275 2 8659 247 2 8660 275 2 8661 276 2 8662 247 2 8663 276 2 8664 277 2 8665 247 2 8666 277 2295 8667 278 2295 8668 247 2295 8669 278 2 8670 279 2 8671 248 2 8672 836 2538 10281 266 2538 10282 837 2538 10283 870 2 10377 871 2 10378 872 2 10379 872 2 10380 873 2 10381 870 2 10382 873 2 10383 874 2 10384 870 2 10385 874 2 10386 875 2 10387 870 2 10388 875 2555 10389 876 2555 10390 870 2555 10391 876 2556 10392 877 2556 10393 870 2556 10394 877 2557 10395 878 2557 10396 870 2557 10397 878 2558 10398 879 2558 10399 870 2558 10400 879 2 10401 880 2 10402 870 2 10403 880 2 10404 881 2 10405 870 2 10406 881 2 10407 882 2 10408 870 2 10409 882 2559 10410 883 2559 10411 870 2559 10412 883 2 10413 884 2 10414 894 2 10415 894 2 10416 884 2 10417 893 2 10418 884 2560 10419 885 2560 10420 889 2560 10421 885 2 10422 851 2 10423 887 2 10424 884 2 10425 889 2 10426 890 2 10427 851 2561 10428 850 2561 10429 869 2561 10430 851 2 10431 869 2 10432 886 2 10433 892 2 10434 884 2 10435 891 2 10436 851 2562 10437 886 2562 10438 887 2562 10439 887 2 10440 888 2 10441 885 2 10442 895 2563 10443 870 2563 10444 883 2563 10445 888 2 10446 889 2 10447 885 2 10448 894 2 10449 895 2 10450 883 2 10451 890 2564 10452 891 2564 10453 884 2564 10454 137 2591 10686 156 2591 10687 953 2591 10688 156 1 10689 952 1 10690 953 1 10691 953 1 10692 954 1 10693 137 1 10694 954 1 10695 884 1 10696 137 1 10697 883 1 10698 138 1 10699 137 1 10700 156 1 10701 158 1 10702 955 1 10703 158 1 10704 166 1 10705 955 1 10706 953 2622 10932 842 2622 10933 851 2622 10934 234 2660 11259 233 2661 11260 263 2662 11261 263 2663 11262 164 2664 11263 163 2665 11264 1128 5 11265 1126 5 11266 1123 5 11267 1127 1 11271 1123 1 11272 1124 1 11273 1129 0 11274 1124 0 11275 1125 0 11276 1130 3 11277 1125 3 11278 1126 3 11279 1132 1 11280 1122 1 11281 1119 1 11282 1122 5 11283 1132 5 11284 1133 5 11285 1131 2666 11286 1119 2667 11287 1118 2668 11288 236 3 11289 235 3 11290 162 3 11291 1146 1 11292 1134 1 11293 1148 1 11294 1149 5 11295 1150 5 11296 1146 5 11297 1157 1 11316 1155 1 11317 1154 1 11318 1156 2 11319 1150 2 11320 1158 2 11321 1154 5 11322 1156 5 11323 1150 5 11324 1153 5 11325 1159 5 11326 1156 5 11327 1161 5 11328 1159 5 11329 1153 5 11330 1161 3 11331 1160 3 11332 1163 3 11333 1164 0 11343 1167 0 11344 1168 0 11345 1166 1 11346 1169 1 11347 1167 1 11348 1162 5 11349 1163 5 11350 1169 5 11351 1165 1 11373 1168 1 11374 1170 1 11375 1145 2 11376 1146 2 11377 1173 2 11378 1146 2 11379 1150 2 11380 1173 2 11381 1165 2 11382 1144 2 11383 1174 2 11384 1144 2671 11385 1145 2671 11386 1174 2671 11387 1156 2 11388 1159 2 11389 1165 2 11390 1145 2672 11391 1173 2672 11392 1174 2672 11393 1144 5 11394 1170 5 11395 1172 5 11396 1143 5 11397 1172 5 11398 1175 5 11399 1181 5 11400 1179 5 11401 1178 5 11402 1182 3 11406 1184 3 11407 1179 3 11408 1183 0 11409 1176 0 11410 1184 0 11411 1180 1 11412 1178 1 11413 1176 1 11414 1137 0 11415 1177 0 11416 1171 0 11417 1138 0 11418 1185 0 11419 1177 0 11420 1139 0 11421 1186 0 11422 1185 0 11423 1140 3 11424 1187 3 11425 1186 3 11426 1141 5 11427 1188 5 11428 1187 5 11429 1142 5 11430 1175 5 11431 1188 5 11432 1193 5 11433 1191 5 11434 1190 5 11435 1194 3 11439 1196 3 11440 1191 3 11441 1195 0 11442 1189 0 11443 1196 0 11444 1192 1 11445 1190 1 11446 1189 1 11447 1202 3 11448 1200 3 11449 1197 3 11450 1203 1 11454 1198 1 11455 1199 1 11456 1201 5 11457 1197 5 11458 1198 5 11459 1204 0 11460 1199 0 11461 1200 0 11462 1136 0 11463 1171 0 11464 1152 0 11465 1135 0 11466 1152 0 11467 1148 0 11468 1150 3 11469 1149 3 11470 1151 3 11471 1158 5 11472 1151 5 11473 1155 5 11474 10 2 11475 15 2 11476 237 2 11477 10 1 11478 160 1 11479 238 1 11480 1226 1 11487 1221 1 11488 1222 1 11489 1224 5 11490 1220 5 11491 1221 5 11492 1227 0 11493 1222 0 11494 1223 0 11495 1234 0 11502 1230 0 11503 1231 0 11504 1235 1 11505 1229 1 11506 1230 1 11507 1232 5 11508 1228 5 11509 1229 5 11510 1241 3 11511 1239 3 11512 1236 3 11513 1240 5 11517 1236 5 11518 1237 5 11519 1242 1 11520 1237 1 11521 1238 1 11522 1243 0 11523 1238 0 11524 1239 0 11525 1249 3 11526 1247 3 11527 1244 3 11528 1250 0 11532 1246 0 11533 1247 0 11534 1251 1 11535 1245 1 11536 1246 1 11537 1248 5 11538 1244 5 11539 1245 5 11540 1257 3 11541 1255 3 11542 1252 3 11543 1258 0 11547 1254 0 11548 1255 0 11549 1259 1 11550 1253 1 11551 1254 1 11552 1256 5 11553 1252 5 11554 1253 5 11555 1266 3 11556 1264 3 11557 1260 3 11558 1265 5 11565 1260 5 11566 1261 5 11567 1267 1 11568 1261 1 11569 1262 1 11570 1268 1 11571 1262 1 11572 1263 1 11573 1269 0 11574 1263 0 11575 1264 0 11576 1278 2 11781 1279 2 11782 1277 2 11783 1279 2 11784 1281 2 11785 1277 2 11786 1281 2 11787 1283 2 11788 1277 2 11789 1283 2 11790 1285 2 11791 1277 2 11792 1285 2693 11793 1286 2693 11794 1277 2693 11795 1286 2 11796 1288 2 11797 1277 2 11798 1288 2 11799 1290 2 11800 1277 2 11801 1290 2 11802 1291 2 11803 1277 2 11804 1333 2 11805 1332 2 11806 1334 2 11807 1291 2 11808 1333 2 11809 1277 2 11810 1335 2 11811 1336 2 11812 1277 2 11813 1333 2 11814 1334 2 11815 1277 2 11816</p>
        </triangles>
        <triangles material="Color_H02_003-material" count="1">
          <input semantic="VERTEX" source="#Tòa_bò_sữa-mesh-vertices" offset="0"/>
          <input semantic="NORMAL" source="#Tòa_bò_sữa-mesh-normals" offset="1"/>
          <input semantic="TEXCOORD" source="#Tòa_bò_sữa-mesh-map-0" offset="2" set="0"/>
          <p>196 2 165 195 2 166 199 2 167</p>
        </triangles>
        <triangles material="Color_E02_003-material" count="306">
          <input semantic="VERTEX" source="#Tòa_bò_sữa-mesh-vertices" offset="0"/>
          <input semantic="NORMAL" source="#Tòa_bò_sữa-mesh-normals" offset="1"/>
          <input semantic="TEXCOORD" source="#Tòa_bò_sữa-mesh-map-0" offset="2" set="0"/>
          <p>345 2 210 347 2 211 246 2 212 379 2 237 380 2 238 364 2 239 473 2 351 439 2 352 438 2 353 501 2 405 500 2 406 525 2 407 731 2 1032 682 2 1033 730 2 1034 749 2 1044 645 2 1045 619 2 1046 749 144 1047 662 144 1048 645 144 1049 749 145 1050 663 145 1051 662 145 1052 749 2 1053 664 2 1054 663 2 1055 750 2 1056 664 2 1057 749 2 1058 750 2 1059 665 2 1060 664 2 1061 750 146 1062 666 146 1063 665 146 1064 751 147 1065 666 147 1066 750 147 1067 752 148 1068 666 148 1069 751 148 1070 752 149 1071 667 149 1072 666 149 1073 753 150 1074 667 150 1075 752 150 1076 754 2 1077 667 2 1078 753 2 1079 754 2 1080 668 2 1081 667 2 1082 755 151 1083 668 151 1084 754 151 1085 756 2 1086 668 2 1087 755 2 1088 679 152 1089 668 152 1090 756 152 1091 679 2 1092 669 2 1093 668 2 1094 678 2 1095 669 2 1096 679 2 1097 678 2 1098 670 2 1099 669 2 1100 677 2 1101 670 2 1102 678 2 1103 677 2 1104 671 2 1105 670 2 1106 676 2 1107 671 2 1108 677 2 1109 676 2 1110 672 2 1111 671 2 1112 675 2 1113 672 2 1114 676 2 1115 675 2 1116 673 2 1117 672 2 1118 673 2 1119 675 2 1120 674 2 1121 756 2 1122 454 2 1123 679 2 1124 454 153 1125 756 153 1126 757 153 1127 454 2 1131 757 2 1132 758 2 1133 454 2 1134 758 2 1135 768 2 1136 454 154 1137 768 154 1138 767 154 1139 454 155 1140 767 155 1141 766 155 1142 454 156 1143 766 157 1144 765 158 1145 454 2 1146 765 2 1147 455 2 1148 455 159 1149 765 159 1150 764 159 1151 455 160 1152 764 160 1153 437 160 1154 437 161 1155 764 161 1156 763 161 1157 762 2 1158 437 2 1159 763 2 1160 762 2 1161 619 2 1162 437 2 1163 759 2 1164 619 2 1165 762 2 1166 749 2 1167 619 2 1168 759 2 1169 759 162 1170 762 162 1171 760 162 1172 760 163 1173 762 164 1174 761 165 1175 787 2 1185 780 2 1186 786 2 1187 1399 2 3234 1405 2 3235 1406 2 3236 1422 2 3276 1423 2 3277 416 2 3278 1356 429 3516 1357 429 3517 1340 429 3518 661 430 3531 645 430 3532 662 430 3533 660 431 3534 645 431 3535 661 431 3536 659 2 3537 645 2 3538 660 2 3539 659 2 3540 646 2 3541 645 2 3542 658 432 3543 646 432 3544 659 432 3545 658 2 3546 647 2 3547 646 2 3548 657 2 3549 647 2 3550 658 2 3551 657 2 3552 648 2 3553 647 2 3554 656 2 3555 648 2 3556 657 2 3557 656 2 3558 649 2 3559 648 2 3560 655 433 3561 649 433 3562 656 433 3563 655 2 3564 650 2 3565 649 2 3566 654 2 3567 650 2 3568 655 2 3569 654 2 3570 651 2 3571 650 2 3572 653 2 3573 651 2 3574 654 2 3575 651 2 3576 653 2 3577 652 2 3578 439 2 3846 491 2 3847 490 2 3848 342 482 3906 341 482 3907 1536 482 3908 352 2320 8823 331 2320 8824 332 2320 8825 332 2321 8826 333 2321 8827 334 2321 8828 334 2 8829 335 2 8830 326 2 8831 335 2 8832 336 2 8833 326 2 8834 336 2322 8835 337 2322 8836 338 2322 8837 338 2 8838 339 2 8839 336 2 8840 339 2 8841 286 2 8842 336 2 8843 286 2 8844 285 2 8845 336 2 8846 285 2323 8847 330 2323 8848 336 2323 8849 330 2 8850 329 2 8851 336 2 8852 329 2 8853 328 2 8854 336 2 8855 328 2 8856 327 2 8857 336 2 8858 327 2 8859 326 2 8860 336 2 8861 326 2 8862 325 2 8863 334 2 8864 325 2 8865 324 2 8866 334 2 8867 324 2 8868 246 2 8869 334 2 8870 246 2324 8871 245 2324 8872 341 2324 8873 343 2 8874 246 2 8875 341 2 8876 245 2 8877 340 2 8878 341 2 8879 341 2325 8880 342 2325 8881 343 2325 8882 343 2 8883 344 2 8884 345 2 8885 345 2 8886 346 2 8887 347 2 8888 347 2326 8889 348 2326 8890 349 2326 8891 349 2 8892 350 2 8893 246 2 8894 350 2 8895 351 2 8896 246 2 8897 246 2327 8898 351 2327 8899 352 2327 8900 352 2328 8901 332 2328 8902 246 2328 8903 246 2329 8904 332 2329 8905 334 2329 8906 347 2 8907 349 2 8908 246 2 8909 343 2 8910 345 2 8911 246 2 8912 380 2 9057 378 2 9058 368 2 9059 378 2360 9060 371 2360 9061 370 2360 9062 380 2361 9063 368 2361 9064 367 2361 9065 370 2362 9066 369 2362 9067 378 2362 9068 369 2 9069 368 2 9070 378 2 9071 367 2 9072 366 2 9073 380 2 9074 366 2363 9075 365 2363 9076 380 2363 9077 365 2 9078 364 2 9079 380 2 9080 364 2 9081 363 2 9082 379 2 9083 363 2 9084 357 2 9085 379 2 9086 468 2405 9321 469 2405 9322 470 2405 9323 468 2 9324 470 2 9325 471 2 9326 459 2406 9327 458 2406 9328 474 2406 9329 474 2407 9330 468 2407 9331 459 2407 9332 468 2 9333 471 2 9334 462 2 9335 468 2408 9336 462 2408 9337 461 2408 9338 471 2409 9339 472 2409 9340 465 2409 9341 462 2 9342 471 2 9343 463 2 9344 460 2410 9345 459 2410 9346 468 2410 9347 461 2 9348 460 2 9349 468 2 9350 464 2 9351 463 2 9352 471 2 9353 466 2 9354 465 2 9355 472 2 9356 465 2411 9357 464 2411 9358 471 2411 9359 438 2 9360 467 2 9361 473 2 9362 467 2 9363 466 2 9364 472 2 9365 473 2 9366 467 2 9367 472 2 9368 533 2 9441 506 2 9442 509 2 9443 506 2416 9444 507 2416 9445 509 2416 9446 507 2 9447 508 2 9448 509 2 9449 509 2 9450 510 2 9451 513 2 9452 510 2 9453 511 2 9454 512 2 9455 510 2 9456 512 2 9457 513 2 9458 531 2 9459 532 2 9460 503 2 9461 532 2 9462 533 2 9463 514 2 9464 503 2 9465 532 2 9466 514 2 9467 529 2 9468 530 2 9469 505 2 9470 530 2417 9471 531 2417 9472 503 2417 9473 505 2418 9474 530 2418 9475 503 2418 9476 527 2 9477 528 2 9478 502 2 9479 528 2419 9480 529 2419 9481 504 2419 9482 525 2 9483 526 2 9484 501 2 9485 526 2 9486 527 2 9487 501 2 9488 523 2 9489 524 2 9490 515 2 9491 524 2420 9492 525 2420 9493 500 2420 9494 515 2421 9495 524 2421 9496 497 2421 9497 521 2 9498 522 2 9499 523 2 9500 519 2 9501 520 2 9502 518 2 9503 520 2 9504 521 2 9505 517 2 9506 518 2 9507 520 2 9508 517 2 9509 521 2 9510 523 2 9511 517 2 9512 516 2422 9513 523 2422 9514 515 2422 9515 528 2423 9516 504 2423 9517 502 2423 9518 533 2424 9519 509 2424 9520 513 2424 9521 504 2 9522 529 2 9523 505 2 9524 516 2425 9525 517 2425 9526 523 2425 9527 533 2426 9528 513 2426 9529 514 2426 9530 497 2427 9531 524 2427 9532 499 2427 9533 499 2428 9534 524 2428 9535 500 2428 9536 499 2429 9537 498 2429 9538 497 2429 9539 527 2 9540 502 2 9541 501 2 9542 744 2497 10011 745 2497 10012 681 2497 10013 745 2 10014 680 2 10015 681 2 10016 681 2 10017 682 2 10018 734 2 10019 741 2 10020 681 2 10021 740 2 10022 682 2 10023 683 2 10024 730 2 10025 683 2 10026 684 2 10027 747 2 10028 682 2498 10029 732 2498 10030 733 2498 10031 684 2 10032 685 2 10033 728 2 10034 684 2499 10035 728 2499 10036 746 2499 10037 681 2500 10038 741 2500 10039 742 2500 10040 732 2501 10041 682 2501 10042 731 2501 10043 743 2 10044 744 2 10045 681 2 10046 742 2 10047 743 2 10048 681 2 10049 739 2502 10050 740 2502 10051 681 2502 10052 737 2 10053 738 2 10054 681 2 10055 738 2 10056 739 2 10057 681 2 10058 735 2 10059 736 2 10060 734 2 10061 736 2 10062 737 2 10063 681 2 10064 736 2 10065 681 2 10066 734 2 10067 684 2503 10068 746 2503 10069 747 2503 10070 747 2 10071 748 2 10072 683 2 10073 734 2504 10074 682 2504 10075 733 2504 10076 748 2 10077 729 2 10078 683 2 10079 729 2 10080 730 2 10081 683 2 10082 796 2510 10137 772 2510 10138 778 2510 10139 772 2511 10140 773 2511 10141 778 2511 10142 773 2512 10143 774 2512 10144 778 2512 10145 774 2 10146 775 2 10147 778 2 10148 775 2 10149 776 2 10150 778 2 10151 776 2513 10152 777 2513 10153 778 2513 10154 794 2 10155 795 2 10156 779 2 10157 795 2514 10158 796 2514 10159 779 2514 10160 792 2 10161 793 2 10162 779 2 10163 793 2515 10164 794 2515 10165 779 2515 10166 791 2516 10167 792 2516 10168 779 2516 10169 778 2517 10170 779 2517 10171 796 2517 10172 780 2518 10173 771 2518 10174 770 2518 10175 779 2519 10176 780 2519 10177 788 2519 10178 780 2 10179 770 2 10180 786 2 10181 779 2520 10182 789 2520 10183 790 2520 10184 770 2521 10185 781 2521 10186 786 2521 10187 781 2522 10188 782 2522 10189 783 2522 10190 781 2523 10191 783 2523 10192 784 2523 10193 789 2 10194 779 2 10195 788 2 10196 790 2 10197 791 2 10198 779 2 10199 781 2524 10200 784 2524 10201 785 2524 10202 781 2 10203 785 2 10204 786 2 10205 788 2525 10206 780 2525 10207 787 2525 10208 1413 2728 12069 1404 2728 12070 1397 2728 12071 1404 2 12072 1405 2 12073 1399 2 12074 1412 2 12075 1413 2 12076 1397 2 12077 1404 2 12078 1399 2 12079 1397 2 12080 1396 2729 12081 1411 2729 12082 1412 2729 12083 1397 2 12084 1396 2 12085 1412 2 12086 1402 2730 12087 1400 2730 12088 1407 2730 12089 1400 2 12090 1399 2 12091 1406 2 12092 434 2 12093 435 2 12094 1402 2 12095 1410 2731 12096 433 2731 12097 434 2731 12098 1409 2 12099 1410 2 12100 434 2 12101 434 2 12102 1402 2 12103 1408 2 12104 1400 2 12105 1406 2 12106 1407 2 12107 1408 2732 12108 1409 2732 12109 434 2732 12110 1407 2 12111 1408 2 12112 1402 2 12113 1416 2 12114 1417 2 12115 1418 2 12116 1429 2 12117 1416 2 12118 1414 2 12119 1416 2 12120 1418 2 12121 1414 2 12122 1415 2 12123 1414 2 12124 1418 2 12125 1415 2733 12126 1418 2733 12127 1419 2733 12128 420 2 12129 423 2 12130 1415 2 12131 416 2 12132 418 2 12133 1421 2 12134 418 2 12135 420 2 12136 1419 2 12137 1421 2734 12138 418 2734 12139 1420 2734 12140 412 2735 12141 414 2735 12142 1426 2735 12143 414 2 12144 416 2 12145 1423 2 12146 1426 2736 12147 414 2736 12148 1425 2736 12149 1428 2 12150 411 2 12151 412 2 12152 1427 2 12153 1428 2 12154 412 2 12155 420 2 12156 1415 2 12157 1419 2 12158 1427 2 12159 412 2 12160 1426 2 12161 1425 2737 12162 414 2737 12163 1424 2737 12164 414 2 12165 1423 2 12166 1424 2 12167 1419 2738 12168 1420 2738 12169 418 2738 12170 1422 2739 12171 416 2739 12172 1421 2739 12173 1367 2 12345 1368 2 12346 1370 2 12347 1367 2 12348 1370 2 12349 1365 2 12350 1370 2 12351 1372 2 12352 1365 2 12353 1374 2 12354 1339 2 12355 1360 2 12356 1339 2 12357 1340 2 12358 1359 2 12359 1365 2 12360 1372 2 12361 1363 2 12362 1372 2 12363 1374 2 12364 1361 2 12365 1363 2 12366 1372 2 12367 1361 2 12368 1340 2767 12369 1341 2767 12370 1342 2767 12371 1342 2 12372 1343 2 12373 1340 2 12374 1343 2768 12375 1344 2768 12376 1340 2768 12377 1344 2 12378 1345 2 12379 1340 2 12380 1345 2769 12381 1346 2769 12382 1340 2769 12383 1346 2 12384 1347 2 12385 1340 2 12386 1347 2770 12387 1348 2770 12388 1340 2770 12389 1348 2771 12390 1349 2771 12391 1340 2771 12392 1349 2 12393 1350 2 12394 1340 2 12395 1350 2 12396 1351 2 12397 1340 2 12398 1351 2 12399 1352 2 12400 1340 2 12401 1352 2 12402 1353 2 12403 1340 2 12404 1360 2772 12405 1361 2772 12406 1374 2772 12407 1353 2 12408 1354 2 12409 1340 2 12410 1359 2 12411 1360 2 12412 1339 2 12413 1340 2773 12414 1354 2773 12415 1355 2773 12416 1358 2774 12417 1359 2774 12418 1340 2774 12419 1357 2 12420 1358 2 12421 1340 2 12422 1340 2775 12423 1355 2775 12424 1356 2775 12425 441 2 12666 440 2 12667 490 2 12668 440 2 12669 439 2 12670 490 2 12671 439 2 12672 473 2 12673 491 2 12674 473 2802 12675 472 2802 12676 491 2802 12677 472 2803 12678 471 2803 12679 491 2803 12680 471 2804 12681 470 2804 12682 492 2804 12683 491 2 12684 471 2 12685 492 2 12686 470 2 12687 469 2 12688 492 2 12689 442 2 12690 441 2 12691 489 2 12692 444 2805 12693 443 2805 12694 488 2805 12695 443 2806 12696 442 2806 12697 489 2806 12698 488 2807 12699 443 2807 12700 489 2807 12701 446 2808 12702 445 2808 12703 488 2808 12704 445 2809 12705 444 2809 12706 488 2809 12707 490 2 12708 489 2 12709 441 2 12710 1536 2817 12765 1535 2817 12766 342 2817 12767 1535 2 12768 406 2 12769 405 2 12770 342 2 12771 1535 2 12772 404 2 12773 405 2 12774 404 2 12775 1535 2 12776 404 2818 12777 403 2818 12778 343 2818 12779 403 2819 12780 402 2819 12781 343 2819 12782 402 2820 12783 401 2820 12784 395 2820 12785 401 2 12786 400 2 12787 396 2 12788 402 2 12789 395 2 12790 343 2 12791 400 2 12792 399 2 12793 397 2 12794 399 2821 12795 398 2821 12796 397 2821 12797 397 2 12798 396 2 12799 400 2 12800 396 2 12801 395 2 12802 401 2 12803 343 2 12804 342 2 12805 404 2 12806 1538 2822 12807 1537 2822 12808 341 2822 12809 1537 2823 12810 1536 2823 12811 341 2823 12812 1540 2824 12813 1539 2824 12814 245 2824 12815 1539 2 12816 1538 2 12817 340 2 12818 245 2825 12819 244 2825 12820 1540 2825 12821 340 2826 12822 245 2826 12823 1539 2826 12824 341 2827 12825 340 2827 12826 1538 2827 12827</p>
        </triangles>
        <triangles material="Color_E01_003-material" count="17">
          <input semantic="VERTEX" source="#Tòa_bò_sữa-mesh-vertices" offset="0"/>
          <input semantic="NORMAL" source="#Tòa_bò_sữa-mesh-normals" offset="1"/>
          <input semantic="TEXCOORD" source="#Tòa_bò_sữa-mesh-map-0" offset="2" set="0"/>
          <p>353 2 213 331 2 214 352 2 215 358 2 216 354 2 217 353 2 218 362 2 228 361 2 229 335 2 230 332 2 231 354 2 232 333 2 233 334 2 234 333 2 235 335 2 236 381 22 246 388 23 247 387 24 248 379 486 3924 357 486 3925 356 486 3926 353 2330 8913 354 2330 8914 355 2330 8915 355 2 8916 332 2 8917 331 2 8918 352 2 8919 356 2 8920 353 2 8921 353 2 8922 355 2 8923 331 2 8924 356 2331 8925 357 2331 8926 353 2331 8927 357 2 8928 358 2 8929 353 2 8930 335 2356 9045 333 2356 9046 362 2356 9047 333 2357 9048 354 2357 9049 358 2357 9050 362 2358 9051 333 2358 9052 358 2358 9053 332 2359 9054 355 2359 9055 354 2359 9056</p>
        </triangles>
        <triangles material="Color_M07_003-material" count="44">
          <input semantic="VERTEX" source="#Tòa_bò_sữa-mesh-vertices" offset="0"/>
          <input semantic="NORMAL" source="#Tòa_bò_sữa-mesh-normals" offset="1"/>
          <input semantic="TEXCOORD" source="#Tòa_bò_sữa-mesh-map-0" offset="2" set="0"/>
          <p>338 2 222 337 2 223 359 2 224 337 21 225 336 21 226 361 21 227 380 2 240 385 2 241 386 2 242 954 2 1638 885 2 1639 884 2 1640 1273 2 2718 1274 2 2719 1270 2 2720 1429 2 3279 1431 2 3280 1416 2 3281 1436 2 3408 1471 2 3409 377 2 3410 1435 420 3417 1391 420 3418 1436 420 3419 359 2 9006 294 2 9007 293 2 9008 293 2349 9009 292 2349 9010 359 2349 9011 292 2350 9012 291 2350 9013 359 2350 9014 291 2351 9015 290 2351 9016 359 2351 9017 290 2 9018 289 2 9019 359 2 9020 289 2 9021 288 2 9022 359 2 9023 288 2 9024 287 2 9025 359 2 9026 287 2352 9027 286 2352 9028 339 2352 9029 287 2353 9030 339 2353 9031 338 2353 9032 337 2 9033 360 2 9034 359 2 9035 287 2354 9036 338 2354 9037 359 2354 9038 361 2355 9039 360 2355 9040 337 2355 9041 336 2 9042 335 2 9043 361 2 9044 386 2364 9087 381 2364 9088 378 2364 9089 381 2 9090 382 2 9091 383 2 9092 378 2365 9093 381 2365 9094 383 2365 9095 383 2 9096 384 2 9097 378 2 9098 384 2 9099 371 2 9100 378 2 9101 380 2366 9102 379 2366 9103 385 2366 9104 378 2 9105 380 2 9106 386 2 9107 954 2 10935 851 2 10936 885 2 10937 1276 2 11577 1271 2 11578 1272 2 11579 1270 2673 11580 934 2673 11581 936 2673 11582 1276 2 11583 1272 2 11584 1270 2 11585 1274 2 11586 1275 2 11587 1270 2 11588 1275 2 11589 1276 2 11590 1270 2 11591 936 2 11592 1273 2 11593 1270 2 11594 1429 2 12174 1430 2 12175 1431 2 12176 1431 2740 12177 1417 2740 12178 1416 2740 12179 1390 2 12300 1471 2 12301 1436 2 12302 1471 2 12303 301 2 12304 377 2 12305 1435 2765 12330 1395 2765 12331 1394 2765 12332 1394 2766 12333 1393 2766 12334 1435 2766 12335 1393 2 12336 1392 2 12337 1435 2 12338 1392 2 12339 1391 2 12340 1435 2 12341 1391 2 12342 1390 2 12343 1436 2 12344</p>
        </triangles>
        <triangles material="Color_D02_003-material" count="1">
          <input semantic="VERTEX" source="#Tòa_bò_sữa-mesh-vertices" offset="0"/>
          <input semantic="NORMAL" source="#Tòa_bò_sữa-mesh-normals" offset="1"/>
          <input semantic="TEXCOORD" source="#Tòa_bò_sữa-mesh-map-0" offset="2" set="0"/>
          <p>381 2 243 387 2 244 382 2 245</p>
        </triangles>
        <triangles material="Color_B04_003-material" count="50">
          <input semantic="VERTEX" source="#Tòa_bò_sữa-mesh-vertices" offset="0"/>
          <input semantic="NORMAL" source="#Tòa_bò_sữa-mesh-normals" offset="1"/>
          <input semantic="TEXCOORD" source="#Tòa_bò_sữa-mesh-map-0" offset="2" set="0"/>
          <p>978 224 1569 979 224 1570 164 224 1571 1055 248 1746 1056 248 1747 1043 248 1748 1059 2 1749 1062 2 1750 980 2 1751 982 2599 10755 972 2599 10756 975 2599 10757 972 2600 10758 973 2600 10759 974 2600 10760 972 2601 10761 974 2601 10762 975 2601 10763 164 2 10764 263 2 10765 977 2 10766 263 2602 10767 982 2602 10768 975 2602 10769 976 2603 10770 263 2603 10771 975 2603 10772 969 2604 10773 165 2604 10774 164 2604 10775 971 2 10776 970 2 10777 164 2 10778 970 2 10779 969 2 10780 164 2 10781 957 2 10782 956 2 10783 981 2 10784 956 2605 10785 971 2605 10786 981 2605 10787 981 2 10788 971 2 10789 164 2 10790 980 2606 10791 981 2606 10792 164 2606 10793 263 2607 10794 976 2607 10795 977 2607 10796 979 2 10797 980 2 10798 164 2 10799 164 2608 10800 977 2608 10801 978 2608 10802 1049 2623 10938 973 2623 10939 1050 2623 10940 1050 2 10941 1051 2 10942 1049 2 10943 1051 2 10944 1048 2 10945 1049 2 10946 1048 2 10947 1045 2 10948 1057 2 10949 1045 2 10950 1043 2 10951 1056 2 10952 1057 2 10953 1045 2 10954 1056 2 10955 1043 2624 10956 1042 2624 10957 1055 2624 10958 1042 2 10959 1040 2 10960 1055 2 10961 1055 2625 10962 1040 2625 10963 1054 2625 10964 1040 2 10965 1038 2 10966 1054 2 10967 1038 2 10968 1036 2 10969 1053 2 10970 1036 2 10971 1035 2 10972 1052 2 10973 1035 2 10974 964 2 10975 1052 2 10976 1038 2626 10977 1053 2626 10978 1054 2626 10979 1060 2 10980 1048 2 10981 1057 2 10982 1060 2627 10983 1049 2627 10984 1048 2627 10985 1058 2 10986 1059 2 10987 1060 2 10988 1057 2628 10989 1058 2628 10990 1060 2628 10991 1036 2629 10992 1052 2629 10993 1053 2629 10994 1062 2 10995 1061 2 10996 981 2 10997 1061 2630 10998 957 2630 10999 981 2630 11000 981 2 11001 980 2 11002 1062 2 11003 980 2631 11004 979 2631 11005 1059 2631 11006 979 2 11007 978 2 11008 1059 2 11009 978 2 11010 977 2 11011 1060 2 11012 977 2632 11013 976 2632 11014 1060 2632 11015 976 2 11016 975 2 11017 1049 2 11018 975 2 11019 974 2 11020 1049 2 11021 974 2 11022 973 2 11023 1049 2 11024 1049 2 11025 1060 2 11026 976 2 11027 1060 2 11028 1059 2 11029 978 2 11030</p>
        </triangles>
        <triangles material="Color_M08_003-material" count="146">
          <input semantic="VERTEX" source="#Tòa_bò_sữa-mesh-vertices" offset="0"/>
          <input semantic="NORMAL" source="#Tòa_bò_sữa-mesh-normals" offset="1"/>
          <input semantic="TEXCOORD" source="#Tòa_bò_sữa-mesh-map-0" offset="2" set="0"/>
          <p>1118 2 2067 234 2 2068 163 2 2069 1119 2 2070 234 2 2071 1118 2 2072 1120 294 2073 234 294 2074 1119 294 2075 1120 2 2076 235 2 2077 234 2 2078 235 2 2079 1120 2 2080 162 2 2081 1121 2 2082 162 2 2083 1120 2 2084 162 2 2085 1121 2 2086 163 2 2087 163 2 2088 1121 2 2089 1122 2 2090 1121 2 2091 1123 2 2092 1122 2 2093 1123 2 2094 1121 2 2095 1124 2 2096 1120 2 2097 1124 2 2098 1121 2 2099 1124 2 2100 1120 2 2101 1119 2 2102 1124 295 2103 1119 295 2104 1125 295 2105 1125 2 2106 1119 2 2107 1126 2 2108 1122 2 2109 1126 2 2110 1119 2 2111 1122 2 2112 1123 2 2113 1126 2 2114 163 296 2139 1122 296 2140 1118 296 2141 57 2 2148 1134 2 2149 236 2 2150 57 300 2151 1135 300 2152 1134 300 2153 57 301 2154 1136 301 2155 1135 301 2156 57 2 2157 1137 2 2158 1136 2 2159 57 302 2160 1138 302 2161 1137 302 2162 57 303 2163 1139 303 2164 1138 303 2165 161 304 2166 1139 304 2167 57 304 2168 1139 2 2169 161 2 2170 1140 2 2171 237 2 2172 1140 2 2173 161 2 2174 1140 305 2175 237 305 2176 236 305 2177 1140 306 2178 236 306 2179 1141 306 2180 1141 307 2181 236 307 2182 1142 307 2183 1142 2 2184 236 2 2185 1143 2 2186 1143 308 2187 236 308 2188 1144 308 2189 1144 309 2190 236 309 2191 1145 309 2192 1145 2 2193 236 2 2194 1146 2 2195 1146 2 2196 236 2 2197 1134 2 2198 1151 2 2205 1148 2 2206 1152 2 2207 1169 2 2241 1152 2 2242 1171 2 2243 1176 2 2256 1175 2 2257 1172 2 2258 1175 2 2259 1176 2 2260 1177 2 2261 1178 2 2262 1177 2 2263 1176 2 2264 1177 2 2265 1178 2 2266 1171 2 2267 1171 2 2268 1178 2 2269 1179 2 2270 1176 2 2286 1172 2 2287 1184 2 2288 1184 2 2289 1172 2 2290 1179 2 2291 1171 2 2292 1179 2 2293 1172 2 2294 1189 2 2313 1188 2 2314 1175 2 2315 1188 2 2316 1189 2 2317 1185 2 2318 1190 2 2319 1185 2 2320 1189 2 2321 1185 2 2322 1190 2 2323 1177 2 2324 1177 2 2325 1190 2 2326 1191 2 2327 1189 2 2343 1175 2 2344 1196 2 2345 1196 2 2346 1175 2 2347 1191 2 2348 1177 2 2349 1191 2 2350 1175 2 2351 1185 2 2352 1197 2 2353 1188 2 2354 1185 2 2355 1198 2 2356 1197 2 2357 1186 2 2358 1198 2 2359 1185 2 2360 1198 2 2361 1186 2 2362 1199 2 2363 1187 2 2364 1199 2 2365 1186 2 2366 1199 2 2367 1187 2 2368 1188 2 2369 1199 310 2370 1188 310 2371 1200 310 2372 1200 2 2373 1188 2 2374 1197 2 2375 160 2 2409 1205 2 2410 238 2 2411 160 2 2412 1206 2 2413 1205 2 2414 160 311 2415 1207 311 2416 1206 311 2417 160 312 2418 1208 312 2419 1207 312 2420 160 313 2421 1209 313 2422 1208 313 2423 160 314 2424 1210 314 2425 1209 314 2426 160 315 2427 1211 315 2428 1210 315 2429 159 2 2430 1211 2 2431 160 2 2432 1211 2 2433 159 2 2434 1212 2 2435 159 2 2436 1213 2 2437 1212 2 2438 167 2 2439 1213 2 2440 159 2 2441 171 2 2442 1213 2 2443 167 2 2444 1213 2 2445 171 2 2446 238 2 2447 1213 316 2448 238 316 2449 1214 316 2450 1214 2 2451 238 2 2452 1215 2 2453 1215 317 2454 238 317 2455 1216 317 2456 1216 318 2457 238 318 2458 1217 318 2459 1217 319 2460 238 319 2461 1218 319 2462 1218 320 2463 238 320 2464 1219 320 2465 1219 2 2466 238 2 2467 1205 2 2468 1205 2 2469 1220 2 2470 1219 2 2471 1205 2 2472 1221 2 2473 1220 2 2474 1206 2 2475 1221 2 2476 1205 2 2477 1221 2 2478 1206 2 2479 1222 2 2480 1218 2 2481 1222 2 2482 1206 2 2483 1222 2 2484 1218 2 2485 1219 2 2486 1222 2 2487 1219 2 2488 1223 2 2489 1223 2 2490 1219 2 2491 1220 2 2492 1225 3 2493 1220 3 2494 1224 3 2495 1206 2 2508 1228 2 2509 1218 2 2510 1206 2 2511 1229 2 2512 1228 2 2513 1207 2 2514 1229 2 2515 1206 2 2516 1229 2 2517 1207 2 2518 1230 2 2519 1217 2 2520 1230 2 2521 1207 2 2522 1230 2 2523 1217 2 2524 1218 2 2525 1230 2 2526 1218 2 2527 1231 2 2528 1231 2 2529 1218 2 2530 1228 2 2531 1233 3 2532 1228 3 2533 1232 3 2534 1207 2 2547 1236 2 2548 1217 2 2549 1207 2 2550 1237 2 2551 1236 2 2552 1208 2 2553 1237 2 2554 1207 2 2555 1237 2 2556 1208 2 2557 1238 2 2558 1216 2 2559 1238 2 2560 1208 2 2561 1238 2 2562 1216 2 2563 1217 2 2564 1238 2 2565 1217 2 2566 1239 2 2567 1239 2 2568 1217 2 2569 1236 2 2570 1208 2 2586 1244 2 2587 1216 2 2588 1208 2 2589 1245 2 2590 1244 2 2591 1209 2 2592 1245 2 2593 1208 2 2594 1245 2 2595 1209 2 2596 1246 2 2597 1215 2 2598 1246 2 2599 1209 2 2600 1246 2 2601 1215 2 2602 1216 2 2603 1246 2 2604 1216 2 2605 1247 2 2606 1247 2 2607 1216 2 2608 1244 2 2609 1209 2 2625 1252 2 2626 1215 2 2627 1209 2 2628 1253 2 2629 1252 2 2630 1210 2 2631 1253 2 2632 1209 2 2633 1253 2 2634 1210 2 2635 1254 2 2636 1214 2 2637 1254 2 2638 1210 2 2639 1254 2 2640 1214 2 2641 1215 2 2642 1254 321 2643 1215 321 2644 1255 321 2645 1255 2 2646 1215 2 2647 1252 2 2648 1210 2 2664 1260 2 2665 1214 2 2666 1210 2 2667 1261 2 2668 1260 2 2669 1211 2 2670 1261 2 2671 1210 2 2672 1261 2 2673 1211 2 2674 1262 2 2675 1262 2 2676 1211 2 2677 1263 2 2678 1211 2 2679 1213 2 2680 1263 2 2681 1213 322 2682 1211 323 2683 1212 323 2684 1263 2 2685 1213 2 2686 1214 2 2687 1263 324 2688 1214 324 2689 1264 324 2690 1264 2 2691 1214 2 2692 1260 2 2693 1151 2 11298 1149 2 11299 1147 2 11300 1152 2 11301 1153 2 11302 1155 2 11303 1153 2 11304 1154 2 11305 1155 2 11306 1151 2 11307 1147 2 11308 1148 2 11309 1152 2 11310 1155 2 11311 1151 2 11312 1172 2 11352 1170 2 11353 1167 2 11354 1170 2 11355 1168 2 11356 1167 2 11357 1160 2 11358 1153 2 11359 1163 2 11360 1153 2 11361 1152 2 11362 1163 2 11363 1171 2 11364 1172 2 11365 1169 2 11366 1172 2 11367 1167 2 11368 1169 2 11369 1169 2670 11370 1163 2670 11371 1152 2670 11372 1225 3 11481 1223 3 11482 1220 3 11483 1233 3 11496 1231 3 11497 1228 3 11498</p>
        </triangles>
        <triangles material="Niraj_Pant_Shadow_002-material" count="26">
          <input semantic="VERTEX" source="#Tòa_bò_sữa-mesh-vertices" offset="0"/>
          <input semantic="NORMAL" source="#Tòa_bò_sữa-mesh-normals" offset="1"/>
          <input semantic="TEXCOORD" source="#Tòa_bò_sữa-mesh-map-0" offset="2" set="0"/>
          <p>1127 2 2118 1130 2 2119 1128 2 2120 1133 2 2133 1132 2 2134 1131 2 2135 1154 2 2208 1151 2 2209 1155 2 2210 1161 2 2229 1162 2 2230 1166 2 2231 1181 2 2274 1183 2 2275 1182 2 2276 1193 2 2331 1195 2 2332 1194 2 2333 1204 2 2379 1201 2 2380 1203 2 2381 1227 2 2496 1224 2 2497 1226 2 2498 1233 2 2535 1235 2 2536 1234 2 2537 1249 2 2613 1251 2 2614 1250 2 2615 1257 2 2652 1259 2 2653 1258 2 2654 1265 2 2697 1267 2 2698 1268 2 2699 1127 2 11268 1129 2 11269 1130 2 11270 1154 2 11313 1149 2 11314 1151 2 11315 1166 2 11334 1164 2 11335 1161 2 11336 1164 2669 11337 1165 2669 11338 1161 2669 11339 1165 2 11340 1159 2 11341 1161 2 11342 1181 2 11403 1180 2 11404 1183 2 11405 1193 2 11436 1192 2 11437 1195 2 11438 1204 2 11451 1202 2 11452 1201 2 11453 1227 2 11484 1225 2 11485 1224 2 11486 1233 2 11499 1232 2 11500 1235 2 11501 1249 2 11529 1248 2 11530 1251 2 11531 1257 2 11544 1256 2 11545 1259 2 11546 1269 2 11559 1266 2 11560 1268 2 11561 1266 2 11562 1265 2 11563 1268 2 11564</p>
        </triangles>
        <triangles material="Color_M05_003-material" count="2">
          <input semantic="VERTEX" source="#Tòa_bò_sữa-mesh-vertices" offset="0"/>
          <input semantic="NORMAL" source="#Tòa_bò_sữa-mesh-normals" offset="1"/>
          <input semantic="TEXCOORD" source="#Tòa_bò_sữa-mesh-map-0" offset="2" set="0"/>
          <p>1240 2 2574 1243 2 2575 1241 2 2576 1240 2 11514 1242 2 11515 1243 2 11516</p>
        </triangles>
        <triangles material="FrontColor_003-material" count="2896">
          <input semantic="VERTEX" source="#Tòa_bò_sữa-mesh-vertices" offset="0"/>
          <input semantic="NORMAL" source="#Tòa_bò_sữa-mesh-normals" offset="1"/>
          <input semantic="TEXCOORD" source="#Tòa_bò_sữa-mesh-map-0" offset="2" set="0"/>
          <p>1669 4 4161 1670 4 4162 1641 4 4163 1634 521 4164 1688 522 4165 1635 523 4166 1686 524 4167 1687 525 4168 1634 526 4169 1685 527 4170 1689 528 4171 1686 529 4172 1684 530 4173 1690 531 4174 1685 532 4175 1683 533 4176 1691 534 4177 1684 535 4178 1682 5 4179 1692 5 4180 1683 5 4181 1681 1 4182 1693 1 4183 1682 1 4184 1680 0 4185 1694 0 4186 1681 0 4187 1679 3 4188 1695 3 4189 1680 3 4190 1678 0 4191 1696 0 4192 1679 0 4193 1677 536 4194 1697 537 4195 1678 538 4196 1676 539 4197 1698 540 4198 1677 541 4199 1675 542 4200 1699 543 4201 1676 544 4202 1674 545 4203 1700 546 4204 1675 547 4205 1673 548 4206 1701 549 4207 1674 550 4208 1672 551 4209 1702 552 4210 1673 553 4211 1671 554 4212 1703 555 4213 1672 556 4214 1670 557 4215 1704 558 4216 1671 559 4217 1669 560 4218 1705 561 4219 1670 562 4220 1668 563 4221 1706 564 4222 1669 565 4223 1667 566 4224 1707 567 4225 1668 568 4226 1666 569 4227 1708 570 4228 1667 571 4229 1665 572 4230 1709 573 4231 1666 574 4232 1664 575 4233 1710 576 4234 1665 577 4235 1663 578 4236 1711 579 4237 1664 580 4238 1662 581 4239 1712 582 4240 1663 583 4241 1661 584 4242 1713 585 4243 1662 586 4244 1660 587 4245 1714 588 4246 1661 589 4247 1659 590 4248 1715 591 4249 1660 592 4250 1658 593 4251 1716 594 4252 1659 595 4253 1657 596 4254 1717 597 4255 1658 598 4256 1656 599 4257 1718 600 4258 1657 601 4259 1655 3 4260 1719 3 4261 1656 3 4262 1654 5 4263 1720 5 4264 1655 5 4265 1653 602 4266 1721 603 4267 1654 604 4268 1652 605 4269 1722 606 4270 1653 607 4271 1651 608 4272 1723 609 4273 1652 610 4274 1650 611 4275 1724 612 4276 1651 613 4277 1649 614 4278 1725 615 4279 1650 616 4280 1648 617 4281 1726 618 4282 1649 619 4283 1647 620 4284 1727 621 4285 1648 622 4286 1646 623 4287 1728 624 4288 1647 625 4289 1645 626 4290 1729 627 4291 1646 628 4292 1644 629 4293 1730 630 4294 1645 631 4295 1643 632 4296 1731 633 4297 1644 634 4298 1642 635 4299 1732 636 4300 1643 637 4301 1641 638 4302 1733 639 4303 1642 640 4304 1640 641 4305 1734 642 4306 1641 643 4307 1639 644 4308 1735 645 4309 1640 646 4310 1638 647 4311 1736 648 4312 1639 649 4313 1637 650 4314 1737 651 4315 1638 652 4316 1636 653 4317 1738 654 4318 1637 655 4319 1635 656 4320 1739 657 4321 1636 658 4322 1707 2 4323 1708 2 4324 1733 2 4325 1740 4 4326 1741 4 4327 1742 4 4328 1741 4 4329 1740 4 4330 1743 4 4331 1743 4 4332 1740 4 4333 1744 4 4334 1744 4 4335 1740 4 4336 1745 4 4337 1745 4 4338 1740 4 4339 1746 4 4340 1740 1 4341 1748 1 4342 1746 1 4343 1742 659 4344 1747 660 4345 1740 661 4346 1741 3 4347 1749 3 4348 1742 3 4349 1743 662 4350 1750 663 4351 1741 664 4352 1752 3 4353 1751 3 4354 1743 3 4355 1744 4 4356 1752 4 4357 1743 4 4358 1752 4 4359 1744 4 4360 1754 4 4361 1744 1 4362 1756 1 4363 1754 1 4364 1745 665 4365 1755 666 4366 1744 667 4367 1754 668 4368 1757 669 4369 1745 670 4370 1745 4 4371 1746 4 4372 1754 4 4373 1754 4 4374 1746 4 4375 1758 4 4376 1746 671 4377 1759 672 4378 1758 673 4379 1748 674 4380 1756 674 4381 1759 674 4382 1748 2 4383 1757 2 4384 1756 2 4385 1747 2 4386 1757 2 4387 1748 2 4388 1747 2 4389 1755 2 4390 1757 2 4391 1747 675 4392 1751 675 4393 1755 675 4394 1747 676 4395 1750 676 4396 1751 676 4397 1750 2 4398 1747 2 4399 1749 2 4400 1753 2 4401 1755 2 4402 1751 2 4403 1755 2 4404 1753 2 4405 1756 2 4406 1759 677 4407 1756 677 4408 1753 677 4409 1759 2 4410 1753 2 4411 1760 2 4412 1761 678 4413 1753 679 4414 1752 680 4415 1752 4 4416 1758 4 4417 1761 4 4418 1754 681 4419 1758 681 4420 1752 681 4421 1758 3 4422 1760 3 4423 1761 3 4424 1764 4 4425 1765 4 4426 1766 4 4427 1762 3 4428 1769 3 4429 1763 3 4430 1767 5 4431 1768 5 4432 1762 5 4433 1766 1 4434 1770 1 4435 1767 1 4436 1765 5 4437 1771 5 4438 1766 5 4439 1764 1 4440 1772 1 4441 1765 1 4442 1763 0 4443 1773 0 4444 1764 0 4445 1769 2 4446 1771 2 4447 1773 2 4448 1776 4 4449 1777 4 4450 1778 4 4451 1774 3 4452 1781 3 4453 1775 3 4454 1779 5 4455 1780 5 4456 1774 5 4457 1778 1 4458 1782 1 4459 1779 1 4460 1777 5 4461 1783 5 4462 1778 5 4463 1776 1 4464 1784 1 4465 1777 1 4466 1775 0 4467 1785 0 4468 1776 0 4469 1781 2 4470 1783 2 4471 1785 2 4472 1791 4 4473 1793 4 4474 1794 4 4475 1786 0 4476 1799 0 4477 1787 0 4478 1797 3 4479 1798 3 4480 1786 3 4481 1796 5 4482 1800 5 4483 1797 5 4484 1795 1 4485 1801 1 4486 1796 1 4487 1794 5 4488 1802 5 4489 1795 5 4490 1793 3 4491 1803 3 4492 1794 3 4493 1792 5 4494 1804 5 4495 1793 5 4496 1791 1 4497 1805 1 4498 1792 1 4499 1790 5 4500 1806 5 4501 1791 5 4502 1789 3 4503 1807 3 4504 1790 3 4505 1788 5 4506 1808 5 4507 1789 5 4508 1787 1 4509 1809 1 4510 1788 1 4511 1799 682 4512 1803 682 4513 1806 682 4514 1810 4 4515 1811 4 4516 1812 4 4517 1811 4 4518 1810 4 4519 1813 4 4520 1810 1 4521 1815 683 4522 1813 684 4523 1812 0 4524 1814 0 4525 1810 0 4526 1817 3 4527 1816 3 4528 1812 3 4529 1811 4 4530 1817 4 4531 1812 4 4532 1817 685 4533 1811 686 4534 1819 687 4535 1811 5 4536 1821 5 4537 1819 5 4538 1822 688 4539 1820 3 4540 1811 3 4541 1811 4 4542 1813 4 4543 1822 4 4544 1822 689 4545 1813 689 4546 1824 689 4547 1813 690 4548 1825 691 4549 1824 692 4550 1815 2 4551 1823 2 4552 1825 2 4553 1815 2 4554 1820 2 4555 1823 2 4556 1814 2 4557 1820 2 4558 1815 2 4559 1814 2 4560 1818 2 4561 1820 2 4562 1818 2 4563 1814 2 4564 1816 2 4565 1820 693 4566 1818 693 4567 1826 693 4568 1827 5 4569 1818 5 4570 1817 5 4571 1817 694 4572 1819 695 4573 1827 695 4574 1828 4 4575 1827 4 4576 1819 4 4577 1827 4 4578 1828 4 4579 1829 4 4580 1829 696 4581 1828 696 4582 1830 696 4583 1828 697 4584 1832 698 4585 1830 699 4586 1819 1 4587 1831 700 4588 1828 701 4589 1821 2 4590 1833 2 4591 1831 2 4592 1833 2 4593 1821 2 4594 1826 2 4595 1820 702 4596 1826 703 4597 1821 703 4598 1829 3 4599 1826 3 4600 1827 3 4601 1834 704 4602 1833 705 4603 1829 706 4604 1829 4 4605 1830 4 4606 1834 4 4607 1834 707 4608 1830 707 4609 1836 707 4610 1836 708 4611 1830 708 4612 1837 708 4613 1830 709 4614 1838 710 4615 1837 711 4616 1832 712 4617 1839 712 4618 1838 712 4619 1832 2 4620 1835 2 4621 1839 2 4622 1832 2 4623 1833 2 4624 1835 2 4625 1831 2 4626 1833 2 4627 1832 2 4628 1839 2 4629 1835 2 4630 1840 2 4631 1841 3 4632 1835 3 4633 1834 3 4634 1834 4 4635 1836 4 4636 1841 4 4637 1836 713 4638 1840 714 4639 1841 715 4640 1842 716 4641 1839 717 4642 1836 718 4643 1836 4 4644 1844 4 4645 1842 4 4646 1844 4 4647 1836 4 4648 1837 4 4649 1837 719 4650 1845 720 4651 1844 721 4652 1839 722 4653 1845 722 4654 1838 722 4655 1845 723 4656 1839 723 4657 1843 723 4658 1845 2 4659 1843 2 4660 1846 2 4661 1846 2 4662 1843 2 4663 1847 2 4664 1847 2 4665 1843 2 4666 1848 2 4667 1849 724 4668 1848 724 4669 1843 724 4670 1849 725 4671 1850 725 4672 1848 725 4673 1849 726 4674 1851 726 4675 1850 726 4676 1852 2 4677 1851 2 4678 1849 2 4679 1852 2 4680 1853 2 4681 1851 2 4682 1852 727 4683 1854 727 4684 1853 727 4685 1825 2 4686 1854 2 4687 1852 2 4688 1825 728 4689 1855 728 4690 1854 728 4691 1825 729 4692 1823 729 4693 1855 729 4694 1856 730 4695 1823 731 4696 1822 732 4697 1822 733 4698 1824 733 4699 1856 733 4700 1856 4 4701 1824 4 4702 1857 4 4703 1857 734 4704 1824 734 4705 1858 734 4706 1824 735 4707 1852 736 4708 1858 737 4709 1858 738 4710 1849 739 4711 1859 740 4712 1860 741 4713 1858 741 4714 1859 741 4715 1861 742 4716 1858 742 4717 1860 742 4718 1857 743 4719 1858 743 4720 1861 743 4721 1861 744 4722 1854 745 4723 1857 746 4724 1860 747 4725 1853 748 4726 1861 749 4727 1862 750 4728 1851 751 4729 1860 752 4730 1860 4 4731 1859 4 4732 1862 4 4733 1862 4 4734 1859 4 4735 1863 4 4736 1863 4 4737 1859 4 4738 1842 4 4739 1842 4 4740 1859 4 4741 1864 4 4742 1864 753 4743 1859 753 4744 1865 753 4745 1859 754 4746 1866 755 4747 1865 756 4748 1849 2 4749 1867 2 4750 1866 2 4751 1849 757 4752 1843 757 4753 1867 757 4754 1864 758 4755 1843 759 4756 1842 760 4757 1868 761 4758 1867 762 4759 1864 763 4760 1864 4 4761 1870 4 4762 1868 4 4763 1864 764 4764 1865 764 4765 1870 764 4766 1865 765 4767 1871 766 4768 1870 767 4769 1866 768 4770 1867 768 4771 1871 768 4772 1871 769 4773 1867 769 4774 1869 769 4775 1871 770 4776 1869 770 4777 1872 770 4778 1873 771 4779 1869 772 4780 1868 773 4781 1868 4 4782 1870 4 4783 1873 4 4784 1873 774 4785 1870 774 4786 1874 774 4787 1870 775 4788 1875 776 4789 1874 777 4790 1871 2 4791 1872 2 4792 1875 2 4793 1875 2 4794 1872 2 4795 1876 2 4796 1877 778 4797 1872 779 4798 1873 780 4799 1873 781 4800 1874 781 4801 1877 781 4802 1874 782 4803 1876 783 4804 1877 784 4805 1842 785 4806 1878 785 4807 1863 785 4808 1842 4 4809 1879 4 4810 1878 4 4811 1842 786 4812 1844 786 4813 1879 786 4814 1844 787 4815 1846 788 4816 1879 789 4817 1879 790 4818 1847 791 4819 1878 792 4820 1878 793 4821 1848 794 4822 1863 795 4823 1863 796 4824 1850 797 4825 1862 798 4826 1857 799 4827 1855 800 4828 1856 801 4829 1881 4 4830 1884 4 4831 1887 4 4832 1880 802 4833 1890 803 4834 1881 804 4835 1888 1 4836 1889 1 4837 1880 1 4838 1887 805 4839 1891 806 4840 1888 807 4841 1886 808 4842 1892 809 4843 1887 810 4844 1885 1 4845 1893 1 4846 1886 1 4847 1884 811 4848 1894 812 4849 1885 813 4850 1883 0 4851 1895 0 4852 1884 0 4853 1882 3 4854 1896 3 4855 1883 3 4856 1881 5 4857 1897 5 4858 1882 5 4859 1890 2 4860 1892 2 4861 1895 2 4862 1898 4 4863 1899 4 4864 1900 4 4865 1899 4 4866 1898 4 4867 1901 4 4868 1901 4 4869 1898 4 4870 1902 4 4871 1902 4 4872 1898 4 4873 1903 4 4874 1903 4 4875 1898 4 4876 1904 4 4877 1898 1 4878 1906 1 4879 1904 1 4880 1900 814 4881 1905 815 4882 1898 816 4883 1899 3 4884 1907 3 4885 1900 3 4886 1901 817 4887 1908 818 4888 1899 819 4889 1910 3 4890 1909 3 4891 1901 3 4892 1902 4 4893 1910 4 4894 1901 4 4895 1910 4 4896 1902 4 4897 1912 4 4898 1902 1 4899 1914 1 4900 1912 1 4901 1903 820 4902 1913 821 4903 1902 822 4904 1912 823 4905 1915 824 4906 1903 825 4907 1903 4 4908 1904 4 4909 1912 4 4910 1912 4 4911 1904 4 4912 1916 4 4913 1904 826 4914 1917 827 4915 1916 828 4916 1906 829 4917 1914 829 4918 1917 829 4919 1906 2 4920 1915 2 4921 1914 2 4922 1905 2 4923 1915 2 4924 1906 2 4925 1905 2 4926 1913 2 4927 1915 2 4928 1905 830 4929 1909 830 4930 1913 830 4931 1905 831 4932 1908 831 4933 1909 831 4934 1908 2 4935 1905 2 4936 1907 2 4937 1911 2 4938 1913 2 4939 1909 2 4940 1913 2 4941 1911 2 4942 1914 2 4943 1917 832 4944 1914 832 4945 1911 832 4946 1917 2 4947 1911 2 4948 1918 2 4949 1919 833 4950 1911 834 4951 1910 835 4952 1910 4 4953 1916 4 4954 1919 4 4955 1912 836 4956 1916 836 4957 1910 836 4958 1916 3 4959 1918 3 4960 1919 3 4961 1920 4 4962 1921 4 4963 1922 4 4964 1921 4 4965 1920 4 4966 1923 4 4967 1920 1 4968 1925 837 4969 1923 838 4970 1922 0 4971 1924 0 4972 1920 0 4973 1927 3 4974 1926 3 4975 1922 3 4976 1921 4 4977 1927 4 4978 1922 4 4979 1927 685 4980 1921 686 4981 1929 687 4982 1921 5 4983 1931 5 4984 1929 5 4985 1932 688 4986 1930 3 4987 1921 3 4988 1921 4 4989 1923 4 4990 1932 4 4991 1932 689 4992 1923 689 4993 1934 689 4994 1923 839 4995 1935 840 4996 1934 841 4997 1925 2 4998 1933 2 4999 1935 2 5000 1925 2 5001 1930 2 5002 1933 2 5003 1924 2 5004 1930 2 5005 1925 2 5006 1924 2 5007 1928 2 5008 1930 2 5009 1928 2 5010 1924 2 5011 1926 2 5012 1930 693 5013 1928 693 5014 1936 693 5015 1937 5 5016 1928 5 5017 1927 5 5018 1927 694 5019 1929 695 5020 1937 695 5021 1938 4 5022 1937 4 5023 1929 4 5024 1937 4 5025 1938 4 5026 1939 4 5027 1939 842 5028 1938 842 5029 1940 842 5030 1938 843 5031 1942 844 5032 1940 699 5033 1929 1 5034 1941 845 5035 1938 846 5036 1931 2 5037 1943 2 5038 1941 2 5039 1943 2 5040 1931 2 5041 1936 2 5042 1930 702 5043 1936 703 5044 1931 703 5045 1939 3 5046 1936 3 5047 1937 3 5048 1944 704 5049 1943 705 5050 1939 706 5051 1939 4 5052 1940 4 5053 1944 4 5054 1944 847 5055 1940 847 5056 1946 847 5057 1946 708 5058 1940 708 5059 1947 708 5060 1940 709 5061 1948 710 5062 1947 711 5063 1942 848 5064 1949 848 5065 1948 848 5066 1942 2 5067 1945 2 5068 1949 2 5069 1942 2 5070 1943 2 5071 1945 2 5072 1941 2 5073 1943 2 5074 1942 2 5075 1949 2 5076 1945 2 5077 1950 2 5078 1951 3 5079 1945 3 5080 1944 3 5081 1944 4 5082 1946 4 5083 1951 4 5084 1946 849 5085 1950 850 5086 1951 851 5087 1952 852 5088 1949 853 5089 1946 854 5090 1946 4 5091 1954 4 5092 1952 4 5093 1954 4 5094 1946 4 5095 1947 4 5096 1947 855 5097 1955 856 5098 1954 857 5099 1949 722 5100 1955 722 5101 1948 722 5102 1955 858 5103 1949 858 5104 1953 858 5105 1955 2 5106 1953 2 5107 1956 2 5108 1956 2 5109 1953 2 5110 1957 2 5111 1957 2 5112 1953 2 5113 1958 2 5114 1959 724 5115 1958 724 5116 1953 724 5117 1959 725 5118 1960 725 5119 1958 725 5120 1959 726 5121 1961 726 5122 1960 726 5123 1962 2 5124 1961 2 5125 1959 2 5126 1962 2 5127 1963 2 5128 1961 2 5129 1962 859 5130 1964 859 5131 1963 859 5132 1935 2 5133 1964 2 5134 1962 2 5135 1935 728 5136 1965 728 5137 1964 728 5138 1935 729 5139 1933 729 5140 1965 729 5141 1966 860 5142 1933 861 5143 1932 862 5144 1932 863 5145 1934 863 5146 1966 863 5147 1966 4 5148 1934 4 5149 1967 4 5150 1967 864 5151 1934 864 5152 1968 864 5153 1934 865 5154 1962 866 5155 1968 867 5156 1968 868 5157 1959 869 5158 1969 870 5159 1970 741 5160 1968 741 5161 1969 741 5162 1971 871 5163 1968 871 5164 1970 871 5165 1967 872 5166 1968 872 5167 1971 872 5168 1971 873 5169 1964 874 5170 1967 875 5171 1970 876 5172 1963 877 5173 1971 878 5174 1972 879 5175 1961 880 5176 1970 881 5177 1970 4 5178 1969 4 5179 1972 4 5180 1972 4 5181 1969 4 5182 1973 4 5183 1973 4 5184 1969 4 5185 1952 4 5186 1952 4 5187 1969 4 5188 1974 4 5189 1974 753 5190 1969 753 5191 1975 753 5192 1969 882 5193 1976 883 5194 1975 884 5195 1959 2 5196 1977 2 5197 1976 2 5198 1959 757 5199 1953 757 5200 1977 757 5201 1974 758 5202 1953 759 5203 1952 885 5204 1978 761 5205 1977 762 5206 1974 763 5207 1974 4 5208 1980 4 5209 1978 4 5210 1974 886 5211 1975 886 5212 1980 886 5213 1975 887 5214 1981 888 5215 1980 889 5216 1976 890 5217 1977 890 5218 1981 890 5219 1981 769 5220 1977 769 5221 1979 769 5222 1981 891 5223 1979 891 5224 1982 891 5225 1983 771 5226 1979 892 5227 1978 893 5228 1978 4 5229 1980 4 5230 1983 4 5231 1983 774 5232 1980 774 5233 1984 774 5234 1980 894 5235 1985 895 5236 1984 896 5237 1981 2 5238 1982 2 5239 1985 2 5240 1985 2 5241 1982 2 5242 1986 2 5243 1987 897 5244 1982 898 5245 1983 899 5246 1983 900 5247 1984 900 5248 1987 900 5249 1984 901 5250 1986 902 5251 1987 903 5252 1952 785 5253 1988 785 5254 1973 785 5255 1952 4 5256 1989 4 5257 1988 4 5258 1952 904 5259 1954 904 5260 1989 904 5261 1954 905 5262 1956 906 5263 1989 907 5264 1989 908 5265 1957 909 5266 1988 910 5267 1988 911 5268 1958 912 5269 1973 913 5270 1973 914 5271 1960 915 5272 1972 916 5273 1967 917 5274 1965 918 5275 1966 919 5276 1991 4 5277 1993 4 5278 1996 4 5279 1990 0 5280 1999 0 5281 1991 0 5282 1997 3 5283 1998 3 5284 1990 3 5285 1996 5 5286 2000 5 5287 1997 5 5288 1995 3 5289 2001 3 5290 1996 3 5291 1994 5 5292 2002 5 5293 1995 5 5294 1993 1 5295 2003 1 5296 1994 1 5297 1992 0 5298 2004 0 5299 1993 0 5300 1991 3 5301 2005 3 5302 1992 3 5303 1999 2 5304 2001 2 5305 2004 2 5306 2041 4 5307 2042 4 5308 2013 4 5309 2006 920 5310 2059 921 5311 2007 922 5312 2057 923 5313 2058 924 5314 2006 925 5315 2056 926 5316 2060 927 5317 2057 928 5318 2055 929 5319 2061 930 5320 2056 931 5321 2054 932 5322 2062 933 5323 2055 934 5324 2053 5 5325 2063 5 5326 2054 5 5327 2052 1 5328 2064 1 5329 2053 1 5330 2051 935 5331 2065 936 5332 2052 937 5333 2050 938 5334 2066 939 5335 2051 940 5336 2049 941 5337 2067 942 5338 2050 943 5339 2048 944 5340 2068 945 5341 2049 946 5342 2047 947 5343 2069 948 5344 2048 949 5345 2046 950 5346 2070 951 5347 2047 952 5348 2045 953 5349 2071 954 5350 2046 955 5351 2044 956 5352 2072 957 5353 2045 958 5354 2043 959 5355 2073 960 5356 2044 961 5357 2042 962 5358 2074 963 5359 2043 964 5360 2041 965 5361 2075 966 5362 2042 967 5363 2040 968 5364 2076 969 5365 2041 970 5366 2039 971 5367 2077 972 5368 2040 973 5369 2038 974 5370 2078 975 5371 2039 976 5372 2037 977 5373 2079 978 5374 2038 979 5375 2036 980 5376 2080 981 5377 2037 982 5378 2035 983 5379 2081 984 5380 2036 985 5381 2034 986 5382 2082 987 5383 2035 988 5384 2033 989 5385 2083 990 5386 2034 991 5387 2032 992 5388 2084 993 5389 2033 994 5390 2031 995 5391 2085 996 5392 2032 997 5393 2030 998 5394 2086 999 5395 2031 1000 5396 2029 1001 5397 2087 1002 5398 2030 1003 5399 2028 1004 5400 2088 1005 5401 2029 1006 5402 2027 3 5403 2089 3 5404 2028 3 5405 2026 5 5406 2090 5 5407 2027 5 5408 2025 1007 5409 2091 1008 5410 2026 1009 5411 2024 1010 5412 2092 1011 5413 2025 1012 5414 2023 1013 5415 2093 1014 5416 2024 1015 5417 2022 1016 5418 2094 1017 5419 2023 1018 5420 2021 1019 5421 2095 1020 5422 2022 1021 5423 2020 1022 5424 2096 1023 5425 2021 1024 5426 2019 1025 5427 2097 1026 5428 2020 1027 5429 2018 1028 5430 2098 1029 5431 2019 1030 5432 2017 1031 5433 2099 1032 5434 2018 1033 5435 2016 1034 5436 2100 1035 5437 2017 1036 5438 2015 1037 5439 2101 1038 5440 2016 1039 5441 2014 1040 5442 2102 1041 5443 2015 1042 5444 2013 1043 5445 2103 1044 5446 2014 1045 5447 2012 1046 5448 2104 1047 5449 2013 1048 5450 2011 1049 5451 2105 1050 5452 2012 1051 5453 2010 1052 5454 2106 1053 5455 2011 1054 5456 2009 1055 5457 2107 1056 5458 2010 1057 5459 2008 1058 5460 2108 1059 5461 2009 1060 5462 2007 1061 5463 2109 1062 5464 2008 1063 5465 2078 2 5466 2079 2 5467 2102 2 5468 2111 4 5469 2112 4 5470 2115 4 5471 2117 4 5472 2110 4 5473 2111 4 5474 2110 4 5475 2117 4 5476 2118 4 5477 2118 1064 5478 2117 1064 5479 2119 1064 5480 2119 4 5481 2117 4 5482 2120 4 5483 2120 1065 5484 2117 1065 5485 2121 1065 5486 2121 4 5487 2117 4 5488 2122 4 5489 2117 1 5490 2124 1 5491 2122 1 5492 2111 1066 5493 2125 1067 5494 2126 1068 5495 2111 3 5496 2127 3 5497 2112 3 5498 2110 3 5499 2125 3 5500 2111 3 5501 2116 5 5502 2129 5 5503 2126 5 5504 2115 1 5505 2129 1 5506 2116 1 5507 2114 5 5508 2130 5 5509 2115 5 5510 2113 1 5511 2131 1 5512 2114 1 5513 2112 0 5514 2132 0 5515 2113 0 5516 2127 2 5517 2130 2 5518 2132 2 5519 2128 2 5520 2126 2 5521 2125 2 5522 2133 2 5523 2126 2 5524 2128 2 5525 2126 2 5526 2133 2 5527 2123 2 5528 2123 1069 5529 2133 1069 5530 2134 1069 5531 2119 1070 5532 2133 1071 5533 2118 1072 5534 2135 3 5535 2134 3 5536 2119 3 5537 2120 4 5538 2135 4 5539 2119 4 5540 2135 4 5541 2120 4 5542 2137 4 5543 2120 1 5544 2139 1 5545 2137 1 5546 2121 1073 5547 2138 1074 5548 2120 1075 5549 2137 1076 5550 2140 1077 5551 2121 1078 5552 2121 4 5553 2122 4 5554 2137 4 5555 2137 4 5556 2122 4 5557 2141 4 5558 2122 1079 5559 2142 1080 5560 2141 1081 5561 2124 2 5562 2139 2 5563 2142 2 5564 2124 2 5565 2140 2 5566 2139 2 5567 2123 2 5568 2140 2 5569 2124 2 5570 2123 2 5571 2138 2 5572 2140 2 5573 2123 1082 5574 2134 1082 5575 2138 1082 5576 2136 2 5577 2138 2 5578 2134 2 5579 2138 2 5580 2136 2 5581 2139 2 5582 2142 1083 5583 2139 1083 5584 2136 1083 5585 2142 2 5586 2136 2 5587 2143 2 5588 2144 1084 5589 2136 1085 5590 2135 1086 5591 2135 4 5592 2141 4 5593 2144 4 5594 2137 4 5595 2141 4 5596 2135 4 5597 2141 3 5598 2143 3 5599 2144 3 5600 2118 3 5601 2128 3 5602 2110 3 5603 2196 1087 5604 2197 1087 5605 2167 1087 5606 2145 1088 5607 2213 1089 5608 2146 1090 5609 2211 1091 5610 2212 1092 5611 2145 1093 5612 2210 1094 5613 2214 1095 5614 2211 1096 5615 2209 1097 5616 2215 1098 5617 2210 1099 5618 2208 1100 5619 2216 1101 5620 2209 1102 5621 2207 1103 5622 2217 1104 5623 2208 1105 5624 2206 1106 5625 2218 1107 5626 2207 1108 5627 2205 1109 5628 2219 1110 5629 2206 1111 5630 2204 1112 5631 2220 1113 5632 2205 1114 5633 2203 1115 5634 2221 1116 5635 2204 1117 5636 2202 1118 5637 2222 1119 5638 2203 1120 5639 2201 1121 5640 2223 1122 5641 2202 1123 5642 2200 1124 5643 2224 1125 5644 2201 1126 5645 2199 1127 5646 2225 1128 5647 2200 1129 5648 2198 1130 5649 2226 1131 5650 2199 1132 5651 2197 1133 5652 2227 1134 5653 2198 1135 5654 2196 1136 5655 2228 1137 5656 2197 1138 5657 2195 1139 5658 2229 1140 5659 2196 1141 5660 2194 1142 5661 2230 1143 5662 2195 1144 5663 2193 1145 5664 2231 1146 5665 2194 1147 5666 2192 1148 5667 2232 1149 5668 2193 1150 5669 2191 1151 5670 2233 1152 5671 2192 1153 5672 2190 1154 5673 2234 1155 5674 2191 1156 5675 2189 1157 5676 2235 1158 5677 2190 1159 5678 2188 1160 5679 2236 1161 5680 2189 1162 5681 2187 1163 5682 2237 1164 5683 2188 1165 5684 2186 1166 5685 2238 1167 5686 2187 1168 5687 2185 3 5688 2239 3 5689 2186 3 5690 2184 5 5691 2240 5 5692 2185 5 5693 2183 1169 5694 2241 1170 5695 2184 1171 5696 2182 1172 5697 2242 1173 5698 2183 1174 5699 2181 1175 5700 2243 1176 5701 2182 1177 5702 2180 1178 5703 2244 1179 5704 2181 1180 5705 2179 1181 5706 2245 1182 5707 2180 1183 5708 2178 1184 5709 2246 1185 5710 2179 1186 5711 2177 1187 5712 2247 1188 5713 2178 1189 5714 2176 1190 5715 2248 1191 5716 2177 1192 5717 2175 1193 5718 2249 1194 5719 2176 1195 5720 2174 1196 5721 2250 1197 5722 2175 1198 5723 2173 1199 5724 2251 1200 5725 2174 1201 5726 2172 1202 5727 2252 1203 5728 2173 1204 5729 2171 1205 5730 2253 1206 5731 2172 1207 5732 2170 1208 5733 2254 1209 5734 2171 1210 5735 2169 1211 5736 2255 1212 5737 2170 1213 5738 2168 1214 5739 2256 1215 5740 2169 1216 5741 2167 1217 5742 2257 1218 5743 2168 1219 5744 2166 1220 5745 2258 1221 5746 2167 1222 5747 2165 1223 5748 2259 1224 5749 2166 1225 5750 2164 1226 5751 2260 1227 5752 2165 1228 5753 2163 1229 5754 2261 1230 5755 2164 1231 5756 2162 1232 5757 2262 1233 5758 2163 1234 5759 2161 1235 5760 2263 1236 5761 2162 1237 5762 2160 1238 5763 2264 1239 5764 2161 1240 5765 2159 1241 5766 2265 1242 5767 2160 1243 5768 2158 1244 5769 2266 1245 5770 2159 1246 5771 2157 1247 5772 2267 1248 5773 2158 1249 5774 2156 1250 5775 2268 1251 5776 2157 1252 5777 2155 1253 5778 2269 1254 5779 2156 1255 5780 2154 1256 5781 2270 1257 5782 2155 1258 5783 2153 1259 5784 2271 1260 5785 2154 1261 5786 2152 1262 5787 2272 1263 5788 2153 1264 5789 2151 1265 5790 2273 1266 5791 2152 1267 5792 2150 1268 5793 2274 1269 5794 2151 1270 5795 2149 1 5796 2275 1 5797 2150 1 5798 2148 0 5799 2276 0 5800 2149 0 5801 2147 1271 5802 2277 1272 5803 2148 1273 5804 2146 1274 5805 2278 1275 5806 2147 1276 5807 2223 2 5808 2263 2 5809 2264 2 5810 2330 1277 5811 2331 1277 5812 2301 1277 5813 2279 1088 5814 2347 1089 5815 2280 1090 5816 2345 1278 5817 2346 1279 5818 2279 1280 5819 2344 1281 5820 2348 1282 5821 2345 1283 5822 2343 1284 5823 2349 1285 5824 2344 1286 5825 2342 1100 5826 2350 1101 5827 2343 1102 5828 2341 1287 5829 2351 1288 5830 2342 1289 5831 2340 1290 5832 2352 1291 5833 2341 1292 5834 2339 1293 5835 2353 1294 5836 2340 1295 5837 2338 1296 5838 2354 1297 5839 2339 1298 5840 2337 1299 5841 2355 1300 5842 2338 1301 5843 2336 1302 5844 2356 1303 5845 2337 1304 5846 2335 1305 5847 2357 1306 5848 2336 1307 5849 2334 1308 5850 2358 1309 5851 2335 1310 5852 2333 1311 5853 2359 1312 5854 2334 1313 5855 2332 1130 5856 2360 1131 5857 2333 1132 5858 2331 1314 5859 2361 1315 5860 2332 1316 5861 2330 1317 5862 2362 1318 5863 2331 1319 5864 2329 1320 5865 2363 1321 5866 2330 1322 5867 2328 1323 5868 2364 1324 5869 2329 1325 5870 2327 1326 5871 2365 1327 5872 2328 1328 5873 2326 1329 5874 2366 1330 5875 2327 1331 5876 2325 1332 5877 2367 1333 5878 2326 1334 5879 2324 1154 5880 2368 1155 5881 2325 1156 5882 2323 1335 5883 2369 1336 5884 2324 1337 5885 2322 1338 5886 2370 1339 5887 2323 1340 5888 2321 1163 5889 2371 1164 5890 2322 1165 5891 2320 1341 5892 2372 1342 5893 2321 1343 5894 2319 3 5895 2373 3 5896 2320 3 5897 2318 5 5898 2374 5 5899 2319 5 5900 2317 1344 5901 2375 1345 5902 2318 1346 5903 2316 1347 5904 2376 1348 5905 2317 1349 5906 2315 1350 5907 2377 1351 5908 2316 1352 5909 2314 1353 5910 2378 1354 5911 2315 1355 5912 2313 1356 5913 2379 1357 5914 2314 1358 5915 2312 1184 5916 2380 1185 5917 2313 1186 5918 2311 1359 5919 2381 1360 5920 2312 1361 5921 2310 1362 5922 2382 1363 5923 2311 1364 5924 2309 1365 5925 2383 1366 5926 2310 1367 5927 2308 1368 5928 2384 1369 5929 2309 1370 5930 2307 1371 5931 2385 1372 5932 2308 1373 5933 2306 1374 5934 2386 1375 5935 2307 1376 5936 2305 1377 5937 2387 1378 5938 2306 1379 5939 2304 1380 5940 2388 1381 5941 2305 1382 5942 2303 1383 5943 2389 1384 5944 2304 1385 5945 2302 1386 5946 2390 1387 5947 2303 1388 5948 2301 1389 5949 2391 1390 5950 2302 1391 5951 2300 1392 5952 2392 1393 5953 2301 1394 5954 2299 1395 5955 2393 1396 5956 2300 1397 5957 2298 1398 5958 2394 1399 5959 2299 1400 5960 2297 1401 5961 2395 1402 5962 2298 1403 5963 2296 1404 5964 2396 1405 5965 2297 1406 5966 2295 1407 5967 2397 1408 5968 2296 1409 5969 2294 1410 5970 2398 1411 5971 2295 1412 5972 2293 1413 5973 2399 1414 5974 2294 1415 5975 2292 1416 5976 2400 1417 5977 2293 1418 5978 2291 1419 5979 2401 1420 5980 2292 1421 5981 2290 1422 5982 2402 1423 5983 2291 1424 5984 2289 1425 5985 2403 1426 5986 2290 1427 5987 2288 1428 5988 2404 1429 5989 2289 1430 5990 2287 1259 5991 2405 1260 5992 2288 1261 5993 2286 1431 5994 2406 1432 5995 2287 1433 5996 2285 1434 5997 2407 1435 5998 2286 1436 5999 2284 1437 6000 2408 1438 6001 2285 1439 6002 2283 1 6003 2409 1 6004 2284 1 6005 2282 0 6006 2410 0 6007 2283 0 6008 2281 1440 6009 2411 1441 6010 2282 1442 6011 2280 1443 6012 2412 1444 6013 2281 1445 6014 2357 2 6015 2397 2 6016 2398 2 6017 2416 4 6018 2422 4 6019 2423 4 6020 2413 3 6021 2426 3 6022 2414 3 6023 2424 5 6024 2425 5 6025 2413 5 6026 2423 1 6027 2427 1 6028 2424 1 6029 2422 5 6030 2428 5 6031 2423 5 6032 2421 3 6033 2429 3 6034 2422 3 6035 2420 5 6036 2430 5 6037 2421 5 6038 2419 1 6039 2431 1 6040 2420 1 6041 2418 0 6042 2432 0 6043 2419 0 6044 2417 3 6045 2433 3 6046 2418 3 6047 2416 0 6048 2434 0 6049 2417 0 6050 2415 1 6051 2435 1 6052 2416 1 6053 2414 0 6054 2436 0 6055 2415 0 6056 2428 2 6057 2434 2 6058 2435 2 6059 2472 4 6060 2473 4 6061 2444 4 6062 2437 1446 6063 2490 1447 6064 2438 1448 6065 2488 1449 6066 2489 1450 6067 2437 1451 6068 2487 1452 6069 2491 1453 6070 2488 1454 6071 2486 1455 6072 2492 1456 6073 2487 1457 6074 2485 1458 6075 2493 1459 6076 2486 1460 6077 2484 5 6078 2494 5 6079 2485 5 6080 2483 1 6081 2495 1 6082 2484 1 6083 2482 1461 6084 2496 1462 6085 2483 1463 6086 2481 1464 6087 2497 1465 6088 2482 1466 6089 2480 941 6090 2498 942 6091 2481 943 6092 2479 1467 6093 2499 1468 6094 2480 1469 6095 2478 1470 6096 2500 1471 6097 2479 1472 6098 2477 1473 6099 2501 1474 6100 2478 1475 6101 2476 1476 6102 2502 1477 6103 2477 1478 6104 2475 1479 6105 2503 1480 6106 2476 1481 6107 2474 1482 6108 2504 1483 6109 2475 1484 6110 2473 1485 6111 2505 1486 6112 2474 1487 6113 2472 1488 6114 2506 1489 6115 2473 1490 6116 2471 1491 6117 2507 1492 6118 2472 1493 6119 2470 1494 6120 2508 1495 6121 2471 1496 6122 2469 1497 6123 2509 1498 6124 2470 1499 6125 2468 1500 6126 2510 978 6127 2469 979 6128 2467 1501 6129 2511 1502 6130 2468 1503 6131 2466 1504 6132 2512 1505 6133 2467 1506 6134 2465 1507 6135 2513 1508 6136 2466 1509 6137 2464 1510 6138 2514 1511 6139 2465 1512 6140 2463 1513 6141 2515 1514 6142 2464 1515 6143 2462 1516 6144 2516 1517 6145 2463 1518 6146 2461 1519 6147 2517 1520 6148 2462 1521 6149 2460 1522 6150 2518 1523 6151 2461 1524 6152 2459 1525 6153 2519 1526 6154 2460 1527 6155 2458 3 6156 2520 3 6157 2459 3 6158 2457 5 6159 2521 5 6160 2458 5 6161 2456 1528 6162 2522 1529 6163 2457 1530 6164 2455 1531 6165 2523 1532 6166 2456 1533 6167 2454 1534 6168 2524 1535 6169 2455 1536 6170 2453 1537 6171 2525 1538 6172 2454 1539 6173 2452 1540 6174 2526 1541 6175 2453 1542 6176 2451 1543 6177 2527 1544 6178 2452 1545 6179 2450 1546 6180 2528 1547 6181 2451 1548 6182 2449 1549 6183 2529 1550 6184 2450 1551 6185 2448 1031 6186 2530 1032 6187 2449 1552 6188 2447 1553 6189 2531 1554 6190 2448 1555 6191 2446 1556 6192 2532 1557 6193 2447 1558 6194 2445 1559 6195 2533 1560 6196 2446 1561 6197 2444 1562 6198 2534 1563 6199 2445 1564 6200 2443 1565 6201 2535 1566 6202 2444 1567 6203 2442 1568 6204 2536 1569 6205 2443 1570 6206 2441 1571 6207 2537 1572 6208 2442 1573 6209 2440 1574 6210 2538 1575 6211 2441 1576 6212 2439 1577 6213 2539 1578 6214 2440 1579 6215 2438 1580 6216 2540 1581 6217 2439 1581 6218 2509 2 6219 2510 2 6220 2533 2 6221 2541 4 6222 2542 4 6223 2543 4 6224 2542 1582 6225 2541 1582 6226 2544 1582 6227 2544 4 6228 2541 4 6229 2545 4 6230 2545 1583 6231 2541 1583 6232 2546 1583 6233 2546 4 6234 2541 4 6235 2547 4 6236 2541 1 6237 2549 1 6238 2547 1 6239 2543 1584 6240 2548 1585 6241 2541 1586 6242 2542 3 6243 2550 3 6244 2543 3 6245 2544 1587 6246 2551 1588 6247 2542 1589 6248 2553 3 6249 2552 3 6250 2544 3 6251 2545 4 6252 2553 4 6253 2544 4 6254 2553 4 6255 2545 4 6256 2555 4 6257 2545 1 6258 2557 1 6259 2555 1 6260 2546 1590 6261 2556 1591 6262 2545 1592 6263 2555 1593 6264 2558 1594 6265 2546 1595 6266 2546 4 6267 2547 4 6268 2555 4 6269 2555 4 6270 2547 4 6271 2559 4 6272 2547 1596 6273 2560 1597 6274 2559 1598 6275 2549 2 6276 2557 2 6277 2560 2 6278 2549 2 6279 2558 2 6280 2557 2 6281 2548 2 6282 2558 2 6283 2549 2 6284 2548 2 6285 2556 2 6286 2558 2 6287 2548 1599 6288 2552 1599 6289 2556 1599 6290 2548 1600 6291 2551 1600 6292 2552 1600 6293 2551 2 6294 2548 2 6295 2550 2 6296 2554 2 6297 2556 2 6298 2552 2 6299 2556 2 6300 2554 2 6301 2557 2 6302 2560 1601 6303 2557 1601 6304 2554 1601 6305 2560 2 6306 2554 2 6307 2561 2 6308 2562 1602 6309 2554 1603 6310 2553 1604 6311 2553 4 6312 2559 4 6313 2562 4 6314 2555 4 6315 2559 4 6316 2553 4 6317 2559 3 6318 2561 3 6319 2562 3 6320 2565 4 6321 2566 4 6322 2567 4 6323 2563 3 6324 2570 3 6325 2564 3 6326 2568 5 6327 2569 5 6328 2563 5 6329 2567 1 6330 2571 1 6331 2568 1 6332 2566 5 6333 2572 5 6334 2567 5 6335 2565 1 6336 2573 1 6337 2566 1 6338 2564 0 6339 2574 0 6340 2565 0 6341 2570 2 6342 2572 2 6343 2574 2 6344 2579 1605 6345 2580 1605 6346 2585 1605 6347 2575 3 6348 2589 3 6349 2576 3 6350 2587 5 6351 2588 5 6352 2575 5 6353 2586 1 6354 2590 1 6355 2587 1 6356 2585 1606 6357 2591 1607 6358 2586 1608 6359 2584 1609 6360 2592 1610 6361 2585 1611 6362 2583 1 6363 2593 1 6364 2584 1 6365 2582 0 6366 2594 0 6367 2583 0 6368 2581 3 6369 2595 3 6370 2582 3 6371 2580 5 6372 2596 5 6373 2581 5 6374 2579 1612 6375 2597 1613 6376 2580 1614 6377 2578 3 6378 2598 3 6379 2579 3 6380 2577 1615 6381 2599 1616 6382 2578 1617 6383 2576 0 6384 2600 0 6385 2577 0 6386 2592 1618 6387 2599 1618 6388 2600 1618 6389 2601 1619 6390 2602 1619 6391 2603 1619 6392 2602 4 6393 2601 4 6394 2604 4 6395 2601 1 6396 2606 1620 6397 2604 1621 6398 2603 0 6399 2605 0 6400 2601 0 6401 2608 3 6402 2607 3 6403 2603 3 6404 2602 4 6405 2608 4 6406 2603 4 6407 2608 693 6408 2602 693 6409 2610 693 6410 2602 5 6411 2612 5 6412 2610 5 6413 2613 1622 6414 2611 3 6415 2602 3 6416 2602 4 6417 2604 4 6418 2613 4 6419 2613 4 6420 2604 4 6421 2615 4 6422 2615 1623 6423 2604 1623 6424 2616 1623 6425 2604 1624 6426 2617 1625 6427 2616 1626 6428 2606 2 6429 2618 2 6430 2617 2 6431 2606 1627 6432 2614 1627 6433 2618 1627 6434 2606 2 6435 2611 2 6436 2614 2 6437 2605 2 6438 2611 2 6439 2606 2 6440 2605 1628 6441 2609 1628 6442 2611 1628 6443 2609 2 6444 2605 2 6445 2607 2 6446 2611 1629 6447 2609 1630 6448 2619 1631 6449 2620 5 6450 2609 5 6451 2608 5 6452 2608 685 6453 2610 686 6454 2620 687 6455 2621 4 6456 2620 4 6457 2610 4 6458 2620 4 6459 2621 4 6460 2622 4 6461 2622 1632 6462 2621 1632 6463 2623 1632 6464 2621 1633 6465 2625 1634 6466 2623 1635 6467 2610 1 6468 2624 1636 6469 2621 1637 6470 2612 2 6471 2626 2 6472 2624 2 6473 2626 2 6474 2612 2 6475 2619 2 6476 2611 702 6477 2619 703 6478 2612 703 6479 2622 1638 6480 2619 3 6481 2620 3 6482 2627 1639 6483 2626 1640 6484 2622 1641 6485 2622 1642 6486 2623 1642 6487 2627 1642 6488 2627 1643 6489 2623 1643 6490 2629 1643 6491 2623 1644 6492 2630 1645 6493 2629 1646 6494 2625 2 6495 2628 2 6496 2630 2 6497 2625 1647 6498 2626 1647 6499 2628 1647 6500 2624 2 6501 2626 2 6502 2625 2 6503 2630 1648 6504 2628 1648 6505 2631 1648 6506 2632 1649 6507 2628 1650 6508 2627 1651 6509 2627 1652 6510 2629 1652 6511 2632 1652 6512 2632 1653 6513 2629 1653 6514 2633 1653 6515 2629 1654 6516 2634 1655 6517 2633 1656 6518 2630 2 6519 2631 2 6520 2634 2 6521 2634 2 6522 2631 2 6523 2635 2 6524 2635 1657 6525 2631 1657 6526 2636 1657 6527 2637 1658 6528 2631 1659 6529 2632 1660 6530 2632 4 6531 2638 4 6532 2637 4 6533 2632 1661 6534 2633 1661 6535 2638 1661 6536 2633 1662 6537 2635 1663 6538 2638 1664 6539 2638 1665 6540 2640 1666 6541 2639 1667 6542 2637 1668 6543 2638 1668 6544 2639 1668 6545 2637 1669 6546 2639 1669 6547 2641 1669 6548 2639 1670 6549 2642 1671 6550 2641 1672 6551 2640 2 6552 2636 2 6553 2642 2 6554 2635 1673 6555 2636 1673 6556 2640 1673 6557 2642 1674 6558 2636 1674 6559 2643 1674 6560 2643 1675 6561 2636 1675 6562 2644 1675 6563 2645 1676 6564 2636 1677 6565 2637 1678 6566 2637 4 6567 2646 4 6568 2645 4 6569 2637 1679 6570 2641 1679 6571 2646 1679 6572 2641 1680 6573 2643 1681 6574 2646 1682 6575 2646 1683 6576 2648 1684 6577 2647 1685 6578 2647 4 6579 2649 4 6580 2646 4 6581 2650 4 6582 2649 4 6583 2647 4 6584 2650 4 6585 2651 4 6586 2649 4 6587 2652 1686 6588 2651 1686 6589 2650 1686 6590 2653 4 6591 2651 4 6592 2652 4 6593 2653 1687 6594 2654 1687 6595 2651 1687 6596 2615 4 6597 2654 4 6598 2653 4 6599 2615 1688 6600 2616 1688 6601 2654 1688 6602 2616 1689 6603 2655 1690 6604 2654 1691 6605 2617 1692 6606 2618 1692 6607 2655 1692 6608 2655 2 6609 2618 2 6610 2656 2 6611 2653 1693 6612 2618 1694 6613 2615 1695 6614 2652 1696 6615 2656 1697 6616 2653 1698 6617 2650 1699 6618 2657 1700 6619 2652 1701 6620 2647 1702 6621 2658 1703 6622 2650 1704 6623 2659 1705 6624 2658 1705 6625 2648 1705 6626 2660 2 6627 2658 2 6628 2659 2 6629 2660 1706 6630 2657 1706 6631 2658 1706 6632 2660 1707 6633 2656 1707 6634 2657 1707 6635 2655 2 6636 2656 2 6637 2660 2 6638 2654 1708 6639 2660 1709 6640 2651 1710 6641 2651 1711 6642 2659 1712 6643 2649 1713 6644 2649 1714 6645 2662 1715 6646 2661 1716 6647 2645 1717 6648 2649 1717 6649 2661 1717 6650 2645 4 6651 2646 4 6652 2649 4 6653 2645 1718 6654 2661 1718 6655 2663 1718 6656 2663 1719 6657 2661 1719 6658 2664 1719 6659 2661 1720 6660 2665 1721 6661 2664 1722 6662 2662 1723 6663 2666 1723 6664 2665 1723 6665 2662 1724 6666 2644 1724 6667 2666 1724 6668 2659 2 6669 2644 2 6670 2662 2 6671 2643 1725 6672 2644 1725 6673 2659 1725 6674 2659 1726 6675 2648 1726 6676 2643 1726 6677 2663 1727 6678 2644 1728 6679 2645 1729 6680 2667 1730 6681 2666 1731 6682 2663 1732 6683 2663 4 6684 2664 4 6685 2667 4 6686 2667 1733 6687 2664 1733 6688 2669 1733 6689 2664 1734 6690 2670 1735 6691 2669 1736 6692 2665 2 6693 2668 2 6694 2670 2 6695 2665 1737 6696 2666 1737 6697 2668 1737 6698 2670 1738 6699 2668 1738 6700 2671 1738 6701 2672 1739 6702 2668 1740 6703 2667 1741 6704 2667 4 6705 2669 4 6706 2672 4 6707 2672 4 6708 2669 4 6709 2673 4 6710 2669 1742 6711 2674 1743 6712 2673 1744 6713 2670 2 6714 2671 2 6715 2674 2 6716 2673 1745 6717 2671 1746 6718 2672 1747 6719 2615 1748 6720 2614 1749 6721 2613 1750 6722 2675 1619 6723 2676 1619 6724 2677 1619 6725 2676 4 6726 2675 4 6727 2678 4 6728 2675 1 6729 2680 1751 6730 2678 684 6731 2677 0 6732 2679 0 6733 2675 0 6734 2682 3 6735 2681 3 6736 2677 3 6737 2676 4 6738 2682 4 6739 2677 4 6740 2682 693 6741 2676 693 6742 2684 693 6743 2676 5 6744 2686 5 6745 2684 5 6746 2687 1752 6747 2685 3 6748 2676 3 6749 2676 4 6750 2678 4 6751 2687 4 6752 2687 1753 6753 2678 1753 6754 2689 1753 6755 2678 1754 6756 2690 1755 6757 2689 1756 6758 2680 2 6759 2688 2 6760 2690 2 6761 2680 2 6762 2685 2 6763 2688 2 6764 2679 2 6765 2685 2 6766 2680 2 6767 2679 1628 6768 2683 1628 6769 2685 1628 6770 2683 2 6771 2679 2 6772 2681 2 6773 2685 1629 6774 2683 1630 6775 2691 1631 6776 2692 5 6777 2683 5 6778 2682 5 6779 2682 685 6780 2684 686 6781 2692 687 6782 2693 4 6783 2692 4 6784 2684 4 6785 2692 4 6786 2693 4 6787 2694 4 6788 2694 1757 6789 2693 1757 6790 2695 1757 6791 2693 1758 6792 2697 1759 6793 2695 1760 6794 2684 1 6795 2696 1761 6796 2693 846 6797 2686 2 6798 2698 2 6799 2696 2 6800 2698 2 6801 2686 2 6802 2691 2 6803 2685 702 6804 2691 703 6805 2686 703 6806 2694 3 6807 2691 3 6808 2692 3 6809 2699 1762 6810 2698 1763 6811 2694 1764 6812 2694 4 6813 2695 4 6814 2699 4 6815 2699 1765 6816 2695 1765 6817 2701 1765 6818 2701 1766 6819 2695 1766 6820 2702 1766 6821 2695 1767 6822 2703 1768 6823 2702 1769 6824 2697 2 6825 2704 2 6826 2703 2 6827 2697 1770 6828 2700 1770 6829 2704 1770 6830 2697 1771 6831 2698 1771 6832 2700 1771 6833 2696 2 6834 2698 2 6835 2697 2 6836 2704 2 6837 2700 2 6838 2705 2 6839 2706 3 6840 2700 3 6841 2699 3 6842 2699 4 6843 2701 4 6844 2706 4 6845 2701 1772 6846 2705 1773 6847 2706 1774 6848 2707 1775 6849 2704 1776 6850 2701 1777 6851 2701 4 6852 2709 4 6853 2707 4 6854 2709 4 6855 2701 4 6856 2702 4 6857 2702 1778 6858 2710 1779 6859 2709 1780 6860 2704 2 6861 2710 2 6862 2703 2 6863 2710 1781 6864 2704 1781 6865 2708 1781 6866 2710 2 6867 2708 2 6868 2711 2 6869 2711 2 6870 2708 2 6871 2712 2 6872 2712 2 6873 2708 2 6874 2713 2 6875 2714 1782 6876 2713 1782 6877 2708 1782 6878 2714 1783 6879 2715 1783 6880 2713 1783 6881 2714 1784 6882 2716 1784 6883 2715 1784 6884 2717 1785 6885 2716 1785 6886 2714 1785 6887 2717 1786 6888 2718 1786 6889 2716 1786 6890 2717 1787 6891 2719 1787 6892 2718 1787 6893 2690 1788 6894 2719 1788 6895 2717 1788 6896 2690 1789 6897 2720 1789 6898 2719 1789 6899 2690 2 6900 2688 2 6901 2720 2 6902 2721 1790 6903 2688 1791 6904 2687 1792 6905 2687 4 6906 2689 4 6907 2721 4 6908 2721 1793 6909 2689 1793 6910 2722 1793 6911 2722 1794 6912 2689 1794 6913 2723 1794 6914 2689 1795 6915 2717 1796 6916 2723 1797 6917 2723 1798 6918 2714 1799 6919 2724 1800 6920 2725 1801 6921 2723 1801 6922 2724 1801 6923 2726 4 6924 2723 4 6925 2725 4 6926 2722 4 6927 2723 4 6928 2726 4 6929 2726 1802 6930 2719 1803 6931 2722 1804 6932 2725 1805 6933 2718 1806 6934 2726 1807 6935 2727 1808 6936 2716 1809 6937 2725 1810 6938 2725 4 6939 2724 4 6940 2727 4 6941 2727 4 6942 2724 4 6943 2728 4 6944 2728 4 6945 2724 4 6946 2707 4 6947 2707 4 6948 2724 4 6949 2729 4 6950 2729 4 6951 2724 4 6952 2730 4 6953 2724 1811 6954 2731 1812 6955 2730 1813 6956 2714 2 6957 2732 2 6958 2731 2 6959 2714 1814 6960 2708 1814 6961 2732 1814 6962 2729 1815 6963 2708 1816 6964 2707 1817 6965 2733 1818 6966 2732 1819 6967 2729 1820 6968 2729 4 6969 2735 4 6970 2733 4 6971 2729 1821 6972 2730 1821 6973 2735 1821 6974 2730 1822 6975 2736 1823 6976 2735 1824 6977 2731 2 6978 2732 2 6979 2736 2 6980 2736 1825 6981 2732 1825 6982 2734 1825 6983 2736 1826 6984 2734 1826 6985 2737 1826 6986 2738 1827 6987 2734 1828 6988 2733 1829 6989 2733 4 6990 2735 4 6991 2738 4 6992 2738 1830 6993 2735 1830 6994 2739 1830 6995 2735 1831 6996 2740 1832 6997 2739 1833 6998 2736 2 6999 2737 2 7000 2740 2 7001 2740 1834 7002 2737 1834 7003 2741 1834 7004 2742 1835 7005 2737 1836 7006 2738 1837 7007 2738 4 7008 2739 4 7009 2742 4 7010 2739 1838 7011 2741 1839 7012 2742 1840 7013 2707 1841 7014 2743 1841 7015 2728 1841 7016 2707 1842 7017 2744 1842 7018 2743 1842 7019 2707 1843 7020 2709 1843 7021 2744 1843 7022 2709 1844 7023 2711 1845 7024 2744 1846 7025 2744 1847 7026 2712 1848 7027 2743 1849 7028 2743 1850 7029 2713 1851 7030 2728 1852 7031 2728 1853 7032 2715 1854 7033 2727 1855 7034 2722 1856 7035 2720 1857 7036 2721 1858 7037 2750 4 7038 2752 4 7039 2753 4 7040 2745 0 7041 2758 0 7042 2746 0 7043 2756 3 7044 2757 3 7045 2745 3 7046 2755 5 7047 2759 5 7048 2756 5 7049 2754 1 7050 2760 1 7051 2755 1 7052 2753 5 7053 2761 5 7054 2754 5 7055 2752 3 7056 2762 3 7057 2753 3 7058 2751 5 7059 2763 5 7060 2752 5 7061 2750 1 7062 2764 1 7063 2751 1 7064 2749 5 7065 2765 5 7066 2750 5 7067 2748 3 7068 2766 3 7069 2749 3 7070 2747 5 7071 2767 5 7072 2748 5 7073 2746 1 7074 2768 1 7075 2747 1 7076 2758 1859 7077 2762 1859 7078 2765 1859 7079 2820 1860 7080 2821 1860 7081 2791 1860 7082 2769 1861 7083 2837 1862 7084 2770 1863 7085 2835 1864 7086 2836 1865 7087 2769 1866 7088 2834 1867 7089 2838 1868 7090 2835 1869 7091 2833 1870 7092 2839 1871 7093 2834 1872 7094 2832 1873 7095 2840 1874 7096 2833 1875 7097 2831 1876 7098 2841 1877 7099 2832 1878 7100 2830 1879 7101 2842 1880 7102 2831 1881 7103 2829 1882 7104 2843 1883 7105 2830 1884 7106 2828 1885 7107 2844 1886 7108 2829 1887 7109 2827 1888 7110 2845 1889 7111 2828 1890 7112 2826 1891 7113 2846 1892 7114 2827 1893 7115 2825 1894 7116 2847 1895 7117 2826 1896 7118 2824 1897 7119 2848 1898 7120 2825 1899 7121 2823 1900 7122 2849 1901 7123 2824 1902 7124 2822 1903 7125 2850 1904 7126 2823 1905 7127 2821 1906 7128 2851 1907 7129 2822 1908 7130 2820 1909 7131 2852 1910 7132 2821 1911 7133 2819 1912 7134 2853 1913 7135 2820 1914 7136 2818 1915 7137 2854 1916 7138 2819 1917 7139 2817 1918 7140 2855 1919 7141 2818 1920 7142 2816 1921 7143 2856 1922 7144 2817 1923 7145 2815 1924 7146 2857 1925 7147 2816 1926 7148 2814 1927 7149 2858 1928 7150 2815 1929 7151 2813 1930 7152 2859 1931 7153 2814 1932 7154 2812 1933 7155 2860 1934 7156 2813 1935 7157 2811 1936 7158 2861 1937 7159 2812 1938 7160 2810 1939 7161 2862 1940 7162 2811 1941 7163 2809 3 7164 2863 3 7165 2810 3 7166 2808 5 7167 2864 5 7168 2809 5 7169 2807 1942 7170 2865 1943 7171 2808 1944 7172 2806 1945 7173 2866 1946 7174 2807 1947 7175 2805 1948 7176 2867 1949 7177 2806 1950 7178 2804 1951 7179 2868 1952 7180 2805 1953 7181 2803 1954 7182 2869 1955 7183 2804 1956 7184 2802 1957 7185 2870 1958 7186 2803 1959 7187 2801 1960 7188 2871 1961 7189 2802 1962 7190 2800 1963 7191 2872 1964 7192 2801 1965 7193 2799 1966 7194 2873 1967 7195 2800 1968 7196 2798 1969 7197 2874 1970 7198 2799 1971 7199 2797 1972 7200 2875 1973 7201 2798 1974 7202 2796 1975 7203 2876 1976 7204 2797 1977 7205 2795 1978 7206 2877 1979 7207 2796 1980 7208 2794 1981 7209 2878 1982 7210 2795 1983 7211 2793 1984 7212 2879 1985 7213 2794 1986 7214 2792 1987 7215 2880 1988 7216 2793 1989 7217 2791 1990 7218 2881 1991 7219 2792 1992 7220 2790 1993 7221 2882 1994 7222 2791 1995 7223 2789 1996 7224 2883 1997 7225 2790 1998 7226 2788 1999 7227 2884 2000 7228 2789 2001 7229 2787 2002 7230 2885 2003 7231 2788 2004 7232 2786 2005 7233 2886 2006 7234 2787 2007 7235 2785 2008 7236 2887 2009 7237 2786 2010 7238 2784 2011 7239 2888 2012 7240 2785 2013 7241 2783 2014 7242 2889 2015 7243 2784 2016 7244 2782 2017 7245 2890 2018 7246 2783 2019 7247 2781 2020 7248 2891 2021 7249 2782 2022 7250 2780 2023 7251 2892 2024 7252 2781 2025 7253 2779 2026 7254 2893 2027 7255 2780 2028 7256 2778 2029 7257 2894 2030 7258 2779 2031 7259 2777 2032 7260 2895 2033 7261 2778 2034 7262 2776 2035 7263 2896 2036 7264 2777 2037 7265 2775 2038 7266 2897 2039 7267 2776 2040 7268 2774 2041 7269 2898 2042 7270 2775 2043 7271 2773 1 7272 2899 1 7273 2774 1 7274 2772 0 7275 2900 0 7276 2773 0 7277 2771 2044 7278 2901 2045 7279 2772 2046 7280 2770 2047 7281 2902 2048 7282 2771 2049 7283 2847 2050 7284 2887 2050 7285 2888 2050 7286 2954 1860 7287 2955 1860 7288 2925 1860 7289 2903 1861 7290 2971 1862 7291 2904 2051 7292 2969 2052 7293 2970 2053 7294 2903 2054 7295 2968 1867 7296 2972 1868 7297 2969 1869 7298 2967 2055 7299 2973 2056 7300 2968 2057 7301 2966 2058 7302 2974 2059 7303 2967 2060 7304 2965 2061 7305 2975 2062 7306 2966 2063 7307 2964 2064 7308 2976 2065 7309 2965 2066 7310 2963 2067 7311 2977 2068 7312 2964 2069 7313 2962 2070 7314 2978 2071 7315 2963 2072 7316 2961 2073 7317 2979 2074 7318 2962 2075 7319 2960 2076 7320 2980 2077 7321 2961 2078 7322 2959 2079 7323 2981 2080 7324 2960 2081 7325 2958 2082 7326 2982 2083 7327 2959 2084 7328 2957 2085 7329 2983 2086 7330 2958 2087 7331 2956 1903 7332 2984 1904 7333 2957 1905 7334 2955 1906 7335 2985 1907 7336 2956 1908 7337 2954 1909 7338 2986 1910 7339 2955 1911 7340 2953 2088 7341 2987 2089 7342 2954 2090 7343 2952 2091 7344 2988 2092 7345 2953 2093 7346 2951 2094 7347 2989 2095 7348 2952 2096 7349 2950 1921 7350 2990 1922 7351 2951 1923 7352 2949 1924 7353 2991 1925 7354 2950 1926 7355 2948 1927 7356 2992 1928 7357 2949 1929 7358 2947 2097 7359 2993 2098 7360 2948 2099 7361 2946 1933 7362 2994 1934 7363 2947 1935 7364 2945 2100 7365 2995 2101 7366 2946 2102 7367 2944 1939 7368 2996 1940 7369 2945 1941 7370 2943 3 7371 2997 3 7372 2944 3 7373 2942 5 7374 2998 5 7375 2943 5 7376 2941 1942 7377 2999 1943 7378 2942 1944 7379 2940 1945 7380 3000 1946 7381 2941 1947 7382 2939 2103 7383 3001 2104 7384 2940 1950 7385 2938 2105 7386 3002 2106 7387 2939 2107 7388 2937 1954 7389 3003 1955 7390 2938 1956 7391 2936 1957 7392 3004 1958 7393 2937 1959 7394 2935 2108 7395 3005 2109 7396 2936 2110 7397 2934 2111 7398 3006 2112 7399 2935 2113 7400 2933 2114 7401 3007 2115 7402 2934 2116 7403 2932 2117 7404 3008 2118 7405 2933 2119 7406 2931 2120 7407 3009 2121 7408 2932 2122 7409 2930 2123 7410 3010 2124 7411 2931 2125 7412 2929 2126 7413 3011 2127 7414 2930 2128 7415 2928 1981 7416 3012 1982 7417 2929 1983 7418 2927 2129 7419 3013 2130 7420 2928 2131 7421 2926 1987 7422 3014 1988 7423 2927 1989 7424 2925 1990 7425 3015 1991 7426 2926 1992 7427 2924 2132 7428 3016 2133 7429 2925 2134 7430 2923 2135 7431 3017 2136 7432 2924 2137 7433 2922 2138 7434 3018 2139 7435 2923 2140 7436 2921 2141 7437 3019 2142 7438 2922 2143 7439 2920 2005 7440 3020 2006 7441 2921 2007 7442 2919 2144 7443 3021 2145 7444 2920 2146 7445 2918 2011 7446 3022 2012 7447 2919 2013 7448 2917 2147 7449 3023 2148 7450 2918 2149 7451 2916 2017 7452 3024 2018 7453 2917 2019 7454 2915 2150 7455 3025 2151 7456 2916 2152 7457 2914 2023 7458 3026 2024 7459 2915 2025 7460 2913 2153 7461 3027 2154 7462 2914 2155 7463 2912 2029 7464 3028 2030 7465 2913 2031 7466 2911 2156 7467 3029 2157 7468 2912 2158 7469 2910 2159 7470 3030 2160 7471 2911 2161 7472 2909 2038 7473 3031 2039 7474 2910 2040 7475 2908 2162 7476 3032 2163 7477 2909 2164 7478 2907 1 7479 3033 1 7480 2908 1 7481 2906 0 7482 3034 0 7483 2907 0 7484 2905 2165 7485 3035 2166 7486 2906 2167 7487 2904 2168 7488 3036 2169 7489 2905 2170 7490 2981 2171 7491 3021 2171 7492 3022 2171 7493 3040 4 7494 3046 4 7495 3047 4 7496 3037 3 7497 3050 3 7498 3038 3 7499 3048 5 7500 3049 5 7501 3037 5 7502 3047 1 7503 3051 1 7504 3048 1 7505 3046 5 7506 3052 5 7507 3047 5 7508 3045 3 7509 3053 3 7510 3046 3 7511 3044 5 7512 3054 5 7513 3045 5 7514 3043 1 7515 3055 1 7516 3044 1 7517 3042 0 7518 3056 0 7519 3043 0 7520 3041 3 7521 3057 3 7522 3042 3 7523 3040 0 7524 3058 0 7525 3041 0 7526 3039 1 7527 3059 1 7528 3040 1 7529 3038 0 7530 3060 0 7531 3039 0 7532 3052 2 7533 3058 2 7534 3059 2 7535 3064 4 7536 3065 4 7537 3066 4 7538 3061 2172 7539 3069 2173 7540 3062 2174 7541 3067 1 7542 3068 1 7543 3061 1 7544 3066 2175 7545 3070 2176 7546 3067 2177 7547 3065 2178 7548 3071 2179 7549 3066 2180 7550 3064 1 7551 3072 1 7552 3065 1 7553 3063 2181 7554 3073 2182 7555 3064 2183 7556 3062 3 7557 3074 3 7558 3063 3 7559 3071 2 7560 3073 2 7561 3074 2 7562 3080 4 7563 3082 4 7564 3083 4 7565 3075 0 7566 3088 0 7567 3076 0 7568 3086 3 7569 3087 3 7570 3075 3 7571 3085 5 7572 3089 5 7573 3086 5 7574 3084 1 7575 3090 1 7576 3085 1 7577 3083 5 7578 3091 5 7579 3084 5 7580 3082 3 7581 3092 3 7582 3083 3 7583 3081 5 7584 3093 5 7585 3082 5 7586 3080 1 7587 3094 1 7588 3081 1 7589 3079 5 7590 3095 5 7591 3080 5 7592 3078 3 7593 3096 3 7594 3079 3 7595 3077 5 7596 3097 5 7597 3078 5 7598 3076 1 7599 3098 1 7600 3077 1 7601 3088 1859 7602 3092 1859 7603 3095 1859 7604 3100 2184 7605 3102 2184 7606 3099 2184 7607 3107 2187 7617 3100 2187 7618 3109 2187 7619 3110 2188 7620 3105 2188 7621 3109 2188 7622 3109 2189 7623 3112 2189 7624 3110 2189 7625 3110 2190 7626 3107 2190 7627 3109 2190 7628 70 4 7632 3109 4 7633 3113 4 7634 3114 2192 7635 3113 2192 7636 3109 2192 7637 3115 5 7638 3114 5 7639 3116 5 7640 66 5 7641 3113 5 7642 3115 5 7643 3118 2195 7650 3114 2195 7651 3109 2195 7652 3111 2196 7653 3118 2196 7654 3109 2196 7655 3111 2198 7659 3105 2199 7660 3120 2200 7661 3104 2201 7662 3112 2202 7663 3119 2203 7664 3121 1 7671 61 1 7672 3122 1 7673 3128 5 7674 3121 5 7675 3114 5 7676 3130 4 7680 3132 4 7681 61 4 7682 3130 0 7683 3127 0 7684 3126 0 7685 3132 0 7689 3125 0 7690 3124 0 7691 3123 2206 7695 3122 2206 7696 3132 2206 7697 3122 2207 7698 61 2207 7699 3132 2207 7700 1686 4 13308 1634 4 13309 1676 4 13310 1634 4 13311 1635 4 13312 1676 4 13313 1635 2878 13314 1636 2878 13315 1675 2878 13316 1636 4 13317 1637 4 13318 1674 4 13319 1675 2879 13320 1636 2879 13321 1674 2879 13322 1637 2880 13323 1638 2880 13324 1673 2880 13325 1638 4 13326 1639 4 13327 1672 4 13328 1639 2881 13329 1640 2881 13330 1671 2881 13331 1640 2882 13332 1641 2882 13333 1670 2882 13334 1641 2883 13335 1642 2883 13336 1669 2883 13337 1642 2884 13338 1643 2884 13339 1667 2884 13340 1669 2885 13341 1642 2885 13342 1668 2885 13343 1643 2886 13344 1644 2886 13345 1666 2886 13346 1644 4 13347 1645 4 13348 1665 4 13349 1666 2887 13350 1644 2887 13351 1665 2887 13352 1645 2888 13353 1646 2888 13354 1664 2888 13355 1646 4 13356 1647 4 13357 1663 4 13358 1647 4 13359 1648 4 13360 1662 4 13361 1648 2889 13362 1649 2889 13363 1661 2889 13364 1662 2890 13365 1648 2890 13366 1661 2890 13367 1649 4 13368 1650 4 13369 1660 4 13370 1650 4 13371 1651 4 13372 1660 4 13373 1651 4 13374 1652 4 13375 1659 4 13376 1652 4 13377 1653 4 13378 1658 4 13379 1659 2891 13380 1652 2891 13381 1658 2891 13382 1653 4 13383 1654 4 13384 1658 4 13385 1654 2892 13386 1655 2892 13387 1657 2892 13388 1655 4 13389 1656 4 13390 1657 4 13391 1654 2893 13392 1657 2893 13393 1658 2893 13394 1646 2894 13395 1663 2894 13396 1664 2894 13397 1638 4 13398 1672 4 13399 1673 4 13400 1640 2895 13401 1670 2895 13402 1671 2895 13403 1676 2896 13404 1635 2896 13405 1675 2896 13406 1684 4 13407 1685 4 13408 1678 4 13409 1685 4 13410 1686 4 13411 1677 4 13412 1682 4 13413 1683 4 13414 1679 4 13415 1683 4 13416 1684 4 13417 1678 4 13418 1679 4 13419 1683 4 13420 1678 4 13421 1680 4 13422 1681 4 13423 1679 4 13424 1681 4 13425 1682 4 13426 1679 4 13427 1685 4 13428 1677 4 13429 1678 4 13430 1668 2897 13431 1642 2897 13432 1667 2897 13433 1651 2898 13434 1659 2898 13435 1660 2898 13436 1676 4 13437 1677 4 13438 1686 4 13439 1649 2899 13440 1660 2899 13441 1661 2899 13442 1647 4 13443 1662 4 13444 1663 4 13445 1673 4 13446 1674 4 13447 1637 4 13448 1645 2900 13449 1664 2900 13450 1665 2900 13451 1671 2901 13452 1672 2901 13453 1639 2901 13454 1666 2902 13455 1667 2902 13456 1643 2902 13457 1634 2903 13458 1687 2904 13459 1688 2905 13460 1686 2906 13461 1689 2907 13462 1687 2908 13463 1685 2909 13464 1690 2910 13465 1689 2911 13466 1684 2912 13467 1691 2913 13468 1690 2914 13469 1683 2915 13470 1692 2916 13471 1691 2917 13472 1682 5 13473 1693 5 13474 1692 5 13475 1681 1 13476 1694 1 13477 1693 1 13478 1680 0 13479 1695 0 13480 1694 0 13481 1679 3 13482 1696 3 13483 1695 3 13484 1678 0 13485 1697 0 13486 1696 0 13487 1677 2918 13488 1698 2919 13489 1697 2920 13490 1676 2921 13491 1699 2922 13492 1698 2923 13493 1675 2924 13494 1700 2925 13495 1699 2926 13496 1674 2927 13497 1701 2928 13498 1700 2929 13499 1673 2930 13500 1702 2931 13501 1701 2932 13502 1672 2933 13503 1703 2934 13504 1702 2935 13505 1671 2936 13506 1704 2937 13507 1703 2938 13508 1670 2939 13509 1705 2940 13510 1704 2941 13511 1669 2942 13512 1706 2943 13513 1705 2944 13514 1668 2945 13515 1707 2946 13516 1706 2947 13517 1667 2948 13518 1708 2949 13519 1707 2950 13520 1666 2951 13521 1709 2952 13522 1708 2953 13523 1665 2954 13524 1710 2955 13525 1709 2956 13526 1664 2957 13527 1711 2958 13528 1710 2959 13529 1663 2960 13530 1712 2961 13531 1711 2962 13532 1662 2963 13533 1713 2964 13534 1712 2965 13535 1661 2966 13536 1714 2967 13537 1713 2968 13538 1660 2969 13539 1715 2970 13540 1714 2971 13541 1659 2972 13542 1716 2973 13543 1715 2974 13544 1658 2975 13545 1717 2976 13546 1716 2977 13547 1657 2978 13548 1718 2979 13549 1717 2980 13550 1656 2981 13551 1719 2982 13552 1718 2983 13553 1655 3 13554 1720 3 13555 1719 3 13556 1654 5 13557 1721 5 13558 1720 5 13559 1653 2984 13560 1722 2985 13561 1721 2986 13562 1652 2987 13563 1723 2988 13564 1722 2989 13565 1651 2990 13566 1724 2991 13567 1723 2992 13568 1650 2993 13569 1725 2994 13570 1724 2995 13571 1649 2996 13572 1726 2997 13573 1725 2998 13574 1648 2999 13575 1727 3000 13576 1726 3001 13577 1647 3002 13578 1728 3003 13579 1727 3004 13580 1646 3005 13581 1729 3006 13582 1728 3007 13583 1645 3008 13584 1730 3009 13585 1729 3010 13586 1644 3011 13587 1731 3012 13588 1730 3013 13589 1643 3014 13590 1732 3015 13591 1731 3016 13592 1642 3017 13593 1733 3018 13594 1732 3019 13595 1641 3020 13596 1734 3021 13597 1733 3022 13598 1640 3023 13599 1735 3024 13600 1734 3025 13601 1639 3026 13602 1736 3027 13603 1735 3028 13604 1638 3029 13605 1737 3030 13606 1736 3031 13607 1637 3032 13608 1738 3033 13609 1737 3034 13610 1636 3035 13611 1739 3036 13612 1738 3037 13613 1635 3038 13614 1688 3039 13615 1739 3040 13616 1739 2 13617 1688 2 13618 1700 2 13619 1688 2 13620 1687 2 13621 1699 2 13622 1687 3041 13623 1689 3041 13624 1699 3041 13625 1689 2 13626 1690 2 13627 1698 2 13628 1699 3042 13629 1689 3042 13630 1698 3042 13631 1690 2 13632 1691 2 13633 1697 2 13634 1691 3043 13635 1692 3043 13636 1697 3043 13637 1693 2 13638 1694 2 13639 1696 2 13640 1694 2 13641 1695 2 13642 1696 2 13643 1692 2 13644 1693 2 13645 1696 2 13646 1697 2 13647 1692 2 13648 1696 2 13649 1688 3044 13650 1699 3044 13651 1700 3044 13652 1737 2 13653 1738 2 13654 1702 2 13655 1738 2 13656 1739 2 13657 1701 2 13658 1735 2 13659 1736 2 13660 1704 2 13661 1736 2 13662 1737 2 13663 1703 2 13664 1704 2 13665 1736 2 13666 1703 2 13667 1733 3045 13668 1734 3045 13669 1706 3045 13670 1734 2 13671 1735 2 13672 1705 2 13673 1706 3046 13674 1734 3046 13675 1705 3046 13676 1731 2 13677 1732 2 13678 1709 2 13679 1732 3047 13680 1733 3047 13681 1708 3047 13682 1729 3048 13683 1730 3048 13684 1711 3048 13685 1730 3049 13686 1731 3049 13687 1710 3049 13688 1727 2 13689 1728 2 13690 1713 2 13691 1728 2 13692 1729 2 13693 1712 2 13694 1713 3050 13695 1728 3050 13696 1712 3050 13697 1725 3051 13698 1726 3051 13699 1715 3051 13700 1726 2 13701 1727 2 13702 1714 2 13703 1715 2 13704 1726 2 13705 1714 2 13706 1723 3052 13707 1724 3052 13708 1716 3052 13709 1724 3053 13710 1725 3053 13711 1715 3053 13712 1716 3054 13713 1724 3054 13714 1715 3054 13715 1721 2 13716 1722 2 13717 1717 2 13718 1722 2 13719 1723 2 13720 1717 2 13721 1719 2 13722 1720 2 13723 1718 2 13724 1720 3055 13725 1721 3055 13726 1718 3055 13727 1730 3056 13728 1710 3056 13729 1711 3056 13730 1732 2 13731 1708 2 13732 1709 2 13733 1738 3057 13734 1701 3057 13735 1702 3057 13736 1707 2 13737 1733 2 13738 1706 2 13739 1723 3058 13740 1716 3058 13741 1717 3058 13742 1717 2 13743 1718 2 13744 1721 2 13745 1690 3059 13746 1697 3059 13747 1698 3059 13748 1714 3060 13749 1727 3060 13750 1713 3060 13751 1739 2 13752 1700 2 13753 1701 2 13754 1711 2 13755 1712 2 13756 1729 2 13757 1737 2 13758 1702 2 13759 1703 2 13760 1709 3061 13761 1710 3061 13762 1731 3061 13763 1704 2 13764 1705 2 13765 1735 2 13766 1740 1 13767 1747 1 13768 1748 1 13769 1742 3062 13770 1749 3063 13771 1747 3064 13772 1741 3 13773 1750 3 13774 1749 3 13775 1743 3065 13776 1751 3066 13777 1750 3067 13778 1752 3 13779 1753 3 13780 1751 3 13781 1744 1 13782 1755 1 13783 1756 1 13784 1745 3068 13785 1757 3069 13786 1755 3070 13787 1754 3071 13788 1756 3072 13789 1757 3073 13790 1746 3074 13791 1748 3075 13792 1759 3076 13793 1761 3077 13794 1760 3078 13795 1753 3079 13796 1758 3 13797 1759 3 13798 1760 3 13799 1767 4 13800 1762 4 13801 1766 4 13802 1762 4 13803 1763 4 13804 1766 4 13805 1763 4 13806 1764 4 13807 1766 4 13808 1762 3 13809 1768 3 13810 1769 3 13811 1767 5 13812 1770 5 13813 1768 5 13814 1766 1 13815 1771 1 13816 1770 1 13817 1765 5 13818 1772 5 13819 1771 5 13820 1764 1 13821 1773 1 13822 1772 1 13823 1763 0 13824 1769 0 13825 1773 0 13826 1769 2 13827 1768 2 13828 1771 2 13829 1768 2 13830 1770 2 13831 1771 2 13832 1771 2 13833 1772 2 13834 1773 2 13835 1779 4 13836 1774 4 13837 1778 4 13838 1774 4 13839 1775 4 13840 1778 4 13841 1775 4 13842 1776 4 13843 1778 4 13844 1774 3 13845 1780 3 13846 1781 3 13847 1779 5 13848 1782 5 13849 1780 5 13850 1778 1 13851 1783 1 13852 1782 1 13853 1777 5 13854 1784 5 13855 1783 5 13856 1776 1 13857 1785 1 13858 1784 1 13859 1775 0 13860 1781 0 13861 1785 0 13862 1781 2 13863 1780 2 13864 1783 2 13865 1780 2 13866 1782 2 13867 1783 2 13868 1783 2 13869 1784 2 13870 1785 2 13871 1787 4 13872 1788 4 13873 1790 4 13874 1788 4 13875 1789 4 13876 1790 4 13877 1796 4 13878 1797 4 13879 1795 4 13880 1797 4 13881 1786 4 13882 1795 4 13883 1786 3080 13884 1787 3080 13885 1794 3080 13886 1787 4 13887 1790 4 13888 1791 4 13889 1791 4 13890 1792 4 13891 1793 4 13892 1787 3081 13893 1791 3081 13894 1794 3081 13895 1794 3082 13896 1795 3082 13897 1786 3082 13898 1786 0 13899 1798 0 13900 1799 0 13901 1797 3 13902 1800 3 13903 1798 3 13904 1796 5 13905 1801 5 13906 1800 5 13907 1795 1 13908 1802 1 13909 1801 1 13910 1794 5 13911 1803 5 13912 1802 5 13913 1793 3 13914 1804 3 13915 1803 3 13916 1792 5 13917 1805 5 13918 1804 5 13919 1791 1 13920 1806 1 13921 1805 1 13922 1790 5 13923 1807 5 13924 1806 5 13925 1789 3 13926 1808 3 13927 1807 3 13928 1788 5 13929 1809 5 13930 1808 5 13931 1787 1 13932 1799 1 13933 1809 1 13934 1798 2 13935 1800 2 13936 1802 2 13937 1800 2 13938 1801 2 13939 1802 2 13940 1808 2 13941 1809 2 13942 1807 2 13943 1809 2 13944 1799 2 13945 1807 2 13946 1799 2 13947 1798 2 13948 1803 2 13949 1798 2 13950 1802 2 13951 1803 2 13952 1803 2 13953 1804 2 13954 1805 2 13955 1806 3083 13956 1807 3083 13957 1799 3083 13958 1803 2 13959 1805 2 13960 1806 2 13961 1810 1 13962 1814 1 13963 1815 3084 13964 1812 0 13965 1816 0 13966 1814 0 13967 1817 3 13968 1818 3 13969 1816 3 13970 1811 5 13971 1820 5 13972 1821 5 13973 1822 3085 13974 1823 3086 13975 1820 3 13976 1813 3087 13977 1815 3088 13978 1825 3089 13979 1827 5 13980 1826 5 13981 1818 5 13982 1828 3090 13983 1831 3091 13984 1832 3092 13985 1819 1 13986 1821 1 13987 1831 3093 13988 1829 3 13989 1833 3 13990 1826 3 13991 1834 3094 13992 1835 3095 13993 1833 3096 13994 1830 3097 13995 1832 3098 13996 1838 3099 13997 1841 3 13998 1840 3 13999 1835 3 14000 1836 3100 14001 1839 3101 14002 1840 3102 14003 1842 3103 14004 1843 3104 14005 1839 3105 14006 1837 3106 14007 1838 3107 14008 1845 3108 14009 1856 3109 14010 1855 3110 14011 1823 3111 14012 1824 3112 14013 1825 3113 14014 1852 3114 14015 1858 3115 14016 1852 3116 14017 1849 3117 14018 1861 3118 14019 1853 3119 14020 1854 3120 14021 1860 3121 14022 1851 3122 14023 1853 3123 14024 1862 3124 14025 1850 3125 14026 1851 3126 14027 1859 3127 14028 1849 3128 14029 1866 3129 14030 1864 3130 14031 1867 3131 14032 1843 3132 14033 1868 3133 14034 1869 3134 14035 1867 3135 14036 1865 3136 14037 1866 3137 14038 1871 3138 14039 1873 3139 14040 1872 3140 14041 1869 3141 14042 1870 3142 14043 1871 3143 14044 1875 3144 14045 1877 3145 14046 1876 3146 14047 1872 3147 14048 1874 3148 14049 1875 3149 14050 1876 3150 14051 1844 3151 14052 1845 3152 14053 1846 3153 14054 1879 3154 14055 1846 3155 14056 1847 3156 14057 1878 3157 14058 1847 3158 14059 1848 3159 14060 1863 3160 14061 1848 3161 14062 1850 3162 14063 1857 3163 14064 1854 3164 14065 1855 3165 14066 1888 4 14067 1880 4 14068 1887 4 14069 1880 3166 14070 1881 3166 14071 1887 3166 14072 1881 4 14073 1882 4 14074 1884 4 14075 1882 4 14076 1883 4 14077 1884 4 14078 1884 4 14079 1885 4 14080 1887 4 14081 1885 4 14082 1886 4 14083 1887 4 14084 1880 3167 14085 1889 3168 14086 1890 3169 14087 1888 1 14088 1891 1 14089 1889 1 14090 1887 3170 14091 1892 3171 14092 1891 3172 14093 1886 3173 14094 1893 3174 14095 1892 3175 14096 1885 1 14097 1894 1 14098 1893 1 14099 1884 3176 14100 1895 3177 14101 1894 3178 14102 1883 0 14103 1896 0 14104 1895 0 14105 1882 3 14106 1897 3 14107 1896 3 14108 1881 5 14109 1890 5 14110 1897 5 14111 1890 2 14112 1889 2 14113 1892 2 14114 1889 2 14115 1891 2 14116 1892 2 14117 1892 2 14118 1893 2 14119 1894 2 14120 1896 2 14121 1897 2 14122 1895 2 14123 1897 3179 14124 1890 3179 14125 1895 3179 14126 1892 2 14127 1894 2 14128 1895 2 14129 1898 1 14130 1905 1 14131 1906 1 14132 1900 3180 14133 1907 3181 14134 1905 3182 14135 1899 3 14136 1908 3 14137 1907 3 14138 1901 3183 14139 1909 3184 14140 1908 3185 14141 1910 3 14142 1911 3 14143 1909 3 14144 1902 1 14145 1913 1 14146 1914 1 14147 1903 3186 14148 1915 3187 14149 1913 3188 14150 1912 3189 14151 1914 3190 14152 1915 3191 14153 1904 3074 14154 1906 3075 14155 1917 3076 14156 1919 3192 14157 1918 3193 14158 1911 3194 14159 1916 3 14160 1917 3 14161 1918 3 14162 1920 1 14163 1924 1 14164 1925 3195 14165 1922 0 14166 1926 0 14167 1924 0 14168 1927 3 14169 1928 3 14170 1926 3 14171 1921 5 14172 1930 5 14173 1931 5 14174 1932 3085 14175 1933 3086 14176 1930 3 14177 1923 3196 14178 1925 3197 14179 1935 3198 14180 1937 5 14181 1936 5 14182 1928 5 14183 1938 3199 14184 1941 3200 14185 1942 3201 14186 1929 1 14187 1931 1 14188 1941 3202 14189 1939 3 14190 1943 3 14191 1936 3 14192 1944 3094 14193 1945 3095 14194 1943 3096 14195 1940 3097 14196 1942 3098 14197 1948 3099 14198 1951 3 14199 1950 3 14200 1945 3 14201 1946 3203 14202 1949 3204 14203 1950 3205 14204 1952 3103 14205 1953 3104 14206 1949 3105 14207 1947 3106 14208 1948 3107 14209 1955 3108 14210 1966 3206 14211 1965 3207 14212 1933 3208 14213 1934 3209 14214 1935 3210 14215 1962 3211 14216 1968 3212 14217 1962 3213 14218 1959 3214 14219 1971 3215 14220 1963 3216 14221 1964 3217 14222 1970 3218 14223 1961 3219 14224 1963 3220 14225 1972 3221 14226 1960 3222 14227 1961 3223 14228 1969 3224 14229 1959 3225 14230 1976 3226 14231 1974 3227 14232 1977 3228 14233 1953 3229 14234 1978 3230 14235 1979 3231 14236 1977 3232 14237 1975 3233 14238 1976 3234 14239 1981 3235 14240 1983 3236 14241 1982 3237 14242 1979 3238 14243 1980 3239 14244 1981 3240 14245 1985 3241 14246 1987 3242 14247 1986 3243 14248 1982 3244 14249 1984 3245 14250 1985 3246 14251 1986 3247 14252 1954 3248 14253 1955 3249 14254 1956 3250 14255 1989 3154 14256 1956 3155 14257 1957 3251 14258 1988 3252 14259 1957 3253 14260 1958 3159 14261 1973 3254 14262 1958 3255 14263 1960 3256 14264 1967 3257 14265 1964 3258 14266 1965 3259 14267 1997 4 14268 1990 4 14269 1991 4 14270 1991 4 14271 1992 4 14272 1993 4 14273 1993 4 14274 1994 4 14275 1996 4 14276 1994 4 14277 1995 4 14278 1996 4 14279 1996 4 14280 1997 4 14281 1991 4 14282 1990 0 14283 1998 0 14284 1999 0 14285 1997 3 14286 2000 3 14287 1998 3 14288 1996 5 14289 2001 5 14290 2000 5 14291 1995 3 14292 2002 3 14293 2001 3 14294 1994 5 14295 2003 5 14296 2002 5 14297 1993 1 14298 2004 1 14299 2003 1 14300 1992 0 14301 2005 0 14302 2004 0 14303 1991 3 14304 1999 3 14305 2005 3 14306 1999 2 14307 1998 2 14308 2000 2 14309 2001 2 14310 2002 2 14311 2003 2 14312 1999 2 14313 2000 2 14314 2001 2 14315 2004 2 14316 2005 2 14317 1999 2 14318 2001 2 14319 2003 2 14320 2004 2 14321 2057 4 14322 2006 4 14323 2048 4 14324 2006 4 14325 2007 4 14326 2047 4 14327 2048 4 14328 2006 4 14329 2047 4 14330 2007 3260 14331 2008 3260 14332 2047 3260 14333 2008 4 14334 2009 4 14335 2046 4 14336 2047 4 14337 2008 4 14338 2046 4 14339 2009 3261 14340 2010 3261 14341 2045 3261 14342 2010 3262 14343 2011 3262 14344 2044 3262 14345 2011 3263 14346 2012 3263 14347 2043 3263 14348 2012 4 14349 2013 4 14350 2042 4 14351 2013 3264 14352 2014 3264 14353 2041 3264 14354 2014 3265 14355 2015 3265 14356 2039 3265 14357 2041 4 14358 2014 4 14359 2040 4 14360 2015 3266 14361 2016 3266 14362 2038 3266 14363 2016 4 14364 2017 4 14365 2037 4 14366 2038 4 14367 2016 4 14368 2037 4 14369 2017 4 14370 2018 4 14371 2036 4 14372 2018 3267 14373 2019 3267 14374 2035 3267 14375 2019 4 14376 2020 4 14377 2034 4 14378 2020 4 14379 2021 4 14380 2033 4 14381 2034 4 14382 2020 4 14383 2033 4 14384 2021 4 14385 2022 4 14386 2033 4 14387 2022 4 14388 2023 4 14389 2032 4 14390 2023 3268 14391 2024 3268 14392 2031 3268 14393 2024 3269 14394 2025 3269 14395 2030 3269 14396 2031 3270 14397 2024 3270 14398 2030 3270 14399 2025 4 14400 2026 4 14401 2030 4 14402 2026 3271 14403 2027 3271 14404 2029 3271 14405 2027 4 14406 2028 4 14407 2029 4 14408 2026 4 14409 2029 4 14410 2030 4 14411 2022 3272 14412 2032 3272 14413 2033 3272 14414 2018 3273 14415 2035 3273 14416 2036 3273 14417 2010 3274 14418 2044 3274 14419 2045 3274 14420 2012 4 14421 2042 4 14422 2043 4 14423 2055 4 14424 2056 4 14425 2050 4 14426 2056 4 14427 2057 4 14428 2049 4 14429 2053 4 14430 2054 4 14431 2051 4 14432 2054 4 14433 2055 4 14434 2050 4 14435 2051 4 14436 2054 4 14437 2050 4 14438 2051 4 14439 2052 4 14440 2053 4 14441 2056 3275 14442 2049 3275 14443 2050 3275 14444 2049 3276 14445 2057 3276 14446 2048 3276 14447 2040 4 14448 2014 4 14449 2039 4 14450 2023 3277 14451 2031 3277 14452 2032 3277 14453 2019 4 14454 2034 4 14455 2035 4 14456 2045 4 14457 2046 4 14458 2009 4 14459 2017 3278 14460 2036 3278 14461 2037 3278 14462 2043 3279 14463 2044 3279 14464 2011 3279 14465 2038 3280 14466 2039 3280 14467 2015 3280 14468 2006 3281 14469 2058 3282 14470 2059 3283 14471 2057 3284 14472 2060 3285 14473 2058 3286 14474 2056 3287 14475 2061 3288 14476 2060 3289 14477 2055 3290 14478 2062 3291 14479 2061 3292 14480 2054 3293 14481 2063 3294 14482 2062 3295 14483 2053 5 14484 2064 5 14485 2063 5 14486 2052 1 14487 2065 1 14488 2064 1 14489 2051 3296 14490 2066 3297 14491 2065 3298 14492 2050 3299 14493 2067 3300 14494 2066 3301 14495 2049 3302 14496 2068 3303 14497 2067 3304 14498 2048 3305 14499 2069 3306 14500 2068 3307 14501 2047 3308 14502 2070 3309 14503 2069 3310 14504 2046 3311 14505 2071 3312 14506 2070 3313 14507 2045 3314 14508 2072 3315 14509 2071 3316 14510 2044 3317 14511 2073 3318 14512 2072 3319 14513 2043 3320 14514 2074 3321 14515 2073 3322 14516 2042 3323 14517 2075 3324 14518 2074 3325 14519 2041 3326 14520 2076 3327 14521 2075 967 14522 2040 3328 14523 2077 3329 14524 2076 3330 14525 2039 3331 14526 2078 3332 14527 2077 3333 14528 2038 3334 14529 2079 3335 14530 2078 3336 14531 2037 3337 14532 2080 3338 14533 2079 3339 14534 2036 3340 14535 2081 3341 14536 2080 3342 14537 2035 3343 14538 2082 3344 14539 2081 3345 14540 2034 3346 14541 2083 3347 14542 2082 3348 14543 2033 3349 14544 2084 3350 14545 2083 3351 14546 2032 3352 14547 2085 3353 14548 2084 3354 14549 2031 3355 14550 2086 3356 14551 2085 3357 14552 2030 3358 14553 2087 3359 14554 2086 3360 14555 2029 3361 14556 2088 3362 14557 2087 3363 14558 2028 3364 14559 2089 3365 14560 2088 3366 14561 2027 3 14562 2090 3 14563 2089 3 14564 2026 5 14565 2091 5 14566 2090 5 14567 2025 3367 14568 2092 3368 14569 2091 3369 14570 2024 3370 14571 2093 3371 14572 2092 3372 14573 2023 3373 14574 2094 3374 14575 2093 3375 14576 2022 3376 14577 2095 3377 14578 2094 3378 14579 2021 3379 14580 2096 3380 14581 2095 3381 14582 2020 3382 14583 2097 3383 14584 2096 3384 14585 2019 3385 14586 2098 3386 14587 2097 3387 14588 2018 3388 14589 2099 3389 14590 2098 3390 14591 2017 3391 14592 2100 3392 14593 2099 3393 14594 2016 3394 14595 2101 3395 14596 2100 3396 14597 2015 3397 14598 2102 3398 14599 2101 3399 14600 2014 3400 14601 2103 3401 14602 2102 3402 14603 2013 3403 14604 2104 3404 14605 2103 3405 14606 2012 3406 14607 2105 3407 14608 2104 3408 14609 2011 3409 14610 2106 3410 14611 2105 3411 14612 2010 3412 14613 2107 3413 14614 2106 3414 14615 2009 3415 14616 2108 3416 14617 2107 3417 14618 2008 3418 14619 2109 3419 14620 2108 3420 14621 2007 3421 14622 2059 3422 14623 2109 3423 14624 2109 2 14625 2059 2 14626 2070 2 14627 2059 2 14628 2058 2 14629 2070 2 14630 2070 2 14631 2058 2 14632 2069 2 14633 2058 2 14634 2060 2 14635 2069 2 14636 2060 2 14637 2061 2 14638 2068 2 14639 2061 3424 14640 2062 3424 14641 2067 3424 14642 2062 3425 14643 2063 3425 14644 2067 3425 14645 2061 3426 14646 2067 3426 14647 2068 3426 14648 2063 3427 14649 2064 3427 14650 2066 3427 14651 2064 2 14652 2065 2 14653 2066 2 14654 2060 3428 14655 2068 3428 14656 2069 3428 14657 2108 2 14658 2109 2 14659 2071 2 14660 2106 2 14661 2107 2 14662 2073 2 14663 2107 2 14664 2108 2 14665 2072 2 14666 2073 2 14667 2107 2 14668 2072 2 14669 2104 3429 14670 2105 3429 14671 2075 3429 14672 2105 2 14673 2106 2 14674 2074 2 14675 2075 3430 14676 2105 3430 14677 2074 3430 14678 2102 2 14679 2103 2 14680 2078 2 14681 2103 3431 14682 2104 3431 14683 2076 3431 14684 2100 3432 14685 2101 3432 14686 2080 3432 14687 2101 2 14688 2102 2 14689 2079 2 14690 2098 3433 14691 2099 3433 14692 2082 3433 14693 2099 3434 14694 2100 3434 14695 2081 3434 14696 2082 2 14697 2099 2 14698 2081 2 14699 2096 3435 14700 2097 3435 14701 2084 3435 14702 2097 2 14703 2098 2 14704 2083 2 14705 2094 2 14706 2095 2 14707 2085 2 14708 2095 2 14709 2096 2 14710 2084 2 14711 2085 2 14712 2095 2 14713 2084 2 14714 2092 2 14715 2093 2 14716 2087 2 14717 2093 3436 14718 2094 3436 14719 2086 3436 14720 2090 3437 14721 2091 3437 14722 2088 3437 14723 2091 2 14724 2092 2 14725 2087 2 14726 2088 3438 14727 2091 3438 14728 2087 3438 14729 2088 2 14730 2089 2 14731 2090 2 14732 2093 2 14733 2086 2 14734 2087 2 14735 2086 2 14736 2094 2 14737 2085 2 14738 2097 3439 14739 2083 3439 14740 2084 3439 14741 2083 2 14742 2098 2 14743 2082 2 14744 2101 2 14745 2079 2 14746 2080 2 14747 2103 2 14748 2076 2 14749 2077 2 14750 2063 2 14751 2066 2 14752 2067 2 14753 2103 2 14754 2077 2 14755 2078 2 14756 2076 2 14757 2104 2 14758 2075 2 14759 2109 3440 14760 2070 3440 14761 2071 3440 14762 2108 2 14763 2071 2 14764 2072 2 14765 2073 2 14766 2074 2 14767 2106 2 14768 2080 3441 14769 2081 3441 14770 2100 3441 14771 2116 4 14772 2110 4 14773 2111 4 14774 2112 4 14775 2113 4 14776 2115 4 14777 2113 4 14778 2114 4 14779 2115 4 14780 2115 4 14781 2116 4 14782 2111 4 14783 2117 1 14784 2123 1 14785 2124 1 14786 2123 3442 14787 2117 3443 14788 2126 3444 14789 2117 3445 14790 2111 3446 14791 2126 3447 14792 2111 3 14793 2125 3 14794 2127 3 14795 2110 3 14796 2128 3 14797 2125 3 14798 2128 5 14799 2110 5 14800 2126 5 14801 2110 5 14802 2116 5 14803 2126 5 14804 2115 1 14805 2130 1 14806 2129 1 14807 2114 5 14808 2131 5 14809 2130 5 14810 2113 1 14811 2132 1 14812 2131 1 14813 2112 0 14814 2127 0 14815 2132 0 14816 2127 2 14817 2125 2 14818 2130 2 14819 2125 2 14820 2126 2 14821 2130 2 14822 2126 2 14823 2129 2 14824 2130 2 14825 2130 2 14826 2131 2 14827 2132 2 14828 2119 3448 14829 2134 3449 14830 2133 3450 14831 2135 3 14832 2136 3 14833 2134 3 14834 2120 1 14835 2138 1 14836 2139 1 14837 2121 3451 14838 2140 3452 14839 2138 3453 14840 2137 3454 14841 2139 3455 14842 2140 3456 14843 2122 3457 14844 2124 3458 14845 2142 3459 14846 2144 3460 14847 2143 3461 14848 2136 3462 14849 2141 3 14850 2142 3 14851 2143 3 14852 2118 3 14853 2133 3 14854 2128 3 14855 2211 4 14856 2145 4 14857 2154 4 14858 2145 4 14859 2146 4 14860 2154 4 14861 2154 4 14862 2146 4 14863 2153 4 14864 2146 4 14865 2147 4 14866 2153 4 14867 2147 3463 14868 2148 3463 14869 2152 3463 14870 2153 4 14871 2147 4 14872 2152 4 14873 2148 3464 14874 2149 3464 14875 2151 3464 14876 2149 4 14877 2150 4 14878 2151 4 14879 2209 3465 14880 2210 3465 14881 2156 3465 14882 2210 4 14883 2211 4 14884 2155 4 14885 2207 4 14886 2208 4 14887 2157 4 14888 2208 4 14889 2209 4 14890 2157 4 14891 2205 3466 14892 2206 3466 14893 2158 3466 14894 2206 3467 14895 2207 3467 14896 2158 3467 14897 2203 3468 14898 2204 3468 14899 2160 3468 14900 2204 4 14901 2205 4 14902 2159 4 14903 2201 4 14904 2202 4 14905 2162 4 14906 2202 3469 14907 2203 3469 14908 2161 3469 14909 2161 4 14910 2203 4 14911 2160 4 14912 2199 4 14913 2200 4 14914 2163 4 14915 2200 4 14916 2201 4 14917 2162 4 14918 2198 3470 14919 2199 3470 14920 2165 3470 14921 2200 3471 14922 2162 3471 14923 2163 3471 14924 2204 4 14925 2159 4 14926 2160 4 14927 2158 3472 14928 2207 3472 14929 2157 3472 14930 2210 3473 14931 2155 3473 14932 2156 3473 14933 2148 3474 14934 2151 3474 14935 2152 3474 14936 2159 3475 14937 2205 3475 14938 2158 3475 14939 2211 3476 14940 2154 3476 14941 2155 3476 14942 2185 4 14943 2186 4 14944 2187 4 14945 2183 4 14946 2184 4 14947 2188 4 14948 2184 4 14949 2185 4 14950 2187 4 14951 2181 4 14952 2182 4 14953 2189 4 14954 2182 4 14955 2183 4 14956 2188 4 14957 2189 4 14958 2182 4 14959 2188 4 14960 2179 3477 14961 2180 3477 14962 2190 3477 14963 2180 4 14964 2181 4 14965 2190 4 14966 2177 4 14967 2178 4 14968 2191 4 14969 2178 3478 14970 2179 3478 14971 2191 3478 14972 2175 4 14973 2176 4 14974 2192 4 14975 2176 4 14976 2177 4 14977 2192 4 14978 2173 4 14979 2174 4 14980 2193 4 14981 2174 4 14982 2175 4 14983 2193 4 14984 2171 3479 14985 2172 3479 14986 2195 3479 14987 2172 4 14988 2173 4 14989 2194 4 14990 2169 3480 14991 2170 3480 14992 2196 3480 14993 2170 3481 14994 2171 3481 14995 2195 3481 14996 2167 3482 14997 2168 3482 14998 2196 3482 14999 2168 4 15000 2169 4 15001 2196 4 15002 2165 3483 15003 2166 3483 15004 2198 3483 15005 2166 3484 15006 2167 3484 15007 2197 3484 15008 2164 3485 15009 2165 3485 15010 2199 3485 15011 2166 3486 15012 2197 3486 15013 2198 3486 15014 2170 3487 15015 2195 3487 15016 2196 3487 15017 2172 3488 15018 2194 3488 15019 2195 3488 15020 2194 3489 15021 2173 3489 15022 2193 3489 15023 2190 3490 15024 2181 3490 15025 2189 3490 15026 2184 3491 15027 2187 3491 15028 2188 3491 15029 2177 3492 15030 2191 3492 15031 2192 3492 15032 2191 4 15033 2179 4 15034 2190 4 15035 2163 4 15036 2164 4 15037 2199 4 15038 2209 3493 15039 2156 3493 15040 2157 3493 15041 2175 3494 15042 2192 3494 15043 2193 3494 15044 2202 4 15045 2161 4 15046 2162 4 15047 2145 3495 15048 2212 3496 15049 2213 3497 15050 2211 3498 15051 2214 3499 15052 2212 3500 15053 2210 3501 15054 2215 3502 15055 2214 3503 15056 2209 3504 15057 2216 3505 15058 2215 3506 15059 2208 3507 15060 2217 3508 15061 2216 3509 15062 2207 3510 15063 2218 3511 15064 2217 3512 15065 2206 3513 15066 2219 3514 15067 2218 3515 15068 2205 3516 15069 2220 3517 15070 2219 3518 15071 2204 3519 15072 2221 3520 15073 2220 3521 15074 2203 3522 15075 2222 3523 15076 2221 3524 15077 2202 3525 15078 2223 3526 15079 2222 3527 15080 2201 3528 15081 2224 3529 15082 2223 3530 15083 2200 3531 15084 2225 3532 15085 2224 3533 15086 2199 3534 15087 2226 3535 15088 2225 3536 15089 2198 3537 15090 2227 3538 15091 2226 3539 15092 2197 3540 15093 2228 3541 15094 2227 3542 15095 2196 3543 15096 2229 3544 15097 2228 3545 15098 2195 3546 15099 2230 3547 15100 2229 3548 15101 2194 3549 15102 2231 3550 15103 2230 3551 15104 2193 3552 15105 2232 3553 15106 2231 3554 15107 2192 3555 15108 2233 3556 15109 2232 3557 15110 2191 3558 15111 2234 3559 15112 2233 3560 15113 2190 3561 15114 2235 3562 15115 2234 3563 15116 2189 3564 15117 2236 3565 15118 2235 3566 15119 2188 3567 15120 2237 3568 15121 2236 3569 15122 2187 3570 15123 2238 3571 15124 2237 3572 15125 2186 3573 15126 2239 3574 15127 2238 3575 15128 2185 3 15129 2240 3 15130 2239 3 15131 2184 5 15132 2241 5 15133 2240 5 15134 2183 3576 15135 2242 3577 15136 2241 3578 15137 2182 3579 15138 2243 3580 15139 2242 3581 15140 2181 3582 15141 2244 3583 15142 2243 3584 15143 2180 3585 15144 2245 3586 15145 2244 3587 15146 2179 3588 15147 2246 3589 15148 2245 3590 15149 2178 3591 15150 2247 3592 15151 2246 3593 15152 2177 3594 15153 2248 3595 15154 2247 3596 15155 2176 3597 15156 2249 3598 15157 2248 3599 15158 2175 3600 15159 2250 3601 15160 2249 3602 15161 2174 3603 15162 2251 3604 15163 2250 3605 15164 2173 3606 15165 2252 3607 15166 2251 3608 15167 2172 3609 15168 2253 3610 15169 2252 3611 15170 2171 3612 15171 2254 3613 15172 2253 3614 15173 2170 3615 15174 2255 3616 15175 2254 3617 15176 2169 3618 15177 2256 3619 15178 2255 3620 15179 2168 3621 15180 2257 3622 15181 2256 3623 15182 2167 3624 15183 2258 3625 15184 2257 3626 15185 2166 3627 15186 2259 3628 15187 2258 3629 15188 2165 3630 15189 2260 3631 15190 2259 3632 15191 2164 3633 15192 2261 3634 15193 2260 3635 15194 2163 3636 15195 2262 3637 15196 2261 3638 15197 2162 3639 15198 2263 3640 15199 2262 3641 15200 2161 3642 15201 2264 3643 15202 2263 3644 15203 2160 3645 15204 2265 3646 15205 2264 3647 15206 2159 3648 15207 2266 3649 15208 2265 3650 15209 2158 3651 15210 2267 3652 15211 2266 3653 15212 2157 3654 15213 2268 3655 15214 2267 3656 15215 2156 3657 15216 2269 3658 15217 2268 3659 15218 2155 3660 15219 2270 3661 15220 2269 3662 15221 2154 3663 15222 2271 3664 15223 2270 3665 15224 2153 3666 15225 2272 3667 15226 2271 3668 15227 2152 3669 15228 2273 3670 15229 2272 3671 15230 2151 3672 15231 2274 3673 15232 2273 3674 15233 2150 3675 15234 2275 3676 15235 2274 3677 15236 2149 1 15237 2276 1 15238 2275 1 15239 2148 0 15240 2277 0 15241 2276 0 15242 2147 3678 15243 2278 3679 15244 2277 3680 15245 2146 3681 15246 2213 3682 15247 2278 3683 15248 2278 3684 15249 2213 3684 15250 2272 3684 15251 2213 2 15252 2212 2 15253 2271 2 15254 2212 2 15255 2214 2 15256 2271 2 15257 2214 3685 15258 2215 3685 15259 2270 3685 15260 2215 2 15261 2216 2 15262 2269 2 15263 2216 2 15264 2217 2 15265 2268 2 15266 2269 2 15267 2216 2 15268 2268 2 15269 2217 3686 15270 2218 3686 15271 2268 3686 15272 2218 2 15273 2219 2 15274 2267 2 15275 2268 2 15276 2218 2 15277 2267 2 15278 2219 2 15279 2220 2 15280 2267 2 15281 2220 3687 15282 2221 3687 15283 2266 3687 15284 2221 2 15285 2222 2 15286 2265 2 15287 2222 3688 15288 2223 3688 15289 2264 3688 15290 2265 3689 15291 2222 3689 15292 2264 3689 15293 2223 2 15294 2224 2 15295 2263 2 15296 2224 3690 15297 2225 3690 15298 2263 3690 15299 2263 3691 15300 2225 3691 15301 2262 3691 15302 2225 2 15303 2226 2 15304 2262 2 15305 2226 2 15306 2227 2 15307 2260 2 15308 2262 3692 15309 2226 3692 15310 2261 3692 15311 2220 3693 15312 2266 3693 15313 2267 3693 15314 2266 2 15315 2221 2 15316 2265 2 15317 2213 2 15318 2271 2 15319 2272 2 15320 2214 3694 15321 2270 3694 15322 2271 3694 15323 2270 2 15324 2215 2 15325 2269 2 15326 2276 2 15327 2277 2 15328 2274 2 15329 2277 2 15330 2278 2 15331 2273 2 15332 2274 3695 15333 2277 3695 15334 2273 3695 15335 2274 2 15336 2275 2 15337 2276 2 15338 2227 3696 15339 2228 3696 15340 2259 3696 15341 2272 3697 15342 2273 3697 15343 2278 3697 15344 2238 2 15345 2239 2 15346 2240 2 15347 2240 2 15348 2241 2 15349 2238 2 15350 2241 2 15351 2242 2 15352 2237 2 15353 2238 3698 15354 2241 3698 15355 2237 3698 15356 2242 2 15357 2243 2 15358 2237 2 15359 2243 2 15360 2244 2 15361 2236 2 15362 2244 2 15363 2245 2 15364 2235 2 15365 2245 2 15366 2246 2 15367 2235 2 15368 2246 3699 15369 2247 3699 15370 2234 3699 15371 2247 2 15372 2248 2 15373 2234 2 15374 2248 2 15375 2249 2 15376 2233 2 15377 2249 2 15378 2250 2 15379 2233 2 15380 2250 3700 15381 2251 3700 15382 2232 3700 15383 2251 3701 15384 2252 3701 15385 2232 3701 15386 2252 3702 15387 2253 3702 15388 2231 3702 15389 2253 3703 15390 2254 3703 15391 2230 3703 15392 2254 2 15393 2255 2 15394 2230 2 15395 2255 2 15396 2256 2 15397 2229 2 15398 2230 3704 15399 2255 3704 15400 2229 3704 15401 2256 3705 15402 2257 3705 15403 2229 3705 15404 2257 2 15405 2258 2 15406 2229 2 15407 2258 2 15408 2259 2 15409 2228 2 15410 2259 2 15411 2260 2 15412 2227 2 15413 2260 3706 15414 2261 3706 15415 2226 3706 15416 2253 2 15417 2230 2 15418 2231 2 15419 2234 2 15420 2248 2 15421 2233 2 15422 2243 2 15423 2236 2 15424 2237 2 15425 2244 3707 15426 2235 3707 15427 2236 3707 15428 2234 2 15429 2235 2 15430 2246 2 15431 2232 3708 15432 2233 3708 15433 2250 3708 15434 2231 3709 15435 2232 3709 15436 2252 3709 15437 2228 2 15438 2229 2 15439 2258 2 15440 2345 4 15441 2279 4 15442 2288 4 15443 2279 4 15444 2280 4 15445 2288 4 15446 2288 4 15447 2280 4 15448 2287 4 15449 2280 4 15450 2281 4 15451 2287 4 15452 2281 3710 15453 2282 3710 15454 2286 3710 15455 2287 4 15456 2281 4 15457 2286 4 15458 2282 3711 15459 2283 3711 15460 2285 3711 15461 2283 4 15462 2284 4 15463 2285 4 15464 2343 3712 15465 2344 3712 15466 2290 3712 15467 2344 4 15468 2345 4 15469 2289 4 15470 2341 4 15471 2342 4 15472 2291 4 15473 2342 4 15474 2343 4 15475 2291 4 15476 2339 3713 15477 2340 3713 15478 2292 3713 15479 2340 3714 15480 2341 3714 15481 2292 3714 15482 2337 3715 15483 2338 3715 15484 2294 3715 15485 2338 4 15486 2339 4 15487 2293 4 15488 2335 4 15489 2336 4 15490 2296 4 15491 2336 3716 15492 2337 3716 15493 2295 3716 15494 2295 4 15495 2337 4 15496 2294 4 15497 2333 4 15498 2334 4 15499 2297 4 15500 2334 4 15501 2335 4 15502 2296 4 15503 2332 3470 15504 2333 3470 15505 2299 3470 15506 2334 3471 15507 2296 3471 15508 2297 3471 15509 2338 4 15510 2293 4 15511 2294 4 15512 2292 3472 15513 2341 3472 15514 2291 3472 15515 2344 3717 15516 2289 3717 15517 2290 3717 15518 2282 3718 15519 2285 3718 15520 2286 3718 15521 2293 3475 15522 2339 3475 15523 2292 3475 15524 2345 3719 15525 2288 3719 15526 2289 3719 15527 2319 4 15528 2320 4 15529 2321 4 15530 2317 4 15531 2318 4 15532 2322 4 15533 2318 4 15534 2319 4 15535 2321 4 15536 2315 4 15537 2316 4 15538 2323 4 15539 2316 4 15540 2317 4 15541 2322 4 15542 2323 4 15543 2316 4 15544 2322 4 15545 2313 3720 15546 2314 3720 15547 2324 3720 15548 2314 4 15549 2315 4 15550 2324 4 15551 2311 4 15552 2312 4 15553 2325 4 15554 2312 3478 15555 2313 3478 15556 2325 3478 15557 2309 4 15558 2310 4 15559 2326 4 15560 2310 4 15561 2311 4 15562 2326 4 15563 2307 4 15564 2308 4 15565 2327 4 15566 2308 4 15567 2309 4 15568 2327 4 15569 2305 3721 15570 2306 3721 15571 2329 3721 15572 2306 4 15573 2307 4 15574 2328 4 15575 2303 3722 15576 2304 3722 15577 2330 3722 15578 2304 3723 15579 2305 3723 15580 2329 3723 15581 2301 3724 15582 2302 3724 15583 2330 3724 15584 2302 4 15585 2303 4 15586 2330 4 15587 2299 3483 15588 2300 3483 15589 2332 3483 15590 2300 3725 15591 2301 3725 15592 2331 3725 15593 2298 3726 15594 2299 3726 15595 2333 3726 15596 2300 3486 15597 2331 3486 15598 2332 3486 15599 2304 3727 15600 2329 3727 15601 2330 3727 15602 2306 3728 15603 2328 3728 15604 2329 3728 15605 2328 3489 15606 2307 3489 15607 2327 3489 15608 2324 3729 15609 2315 3729 15610 2323 3729 15611 2318 3491 15612 2321 3491 15613 2322 3491 15614 2311 3492 15615 2325 3492 15616 2326 3492 15617 2325 4 15618 2313 4 15619 2324 4 15620 2297 4 15621 2298 4 15622 2333 4 15623 2343 3730 15624 2290 3730 15625 2291 3730 15626 2309 3731 15627 2326 3731 15628 2327 3731 15629 2336 4 15630 2295 4 15631 2296 4 15632 2279 3495 15633 2346 3496 15634 2347 3497 15635 2345 3732 15636 2348 3733 15637 2346 3734 15638 2344 3735 15639 2349 3736 15640 2348 3737 15641 2343 3738 15642 2350 3739 15643 2349 3740 15644 2342 3741 15645 2351 3742 15646 2350 3743 15647 2341 3744 15648 2352 3745 15649 2351 3746 15650 2340 3747 15651 2353 3748 15652 2352 3749 15653 2339 3750 15654 2354 3751 15655 2353 3752 15656 2338 3753 15657 2355 3754 15658 2354 3755 15659 2337 3756 15660 2356 3757 15661 2355 3758 15662 2336 3759 15663 2357 3760 15664 2356 3761 15665 2335 3762 15666 2358 3763 15667 2357 3764 15668 2334 3765 15669 2359 3766 15670 2358 3767 15671 2333 3768 15672 2360 3769 15673 2359 3770 15674 2332 3537 15675 2361 3538 15676 2360 3539 15677 2331 3771 15678 2362 3772 15679 2361 3773 15680 2330 3774 15681 2363 3775 15682 2362 3776 15683 2329 3777 15684 2364 3778 15685 2363 3779 15686 2328 3780 15687 2365 3781 15688 2364 3782 15689 2327 3783 15690 2366 3784 15691 2365 3785 15692 2326 3786 15693 2367 3787 15694 2366 3788 15695 2325 3789 15696 2368 3790 15697 2367 3791 15698 2324 3561 15699 2369 3562 15700 2368 3563 15701 2323 3792 15702 2370 3793 15703 2369 3794 15704 2322 3795 15705 2371 3796 15706 2370 3797 15707 2321 3570 15708 2372 3571 15709 2371 3572 15710 2320 3798 15711 2373 3799 15712 2372 3800 15713 2319 3 15714 2374 3 15715 2373 3 15716 2318 5 15717 2375 5 15718 2374 5 15719 2317 3801 15720 2376 3802 15721 2375 3803 15722 2316 3804 15723 2377 3805 15724 2376 3806 15725 2315 3807 15726 2378 3808 15727 2377 3809 15728 2314 3810 15729 2379 3811 15730 2378 3812 15731 2313 3813 15732 2380 3814 15733 2379 3815 15734 2312 3591 15735 2381 3592 15736 2380 3593 15737 2311 3816 15738 2382 3817 15739 2381 3818 15740 2310 3819 15741 2383 3820 15742 2382 3821 15743 2309 3822 15744 2384 3823 15745 2383 3824 15746 2308 3825 15747 2385 3826 15748 2384 3827 15749 2307 3606 15750 2386 3607 15751 2385 3828 15752 2306 3829 15753 2387 3830 15754 2386 3831 15755 2305 3832 15756 2388 3833 15757 2387 3834 15758 2304 3835 15759 2389 3836 15760 2388 3837 15761 2303 3838 15762 2390 3839 15763 2389 3840 15764 2302 3841 15765 2391 3842 15766 2390 3843 15767 2301 3844 15768 2392 3845 15769 2391 3846 15770 2300 3847 15771 2393 3848 15772 2392 3849 15773 2299 3850 15774 2394 3851 15775 2393 3852 15776 2298 3853 15777 2395 3854 15778 2394 3855 15779 2297 3856 15780 2396 3857 15781 2395 3858 15782 2296 3859 15783 2397 3860 15784 2396 3861 15785 2295 3862 15786 2398 3863 15787 2397 3864 15788 2294 3865 15789 2399 3866 15790 2398 3867 15791 2293 3868 15792 2400 3869 15793 2399 3650 15794 2292 3870 15795 2401 3871 15796 2400 3872 15797 2291 3873 15798 2402 3874 15799 2401 3875 15800 2290 3876 15801 2403 3877 15802 2402 3878 15803 2289 3879 15804 2404 3880 15805 2403 3881 15806 2288 3882 15807 2405 3883 15808 2404 3884 15809 2287 3666 15810 2406 3667 15811 2405 3668 15812 2286 3885 15813 2407 3886 15814 2406 3887 15815 2285 3888 15816 2408 3889 15817 2407 3890 15818 2284 3891 15819 2409 3892 15820 2408 3893 15821 2283 1 15822 2410 1 15823 2409 1 15824 2282 0 15825 2411 0 15826 2410 0 15827 2281 3894 15828 2412 3895 15829 2411 3896 15830 2280 3897 15831 2347 3898 15832 2412 3899 15833 2412 3900 15834 2347 3900 15835 2406 3900 15836 2347 2 15837 2346 2 15838 2405 2 15839 2346 2 15840 2348 2 15841 2405 2 15842 2348 3685 15843 2349 3685 15844 2404 3685 15845 2349 2 15846 2350 2 15847 2403 2 15848 2350 2 15849 2351 2 15850 2402 2 15851 2403 2 15852 2350 2 15853 2402 2 15854 2351 3686 15855 2352 3686 15856 2402 3686 15857 2352 2 15858 2353 2 15859 2401 2 15860 2402 2 15861 2352 2 15862 2401 2 15863 2353 2 15864 2354 2 15865 2401 2 15866 2354 3687 15867 2355 3687 15868 2400 3687 15869 2355 2 15870 2356 2 15871 2399 2 15872 2356 3901 15873 2357 3901 15874 2398 3901 15875 2399 3902 15876 2356 3902 15877 2398 3902 15878 2357 2 15879 2358 2 15880 2397 2 15881 2358 3903 15882 2359 3903 15883 2397 3903 15884 2397 3691 15885 2359 3691 15886 2396 3691 15887 2359 2 15888 2360 2 15889 2396 2 15890 2360 2 15891 2361 2 15892 2394 2 15893 2396 3904 15894 2360 3904 15895 2395 3904 15896 2354 3905 15897 2400 3905 15898 2401 3905 15899 2400 2 15900 2355 2 15901 2399 2 15902 2347 2 15903 2405 2 15904 2406 2 15905 2348 3906 15906 2404 3906 15907 2405 3906 15908 2404 2 15909 2349 2 15910 2403 2 15911 2410 2 15912 2411 2 15913 2408 2 15914 2411 2 15915 2412 2 15916 2407 2 15917 2408 3907 15918 2411 3907 15919 2407 3907 15920 2408 2 15921 2409 2 15922 2410 2 15923 2361 3696 15924 2362 3696 15925 2393 3696 15926 2406 3908 15927 2407 3908 15928 2412 3908 15929 2372 2 15930 2373 2 15931 2374 2 15932 2374 2 15933 2375 2 15934 2372 2 15935 2375 2 15936 2376 2 15937 2371 2 15938 2372 3698 15939 2375 3698 15940 2371 3698 15941 2376 2 15942 2377 2 15943 2371 2 15944 2377 2 15945 2378 2 15946 2370 2 15947 2378 2 15948 2379 2 15949 2369 2 15950 2379 2 15951 2380 2 15952 2369 2 15953 2380 3699 15954 2381 3699 15955 2368 3699 15956 2381 2 15957 2382 2 15958 2368 2 15959 2382 2 15960 2383 2 15961 2367 2 15962 2383 2 15963 2384 2 15964 2367 2 15965 2384 3909 15966 2385 3909 15967 2366 3909 15968 2385 3701 15969 2386 3701 15970 2366 3701 15971 2386 3910 15972 2387 3910 15973 2365 3910 15974 2387 3911 15975 2388 3911 15976 2364 3911 15977 2388 2 15978 2389 2 15979 2364 2 15980 2389 2 15981 2390 2 15982 2363 2 15983 2364 3912 15984 2389 3912 15985 2363 3912 15986 2390 3913 15987 2391 3913 15988 2363 3913 15989 2391 2 15990 2392 2 15991 2363 2 15992 2392 2 15993 2393 2 15994 2362 2 15995 2393 2 15996 2394 2 15997 2361 2 15998 2394 3914 15999 2395 3914 16000 2360 3914 16001 2387 2 16002 2364 2 16003 2365 2 16004 2368 2 16005 2382 2 16006 2367 2 16007 2377 2 16008 2370 2 16009 2371 2 16010 2378 3707 16011 2369 3707 16012 2370 3707 16013 2368 2 16014 2369 2 16015 2380 2 16016 2366 3915 16017 2367 3915 16018 2384 3915 16019 2365 3709 16020 2366 3709 16021 2386 3709 16022 2362 2 16023 2363 2 16024 2392 2 16025 2424 4 16026 2413 4 16027 2423 4 16028 2413 4 16029 2414 4 16030 2423 4 16031 2414 4 16032 2415 4 16033 2416 4 16034 2417 4 16035 2418 4 16036 2419 4 16037 2417 4 16038 2419 4 16039 2420 4 16040 2420 4 16041 2421 4 16042 2422 4 16043 2417 4 16044 2420 4 16045 2422 4 16046 2423 4 16047 2414 4 16048 2416 4 16049 2416 4 16050 2417 4 16051 2422 4 16052 2413 3 16053 2425 3 16054 2426 3 16055 2424 5 16056 2427 5 16057 2425 5 16058 2423 1 16059 2428 1 16060 2427 1 16061 2422 5 16062 2429 5 16063 2428 5 16064 2421 3 16065 2430 3 16066 2429 3 16067 2420 5 16068 2431 5 16069 2430 5 16070 2419 1 16071 2432 1 16072 2431 1 16073 2418 0 16074 2433 0 16075 2432 0 16076 2417 3 16077 2434 3 16078 2433 3 16079 2416 0 16080 2435 0 16081 2434 0 16082 2415 1 16083 2436 1 16084 2435 1 16085 2414 0 16086 2426 0 16087 2436 0 16088 2436 2 16089 2426 2 16090 2435 2 16091 2426 2 16092 2425 2 16093 2435 2 16094 2425 2 16095 2427 2 16096 2428 2 16097 2429 2 16098 2430 2 16099 2431 2 16100 2429 2 16101 2431 2 16102 2432 2 16103 2432 2 16104 2433 2 16105 2434 2 16106 2429 2 16107 2432 2 16108 2434 2 16109 2435 2 16110 2425 2 16111 2428 2 16112 2428 2 16113 2429 2 16114 2434 2 16115 2488 4 16116 2437 4 16117 2479 4 16118 2437 4 16119 2438 4 16120 2478 4 16121 2479 4 16122 2437 4 16123 2478 4 16124 2438 3916 16125 2439 3916 16126 2478 3916 16127 2439 4 16128 2440 4 16129 2477 4 16130 2478 4 16131 2439 4 16132 2477 4 16133 2440 3261 16134 2441 3261 16135 2476 3261 16136 2441 3917 16137 2442 3917 16138 2475 3917 16139 2442 3918 16140 2443 3918 16141 2474 3918 16142 2443 4 16143 2444 4 16144 2473 4 16145 2444 3919 16146 2445 3919 16147 2472 3919 16148 2445 3920 16149 2446 3920 16150 2470 3920 16151 2472 4 16152 2445 4 16153 2471 4 16154 2446 3921 16155 2447 3921 16156 2469 3921 16157 2447 4 16158 2448 4 16159 2468 4 16160 2469 4 16161 2447 4 16162 2468 4 16163 2448 4 16164 2449 4 16165 2467 4 16166 2449 3922 16167 2450 3922 16168 2466 3922 16169 2450 4 16170 2451 4 16171 2465 4 16172 2451 4 16173 2452 4 16174 2464 4 16175 2465 4 16176 2451 4 16177 2464 4 16178 2452 4 16179 2453 4 16180 2464 4 16181 2453 4 16182 2454 4 16183 2463 4 16184 2454 3923 16185 2455 3923 16186 2462 3923 16187 2455 3924 16188 2456 3924 16189 2461 3924 16190 2462 3925 16191 2455 3925 16192 2461 3925 16193 2456 4 16194 2457 4 16195 2461 4 16196 2457 3926 16197 2458 3926 16198 2460 3926 16199 2458 4 16200 2459 4 16201 2460 4 16202 2457 4 16203 2460 4 16204 2461 4 16205 2453 3927 16206 2463 3927 16207 2464 3927 16208 2449 3928 16209 2466 3928 16210 2467 3928 16211 2441 3929 16212 2475 3929 16213 2476 3929 16214 2443 4 16215 2473 4 16216 2474 4 16217 2486 4 16218 2487 4 16219 2481 4 16220 2487 4 16221 2488 4 16222 2480 4 16223 2484 4 16224 2485 4 16225 2482 4 16226 2485 4 16227 2486 4 16228 2481 4 16229 2482 4 16230 2485 4 16231 2481 4 16232 2482 4 16233 2483 4 16234 2484 4 16235 2487 3930 16236 2480 3930 16237 2481 3930 16238 2480 3931 16239 2488 3931 16240 2479 3931 16241 2471 4 16242 2445 4 16243 2470 4 16244 2454 3932 16245 2462 3932 16246 2463 3932 16247 2450 4 16248 2465 4 16249 2466 4 16250 2476 4 16251 2477 4 16252 2440 4 16253 2448 3278 16254 2467 3278 16255 2468 3278 16256 2474 3933 16257 2475 3933 16258 2442 3933 16259 2469 3934 16260 2470 3934 16261 2446 3934 16262 2437 3935 16263 2489 3936 16264 2490 3937 16265 2488 3938 16266 2491 3939 16267 2489 3940 16268 2487 3941 16269 2492 3942 16270 2491 3943 16271 2486 3944 16272 2493 3945 16273 2492 3946 16274 2485 3947 16275 2494 3948 16276 2493 3949 16277 2484 5 16278 2495 5 16279 2494 5 16280 2483 1 16281 2496 1 16282 2495 1 16283 2482 3950 16284 2497 3951 16285 2496 3952 16286 2481 3953 16287 2498 3954 16288 2497 3955 16289 2480 3302 16290 2499 3303 16291 2498 3304 16292 2479 3956 16293 2500 3957 16294 2499 3958 16295 2478 3959 16296 2501 3960 16297 2500 3961 16298 2477 3962 16299 2502 3963 16300 2501 3313 16301 2476 3964 16302 2503 3965 16303 2502 3966 16304 2475 3967 16305 2504 3968 16306 2503 3969 16307 2474 3970 16308 2505 3971 16309 2504 3972 16310 2473 3973 16311 2506 3974 16312 2505 3975 16313 2472 3976 16314 2507 3977 16315 2506 3978 16316 2471 3979 16317 2508 3980 16318 2507 3981 16319 2470 3982 16320 2509 3983 16321 2508 3984 16322 2469 3985 16323 2510 3986 16324 2509 3987 16325 2468 3988 16326 2511 3989 16327 2510 3990 16328 2467 3991 16329 2512 3992 16330 2511 3993 16331 2466 3994 16332 2513 3995 16333 2512 3996 16334 2465 3997 16335 2514 3998 16336 2513 3999 16337 2464 4000 16338 2515 4001 16339 2514 4002 16340 2463 4003 16341 2516 4004 16342 2515 4005 16343 2462 4006 16344 2517 4007 16345 2516 4008 16346 2461 4009 16347 2518 4010 16348 2517 4011 16349 2460 4012 16350 2519 4013 16351 2518 4014 16352 2459 4015 16353 2520 4016 16354 2519 4017 16355 2458 3 16356 2521 3 16357 2520 3 16358 2457 5 16359 2522 5 16360 2521 5 16361 2456 4018 16362 2523 4019 16363 2522 4020 16364 2455 4021 16365 2524 4022 16366 2523 4023 16367 2454 4024 16368 2525 4025 16369 2524 4026 16370 2453 4027 16371 2526 4028 16372 2525 4029 16373 2452 4030 16374 2527 4031 16375 2526 4032 16376 2451 4033 16377 2528 4034 16378 2527 4035 16379 2450 4036 16380 2529 4037 16381 2528 4038 16382 2449 4039 16383 2530 4040 16384 2529 4041 16385 2448 4042 16386 2531 4043 16387 2530 4044 16388 2447 4045 16389 2532 4046 16390 2531 4047 16391 2446 4048 16392 2533 4049 16393 2532 4050 16394 2445 4051 16395 2534 4052 16396 2533 4053 16397 2444 4054 16398 2535 4055 16399 2534 4056 16400 2443 4057 16401 2536 4058 16402 2535 4059 16403 2442 4060 16404 2537 4061 16405 2536 4062 16406 2441 4063 16407 2538 4064 16408 2537 4065 16409 2440 4066 16410 2539 4067 16411 2538 4068 16412 2439 4069 16413 2540 4070 16414 2539 4071 16415 2438 4072 16416 2490 4073 16417 2540 4074 16418 2540 2 16419 2490 2 16420 2501 2 16421 2490 2 16422 2489 2 16423 2501 2 16424 2501 2 16425 2489 2 16426 2500 2 16427 2489 2 16428 2491 2 16429 2500 2 16430 2491 2 16431 2492 2 16432 2499 2 16433 2492 4075 16434 2493 4075 16435 2498 4075 16436 2493 4076 16437 2494 4076 16438 2498 4076 16439 2492 4077 16440 2498 4077 16441 2499 4077 16442 2494 3427 16443 2495 3427 16444 2497 3427 16445 2495 2 16446 2496 2 16447 2497 2 16448 2491 4078 16449 2499 4078 16450 2500 4078 16451 2539 2 16452 2540 2 16453 2502 2 16454 2537 2 16455 2538 2 16456 2504 2 16457 2538 2 16458 2539 2 16459 2503 2 16460 2504 2 16461 2538 2 16462 2503 2 16463 2535 4079 16464 2536 4079 16465 2506 4079 16466 2536 2 16467 2537 2 16468 2505 2 16469 2506 4080 16470 2536 4080 16471 2505 4080 16472 2533 2 16473 2534 2 16474 2509 2 16475 2534 4081 16476 2535 4081 16477 2507 4081 16478 2531 3432 16479 2532 3432 16480 2511 3432 16481 2532 2 16482 2533 2 16483 2510 2 16484 2529 3433 16485 2530 3433 16486 2513 3433 16487 2530 3434 16488 2531 3434 16489 2512 3434 16490 2513 2 16491 2530 2 16492 2512 2 16493 2527 3435 16494 2528 3435 16495 2515 3435 16496 2528 2 16497 2529 2 16498 2514 2 16499 2525 2 16500 2526 2 16501 2516 2 16502 2526 4082 16503 2527 4082 16504 2516 4082 16505 2523 2 16506 2524 2 16507 2518 2 16508 2524 4083 16509 2525 4083 16510 2517 4083 16511 2521 4084 16512 2522 4084 16513 2519 4084 16514 2522 2 16515 2523 2 16516 2518 2 16517 2519 4085 16518 2522 4085 16519 2518 4085 16520 2519 2 16521 2520 2 16522 2521 2 16523 2524 2 16524 2517 2 16525 2518 2 16526 2517 2 16527 2525 2 16528 2516 2 16529 2528 4086 16530 2514 4086 16531 2515 4086 16532 2514 2 16533 2529 2 16534 2513 2 16535 2532 2 16536 2510 2 16537 2511 2 16538 2534 2 16539 2507 2 16540 2508 2 16541 2494 2 16542 2497 2 16543 2498 2 16544 2534 2 16545 2508 2 16546 2509 2 16547 2507 2 16548 2535 2 16549 2506 2 16550 2540 4087 16551 2501 4087 16552 2502 4087 16553 2515 4088 16554 2516 4088 16555 2527 4088 16556 2539 2 16557 2502 2 16558 2503 2 16559 2504 2 16560 2505 2 16561 2537 2 16562 2511 3441 16563 2512 3441 16564 2531 3441 16565 2541 1 16566 2548 1 16567 2549 1 16568 2543 4089 16569 2550 4090 16570 2548 4091 16571 2542 3 16572 2551 3 16573 2550 3 16574 2544 4092 16575 2552 4093 16576 2551 4094 16577 2553 3 16578 2554 3 16579 2552 3 16580 2545 1 16581 2556 1 16582 2557 1 16583 2546 4095 16584 2558 3452 16585 2556 4096 16586 2555 4097 16587 2557 4098 16588 2558 4099 16589 2547 4100 16590 2549 4101 16591 2560 4102 16592 2562 4103 16593 2561 4104 16594 2554 4105 16595 2559 3 16596 2560 3 16597 2561 3 16598 2568 4 16599 2563 4 16600 2567 4 16601 2563 4 16602 2564 4 16603 2567 4 16604 2564 4 16605 2565 4 16606 2567 4 16607 2563 3 16608 2569 3 16609 2570 3 16610 2568 5 16611 2571 5 16612 2569 5 16613 2567 1 16614 2572 1 16615 2571 1 16616 2566 5 16617 2573 5 16618 2572 5 16619 2565 1 16620 2574 1 16621 2573 1 16622 2564 0 16623 2570 0 16624 2574 0 16625 2570 2 16626 2569 2 16627 2572 2 16628 2569 2 16629 2571 2 16630 2572 2 16631 2572 2 16632 2573 2 16633 2574 2 16634 2587 4 16635 2575 4 16636 2577 4 16637 2575 4 16638 2576 4 16639 2577 4 16640 2577 4106 16641 2578 4106 16642 2585 4106 16643 2578 4 16644 2579 4 16645 2585 4 16646 2581 4 16647 2582 4 16648 2580 4 16649 2582 4107 16650 2583 4107 16651 2580 4107 16652 2586 4 16653 2587 4 16654 2577 4 16655 2580 4 16656 2583 4 16657 2584 4 16658 2585 4108 16659 2586 4108 16660 2577 4108 16661 2580 4109 16662 2584 4109 16663 2585 4109 16664 2575 3 16665 2588 3 16666 2589 3 16667 2587 5 16668 2590 5 16669 2588 5 16670 2586 1 16671 2591 1 16672 2590 1 16673 2585 4110 16674 2592 4111 16675 2591 4112 16676 2584 4113 16677 2593 4114 16678 2592 4115 16679 2583 1 16680 2594 1 16681 2593 1 16682 2582 0 16683 2595 0 16684 2594 0 16685 2581 3 16686 2596 3 16687 2595 3 16688 2580 5 16689 2597 5 16690 2596 5 16691 2579 4116 16692 2598 4117 16693 2597 4118 16694 2578 3 16695 2599 3 16696 2598 3 16697 2577 4119 16698 2600 4120 16699 2599 4121 16700 2576 0 16701 2589 0 16702 2600 0 16703 2600 2 16704 2589 2 16705 2588 2 16706 2594 2 16707 2595 2 16708 2597 2 16709 2595 2 16710 2596 2 16711 2597 2 16712 2597 4122 16713 2598 4122 16714 2592 4122 16715 2598 2 16716 2599 2 16717 2592 2 16718 2600 2 16719 2588 2 16720 2590 2 16721 2593 2 16722 2594 2 16723 2597 2 16724 2592 4123 16725 2593 4123 16726 2597 4123 16727 2600 2 16728 2590 2 16729 2591 2 16730 2600 2 16731 2591 2 16732 2592 2 16733 2601 1 16734 2605 1 16735 2606 4124 16736 2603 0 16737 2607 0 16738 2605 0 16739 2608 3 16740 2609 3 16741 2607 3 16742 2602 5 16743 2611 5 16744 2612 5 16745 2613 4125 16746 2614 1622 16747 2611 3 16748 2604 4126 16749 2606 4127 16750 2617 4128 16751 2620 5 16752 2619 5 16753 2609 5 16754 2621 4129 16755 2624 4130 16756 2625 4131 16757 2610 1 16758 2612 1 16759 2624 1637 16760 2622 4132 16761 2626 4133 16762 2619 3 16763 2627 4134 16764 2628 4135 16765 2626 4136 16766 2623 4137 16767 2625 4138 16768 2630 4139 16769 2632 4140 16770 2631 4141 16771 2628 4142 16772 2629 4143 16773 2630 4144 16774 2634 4145 16775 2637 4146 16776 2636 4147 16777 2631 4148 16778 2633 4149 16779 2634 4150 16780 2635 4151 16781 2638 4152 16782 2635 4153 16783 2640 4154 16784 2639 4155 16785 2640 4156 16786 2642 4157 16787 2645 4158 16788 2644 4159 16789 2636 4160 16790 2641 4161 16791 2642 4162 16792 2643 4163 16793 2646 4164 16794 2643 4165 16795 2648 4166 16796 2616 4167 16797 2617 4168 16798 2655 4169 16799 2653 4170 16800 2656 4171 16801 2618 4172 16802 2652 4173 16803 2657 4174 16804 2656 4175 16805 2650 4176 16806 2658 4177 16807 2657 4178 16808 2647 4179 16809 2648 4180 16810 2658 4181 16811 2654 4182 16812 2655 4183 16813 2660 4184 16814 2651 4185 16815 2660 4186 16816 2659 4187 16817 2649 4188 16818 2659 4189 16819 2662 4190 16820 2661 4191 16821 2662 4192 16822 2665 4193 16823 2663 4194 16824 2666 4195 16825 2644 4196 16826 2667 4197 16827 2668 4198 16828 2666 4199 16829 2664 4200 16830 2665 4201 16831 2670 4202 16832 2672 4203 16833 2671 4204 16834 2668 4205 16835 2669 4206 16836 2670 4207 16837 2674 4208 16838 2673 4209 16839 2674 4210 16840 2671 4211 16841 2615 4212 16842 2618 4213 16843 2614 4214 16844 2675 1 16845 2679 1 16846 2680 4215 16847 2677 0 16848 2681 0 16849 2679 0 16850 2682 3 16851 2683 3 16852 2681 3 16853 2676 5 16854 2685 5 16855 2686 5 16856 2687 4216 16857 2688 3086 16858 2685 3 16859 2678 4217 16860 2680 4218 16861 2690 4219 16862 2692 5 16863 2691 5 16864 2683 5 16865 2693 4220 16866 2696 4221 16867 2697 4222 16868 2684 1 16869 2686 1 16870 2696 846 16871 2694 3 16872 2698 3 16873 2691 3 16874 2699 4223 16875 2700 4224 16876 2698 4225 16877 2695 4226 16878 2697 4227 16879 2703 4228 16880 2706 3 16881 2705 3 16882 2700 3 16883 2701 4229 16884 2704 4230 16885 2705 4231 16886 2707 4232 16887 2708 4233 16888 2704 4234 16889 2702 4235 16890 2703 4236 16891 2710 4237 16892 2721 4238 16893 2720 4239 16894 2688 4240 16895 2689 4241 16896 2690 4242 16897 2717 4243 16898 2723 4244 16899 2717 4245 16900 2714 4246 16901 2726 4247 16902 2718 4248 16903 2719 4249 16904 2725 4250 16905 2716 4251 16906 2718 4252 16907 2727 4253 16908 2715 4254 16909 2716 4255 16910 2724 4256 16911 2714 4257 16912 2731 4258 16913 2729 4259 16914 2732 4260 16915 2708 4261 16916 2733 4262 16917 2734 4263 16918 2732 4264 16919 2730 4265 16920 2731 4266 16921 2736 4267 16922 2738 4268 16923 2737 4269 16924 2734 4270 16925 2735 4271 16926 2736 4272 16927 2740 4273 16928 2742 4274 16929 2741 4275 16930 2737 4276 16931 2739 4277 16932 2740 4278 16933 2741 4279 16934 2709 4280 16935 2710 4281 16936 2711 4282 16937 2744 4283 16938 2711 4284 16939 2712 4285 16940 2743 4286 16941 2712 4287 16942 2713 4288 16943 2728 4289 16944 2713 4290 16945 2715 4291 16946 2722 4292 16947 2719 4293 16948 2720 4294 16949 2746 4 16950 2747 4 16951 2749 4 16952 2747 4 16953 2748 4 16954 2749 4 16955 2755 4 16956 2756 4 16957 2754 4 16958 2756 4 16959 2745 4 16960 2754 4 16961 2745 4295 16962 2746 4295 16963 2753 4295 16964 2746 4296 16965 2749 4296 16966 2750 4296 16967 2750 4 16968 2751 4 16969 2752 4 16970 2746 4297 16971 2750 4297 16972 2753 4297 16973 2753 4 16974 2754 4 16975 2745 4 16976 2745 0 16977 2757 0 16978 2758 0 16979 2756 3 16980 2759 3 16981 2757 3 16982 2755 5 16983 2760 5 16984 2759 5 16985 2754 1 16986 2761 1 16987 2760 1 16988 2753 5 16989 2762 5 16990 2761 5 16991 2752 3 16992 2763 3 16993 2762 3 16994 2751 5 16995 2764 5 16996 2763 5 16997 2750 1 16998 2765 1 16999 2764 1 17000 2749 5 17001 2766 5 17002 2765 5 17003 2748 3 17004 2767 3 17005 2766 3 17006 2747 5 17007 2768 5 17008 2767 5 17009 2746 1 17010 2758 1 17011 2768 1 17012 2757 2 17013 2759 2 17014 2761 2 17015 2759 2 17016 2760 2 17017 2761 2 17018 2767 2 17019 2768 2 17020 2766 2 17021 2768 2 17022 2758 2 17023 2766 2 17024 2758 2 17025 2757 2 17026 2762 2 17027 2757 2 17028 2761 2 17029 2762 2 17030 2762 2 17031 2763 2 17032 2764 2 17033 2765 2 17034 2766 2 17035 2758 2 17036 2762 2 17037 2764 2 17038 2765 2 17039 2835 4 17040 2769 4 17041 2778 4 17042 2769 4 17043 2770 4 17044 2778 4 17045 2778 4298 17046 2770 4298 17047 2777 4298 17048 2770 4299 17049 2771 4299 17050 2777 4299 17051 2771 4300 17052 2772 4300 17053 2776 4300 17054 2777 4 17055 2771 4 17056 2776 4 17057 2772 4301 17058 2773 4301 17059 2775 4301 17060 2773 4 17061 2774 4 17062 2775 4 17063 2833 4 17064 2834 4 17065 2780 4 17066 2834 4 17067 2835 4 17068 2779 4 17069 2831 4 17070 2832 4 17071 2781 4 17072 2832 4 17073 2833 4 17074 2781 4 17075 2829 4302 17076 2830 4302 17077 2782 4302 17078 2830 4 17079 2831 4 17080 2782 4 17081 2827 4303 17082 2828 4303 17083 2784 4303 17084 2828 4 17085 2829 4 17086 2783 4 17087 2825 4 17088 2826 4 17089 2786 4 17090 2826 4304 17091 2827 4304 17092 2785 4304 17093 2785 4 17094 2827 4 17095 2784 4 17096 2823 4305 17097 2824 4305 17098 2787 4305 17099 2824 4306 17100 2825 4306 17101 2786 4306 17102 2822 4 17103 2823 4 17104 2789 4 17105 2824 4307 17106 2786 4307 17107 2787 4307 17108 2828 4 17109 2783 4 17110 2784 4 17111 2782 4 17112 2831 4 17113 2781 4 17114 2834 4 17115 2779 4 17116 2780 4 17117 2772 4308 17118 2775 4308 17119 2776 4308 17120 2783 4 17121 2829 4 17122 2782 4 17123 2835 4309 17124 2778 4309 17125 2779 4309 17126 2809 4 17127 2810 4 17128 2811 4 17129 2807 4 17130 2808 4 17131 2812 4 17132 2808 4310 17133 2809 4310 17134 2811 4310 17135 2805 4 17136 2806 4 17137 2813 4 17138 2806 4 17139 2807 4 17140 2812 4 17141 2813 4 17142 2806 4 17143 2812 4 17144 2803 4 17145 2804 4 17146 2814 4 17147 2804 4 17148 2805 4 17149 2814 4 17150 2801 4 17151 2802 4 17152 2815 4 17153 2802 4 17154 2803 4 17155 2815 4 17156 2799 4 17157 2800 4 17158 2816 4 17159 2800 4 17160 2801 4 17161 2816 4 17162 2797 4 17163 2798 4 17164 2817 4 17165 2798 4 17166 2799 4 17167 2817 4 17168 2795 4 17169 2796 4 17170 2819 4 17171 2796 4 17172 2797 4 17173 2818 4 17174 2793 4 17175 2794 4 17176 2820 4 17177 2794 4311 17178 2795 4311 17179 2819 4311 17180 2791 4312 17181 2792 4312 17182 2820 4312 17183 2792 4 17184 2793 4 17185 2820 4 17186 2789 4 17187 2790 4 17188 2822 4 17189 2790 4313 17190 2791 4313 17191 2821 4313 17192 2788 4314 17193 2789 4314 17194 2823 4314 17195 2790 4315 17196 2821 4315 17197 2822 4315 17198 2794 4316 17199 2819 4316 17200 2820 4316 17201 2796 4 17202 2818 4 17203 2819 4 17204 2818 4 17205 2797 4 17206 2817 4 17207 2814 4 17208 2805 4 17209 2813 4 17210 2808 4317 17211 2811 4317 17212 2812 4317 17213 2801 4 17214 2815 4 17215 2816 4 17216 2815 4 17217 2803 4 17218 2814 4 17219 2787 4 17220 2788 4 17221 2823 4 17222 2833 4318 17223 2780 4318 17224 2781 4318 17225 2799 4 17226 2816 4 17227 2817 4 17228 2826 4 17229 2785 4 17230 2786 4 17231 2769 4319 17232 2836 4320 17233 2837 4321 17234 2835 4322 17235 2838 4323 17236 2836 4324 17237 2834 4325 17238 2839 4326 17239 2838 4327 17240 2833 4328 17241 2840 4329 17242 2839 4330 17243 2832 4331 17244 2841 4332 17245 2840 4333 17246 2831 4334 17247 2842 4335 17248 2841 4336 17249 2830 4337 17250 2843 4338 17251 2842 4339 17252 2829 4340 17253 2844 4341 17254 2843 4342 17255 2828 4343 17256 2845 4344 17257 2844 4345 17258 2827 4346 17259 2846 4347 17260 2845 4348 17261 2826 4349 17262 2847 4350 17263 2846 4351 17264 2825 4352 17265 2848 4353 17266 2847 4354 17267 2824 4355 17268 2849 4356 17269 2848 4357 17270 2823 4358 17271 2850 4359 17272 2849 4360 17273 2822 4361 17274 2851 4362 17275 2850 4363 17276 2821 4364 17277 2852 4365 17278 2851 4366 17279 2820 4367 17280 2853 4368 17281 2852 4369 17282 2819 4370 17283 2854 4371 17284 2853 4372 17285 2818 4373 17286 2855 4374 17287 2854 4375 17288 2817 4376 17289 2856 4377 17290 2855 4378 17291 2816 4379 17292 2857 4380 17293 2856 4381 17294 2815 4382 17295 2858 4383 17296 2857 4384 17297 2814 4385 17298 2859 4386 17299 2858 4387 17300 2813 4388 17301 2860 2097 17302 2859 4389 17303 2812 4390 17304 2861 4391 17305 2860 4392 17306 2811 4393 17307 2862 4394 17308 2861 4395 17309 2810 4396 17310 2863 4397 17311 2862 4398 17312 2809 3 17313 2864 3 17314 2863 3 17315 2808 5 17316 2865 5 17317 2864 5 17318 2807 4399 17319 2866 4400 17320 2865 4401 17321 2806 4402 17322 2867 4403 17323 2866 4404 17324 2805 4405 17325 2868 4406 17326 2867 4407 17327 2804 4408 17328 2869 4409 17329 2868 4410 17330 2803 4411 17331 2870 4412 17332 2869 4413 17333 2802 4414 17334 2871 4415 17335 2870 4416 17336 2801 4417 17337 2872 4418 17338 2871 4419 17339 2800 4420 17340 2873 4421 17341 2872 4422 17342 2799 4423 17343 2874 4424 17344 2873 4425 17345 2798 4426 17346 2875 4427 17347 2874 4428 17348 2797 4429 17349 2876 4430 17350 2875 4431 17351 2796 4432 17352 2877 4433 17353 2876 4434 17354 2795 4435 17355 2878 4436 17356 2877 4437 17357 2794 4438 17358 2879 4439 17359 2878 4440 17360 2793 4441 17361 2880 4442 17362 2879 4443 17363 2792 4444 17364 2881 4445 17365 2880 4446 17366 2791 4447 17367 2882 4448 17368 2881 4449 17369 2790 4450 17370 2883 4451 17371 2882 4452 17372 2789 4453 17373 2884 4454 17374 2883 4455 17375 2788 4456 17376 2885 4457 17377 2884 4458 17378 2787 4459 17379 2886 4460 17380 2885 4461 17381 2786 4462 17382 2887 4463 17383 2886 4464 17384 2785 4465 17385 2888 4466 17386 2887 4467 17387 2784 4468 17388 2889 4469 17389 2888 4470 17390 2783 4471 17391 2890 4472 17392 2889 4473 17393 2782 4474 17394 2891 4475 17395 2890 4476 17396 2781 4477 17397 2892 4478 17398 2891 4479 17399 2780 4480 17400 2893 4481 17401 2892 4482 17402 2779 4483 17403 2894 4484 17404 2893 4485 17405 2778 4486 17406 2895 4487 17407 2894 4488 17408 2777 4489 17409 2896 4490 17410 2895 4491 17411 2776 4492 17412 2897 4493 17413 2896 4494 17414 2775 4495 17415 2898 4496 17416 2897 4497 17417 2774 4498 17418 2899 4499 17419 2898 4500 17420 2773 1 17421 2900 1 17422 2899 1 17423 2772 0 17424 2901 0 17425 2900 0 17426 2771 4501 17427 2902 4502 17428 2901 4503 17429 2770 4504 17430 2837 4505 17431 2902 4506 17432 2902 2 17433 2837 2 17434 2896 2 17435 2837 2 17436 2836 2 17437 2895 2 17438 2836 2 17439 2838 2 17440 2895 2 17441 2838 4507 17442 2839 4507 17443 2894 4507 17444 2839 2 17445 2840 2 17446 2893 2 17447 2840 4508 17448 2841 4508 17449 2892 4508 17450 2893 4509 17451 2840 4509 17452 2892 4509 17453 2841 4510 17454 2842 4510 17455 2892 4510 17456 2842 4511 17457 2843 4511 17458 2891 4511 17459 2892 2 17460 2842 2 17461 2891 2 17462 2843 4512 17463 2844 4512 17464 2891 4512 17465 2844 4513 17466 2845 4513 17467 2890 4513 17468 2845 2 17469 2846 2 17470 2889 2 17471 2846 2 17472 2847 2 17473 2888 2 17474 2889 4514 17475 2846 4514 17476 2888 4514 17477 2847 2 17478 2848 2 17479 2887 2 17480 2848 4515 17481 2849 4515 17482 2887 4515 17483 2887 4516 17484 2849 4516 17485 2886 4516 17486 2849 2 17487 2850 2 17488 2886 2 17489 2850 2 17490 2851 2 17491 2884 2 17492 2886 2 17493 2850 2 17494 2885 2 17495 2844 2 17496 2890 2 17497 2891 2 17498 2890 4517 17499 2845 4517 17500 2889 4517 17501 2837 4518 17502 2895 4518 17503 2896 4518 17504 2838 4519 17505 2894 4519 17506 2895 4519 17507 2894 2 17508 2839 2 17509 2893 2 17510 2900 4520 17511 2901 4520 17512 2898 4520 17513 2901 4521 17514 2902 4521 17515 2897 4521 17516 2898 2 17517 2901 2 17518 2897 2 17519 2898 2 17520 2899 2 17521 2900 2 17522 2851 2 17523 2852 2 17524 2883 2 17525 2896 2 17526 2897 2 17527 2902 2 17528 2862 2 17529 2863 2 17530 2864 2 17531 2864 4522 17532 2865 4522 17533 2862 4522 17534 2865 2 17535 2866 2 17536 2861 2 17537 2862 2 17538 2865 2 17539 2861 2 17540 2866 2 17541 2867 2 17542 2861 2 17543 2867 2 17544 2868 2 17545 2860 2 17546 2868 2 17547 2869 2 17548 2859 2 17549 2869 4523 17550 2870 4523 17551 2859 4523 17552 2870 2 17553 2871 2 17554 2858 2 17555 2871 4524 17556 2872 4524 17557 2858 4524 17558 2872 2 17559 2873 2 17560 2857 2 17561 2873 4525 17562 2874 4525 17563 2857 4525 17564 2874 2 17565 2875 2 17566 2856 2 17567 2875 2 17568 2876 2 17569 2856 2 17570 2876 4526 17571 2877 4526 17572 2855 4526 17573 2877 4527 17574 2878 4527 17575 2854 4527 17576 2878 2 17577 2879 2 17578 2854 2 17579 2879 2 17580 2880 2 17581 2853 2 17582 2854 2 17583 2879 2 17584 2853 2 17585 2880 4528 17586 2881 4528 17587 2853 4528 17588 2881 2 17589 2882 2 17590 2853 2 17591 2882 2 17592 2883 2 17593 2852 2 17594 2883 2 17595 2884 2 17596 2851 2 17597 2884 2 17598 2885 2 17599 2850 2 17600 2877 2 17601 2854 2 17602 2855 2 17603 2858 4529 17604 2872 4529 17605 2857 4529 17606 2867 4530 17607 2860 4530 17608 2861 4530 17609 2868 4531 17610 2859 4531 17611 2860 4531 17612 2858 2 17613 2859 2 17614 2870 2 17615 2856 2 17616 2857 2 17617 2874 2 17618 2855 2 17619 2856 2 17620 2876 2 17621 2852 2 17622 2853 2 17623 2882 2 17624 2969 4 17625 2903 4 17626 2912 4 17627 2903 4 17628 2904 4 17629 2912 4 17630 2912 4298 17631 2904 4298 17632 2911 4298 17633 2904 4299 17634 2905 4299 17635 2911 4299 17636 2905 4532 17637 2906 4532 17638 2910 4532 17639 2911 4 17640 2905 4 17641 2910 4 17642 2906 4533 17643 2907 4533 17644 2909 4533 17645 2907 4 17646 2908 4 17647 2909 4 17648 2967 4 17649 2968 4 17650 2914 4 17651 2968 4 17652 2969 4 17653 2913 4 17654 2965 4 17655 2966 4 17656 2915 4 17657 2966 4 17658 2967 4 17659 2915 4 17660 2963 4302 17661 2964 4302 17662 2916 4302 17663 2964 4 17664 2965 4 17665 2916 4 17666 2961 4303 17667 2962 4303 17668 2918 4303 17669 2962 4 17670 2963 4 17671 2917 4 17672 2959 4 17673 2960 4 17674 2920 4 17675 2960 4304 17676 2961 4304 17677 2919 4304 17678 2919 4 17679 2961 4 17680 2918 4 17681 2957 4534 17682 2958 4534 17683 2921 4534 17684 2958 4535 17685 2959 4535 17686 2920 4535 17687 2956 4 17688 2957 4 17689 2923 4 17690 2958 4307 17691 2920 4307 17692 2921 4307 17693 2962 4 17694 2917 4 17695 2918 4 17696 2916 4 17697 2965 4 17698 2915 4 17699 2968 4 17700 2913 4 17701 2914 4 17702 2906 4536 17703 2909 4536 17704 2910 4536 17705 2917 4 17706 2963 4 17707 2916 4 17708 2969 4309 17709 2912 4309 17710 2913 4309 17711 2943 4 17712 2944 4 17713 2945 4 17714 2941 4 17715 2942 4 17716 2946 4 17717 2942 4310 17718 2943 4310 17719 2945 4310 17720 2939 4 17721 2940 4 17722 2947 4 17723 2940 4 17724 2941 4 17725 2946 4 17726 2947 4 17727 2940 4 17728 2946 4 17729 2937 4 17730 2938 4 17731 2948 4 17732 2938 4 17733 2939 4 17734 2948 4 17735 2935 4 17736 2936 4 17737 2949 4 17738 2936 4 17739 2937 4 17740 2949 4 17741 2933 4 17742 2934 4 17743 2950 4 17744 2934 4 17745 2935 4 17746 2950 4 17747 2931 4 17748 2932 4 17749 2951 4 17750 2932 4 17751 2933 4 17752 2951 4 17753 2929 4 17754 2930 4 17755 2953 4 17756 2930 4 17757 2931 4 17758 2952 4 17759 2927 4 17760 2928 4 17761 2954 4 17762 2928 4311 17763 2929 4311 17764 2953 4311 17765 2925 4312 17766 2926 4312 17767 2954 4312 17768 2926 4 17769 2927 4 17770 2954 4 17771 2923 4 17772 2924 4 17773 2956 4 17774 2924 4313 17775 2925 4313 17776 2955 4313 17777 2922 4537 17778 2923 4537 17779 2957 4537 17780 2924 4538 17781 2955 4538 17782 2956 4538 17783 2928 4539 17784 2953 4539 17785 2954 4539 17786 2930 4 17787 2952 4 17788 2953 4 17789 2952 4 17790 2931 4 17791 2951 4 17792 2948 4 17793 2939 4 17794 2947 4 17795 2942 4540 17796 2945 4540 17797 2946 4540 17798 2935 4 17799 2949 4 17800 2950 4 17801 2949 4 17802 2937 4 17803 2948 4 17804 2921 4 17805 2922 4 17806 2957 4 17807 2967 4318 17808 2914 4318 17809 2915 4318 17810 2933 4 17811 2950 4 17812 2951 4 17813 2960 4 17814 2919 4 17815 2920 4 17816 2903 4541 17817 2970 4542 17818 2971 4543 17819 2969 4544 17820 2972 4545 17821 2970 4546 17822 2968 4325 17823 2973 4326 17824 2972 4327 17825 2967 4547 17826 2974 4548 17827 2973 4549 17828 2966 4550 17829 2975 4551 17830 2974 4552 17831 2965 4553 17832 2976 4554 17833 2975 4555 17834 2964 4556 17835 2977 4557 17836 2976 4558 17837 2963 4559 17838 2978 4560 17839 2977 4561 17840 2962 4562 17841 2979 4563 17842 2978 4564 17843 2961 4565 17844 2980 4566 17845 2979 4567 17846 2960 4568 17847 2981 4569 17848 2980 4570 17849 2959 4571 17850 2982 4572 17851 2981 4573 17852 2958 4574 17853 2983 4575 17854 2982 4576 17855 2957 4577 17856 2984 4578 17857 2983 4579 17858 2956 4361 17859 2985 4362 17860 2984 4363 17861 2955 4364 17862 2986 4365 17863 2985 4366 17864 2954 4367 17865 2987 4368 17866 2986 4369 17867 2953 4580 17868 2988 4581 17869 2987 4582 17870 2952 4583 17871 2989 4584 17872 2988 4585 17873 2951 4586 17874 2990 4587 17875 2989 4588 17876 2950 4379 17877 2991 4380 17878 2990 4381 17879 2949 4382 17880 2992 4383 17881 2991 4384 17882 2948 4385 17883 2993 4386 17884 2992 4387 17885 2947 4589 17886 2994 4590 17887 2993 4591 17888 2946 4390 17889 2995 4391 17890 2994 4392 17891 2945 4592 17892 2996 4593 17893 2995 4594 17894 2944 4396 17895 2997 4397 17896 2996 4398 17897 2943 3 17898 2998 3 17899 2997 3 17900 2942 5 17901 2999 5 17902 2998 5 17903 2941 4399 17904 3000 4400 17905 2999 4401 17906 2940 4402 17907 3001 4403 17908 3000 4404 17909 2939 4595 17910 3002 4596 17911 3001 4597 17912 2938 4598 17913 3003 4599 17914 3002 4600 17915 2937 4411 17916 3004 4412 17917 3003 4413 17918 2936 4414 17919 3005 4415 17920 3004 4416 17921 2935 4601 17922 3006 4602 17923 3005 4603 17924 2934 4604 17925 3007 4605 17926 3006 4606 17927 2933 4607 17928 3008 4608 17929 3007 4609 17930 2932 4610 17931 3009 4611 17932 3008 4612 17933 2931 4613 17934 3010 4614 17935 3009 4615 17936 2930 4616 17937 3011 4617 17938 3010 4618 17939 2929 4619 17940 3012 4620 17941 3011 4621 17942 2928 4438 17943 3013 4439 17944 3012 4440 17945 2927 4622 17946 3014 4623 17947 3013 4624 17948 2926 4444 17949 3015 4445 17950 3014 4446 17951 2925 4447 17952 3016 4448 17953 3015 4449 17954 2924 4625 17955 3017 4626 17956 3016 4627 17957 2923 4628 17958 3018 4629 17959 3017 4630 17960 2922 4631 17961 3019 4632 17962 3018 4633 17963 2921 4634 17964 3020 4635 17965 3019 4636 17966 2920 4462 17967 3021 4463 17968 3020 4464 17969 2919 4637 17970 3022 4638 17971 3021 4639 17972 2918 4468 17973 3023 4469 17974 3022 4470 17975 2917 4640 17976 3024 4641 17977 3023 4642 17978 2916 4474 17979 3025 4475 17980 3024 4476 17981 2915 4643 17982 3026 4644 17983 3025 4645 17984 2914 4480 17985 3027 4481 17986 3026 4482 17987 2913 4483 17988 3028 4484 17989 3027 4485 17990 2912 4486 17991 3029 4487 17992 3028 4488 17993 2911 4646 17994 3030 4647 17995 3029 4648 17996 2910 4649 17997 3031 4650 17998 3030 4651 17999 2909 4495 18000 3032 4496 18001 3031 4497 18002 2908 4652 18003 3033 4653 18004 3032 4654 18005 2907 1 18006 3034 1 18007 3033 1 18008 2906 0 18009 3035 0 18010 3034 0 18011 2905 4655 18012 3036 4656 18013 3035 4657 18014 2904 4658 18015 2971 4659 18016 3036 4660 18017 3036 2 18018 2971 2 18019 3030 2 18020 2971 2 18021 2970 2 18022 3029 2 18023 2970 2 18024 2972 2 18025 3029 2 18026 2972 4507 18027 2973 4507 18028 3028 4507 18029 2973 2 18030 2974 2 18031 3027 2 18032 2974 4508 18033 2975 4508 18034 3026 4508 18035 3027 4509 18036 2974 4509 18037 3026 4509 18038 2975 4661 18039 2976 4661 18040 3026 4661 18041 2976 4511 18042 2977 4511 18043 3025 4511 18044 3026 2 18045 2976 2 18046 3025 2 18047 2977 4512 18048 2978 4512 18049 3025 4512 18050 2978 4513 18051 2979 4513 18052 3024 4513 18053 2979 2 18054 2980 2 18055 3023 2 18056 2980 2 18057 2981 2 18058 3022 2 18059 3023 4514 18060 2980 4514 18061 3022 4514 18062 2981 2 18063 2982 2 18064 3021 2 18065 2982 4662 18066 2983 4662 18067 3021 4662 18068 3021 4516 18069 2983 4516 18070 3020 4516 18071 2983 2 18072 2984 2 18073 3020 2 18074 2984 2 18075 2985 2 18076 3018 2 18077 3020 2 18078 2984 2 18079 3019 2 18080 2978 2 18081 3024 2 18082 3025 2 18083 3024 4517 18084 2979 4517 18085 3023 4517 18086 2971 4518 18087 3029 4518 18088 3030 4518 18089 2972 4519 18090 3028 4519 18091 3029 4519 18092 3028 2 18093 2973 2 18094 3027 2 18095 3034 4663 18096 3035 4663 18097 3032 4663 18098 3035 4664 18099 3036 4664 18100 3031 4664 18101 3032 2 18102 3035 2 18103 3031 2 18104 3032 2 18105 3033 2 18106 3034 2 18107 2985 2 18108 2986 2 18109 3017 2 18110 3030 2 18111 3031 2 18112 3036 2 18113 2996 2 18114 2997 2 18115 2998 2 18116 2998 4522 18117 2999 4522 18118 2996 4522 18119 2999 2 18120 3000 2 18121 2995 2 18122 2996 2 18123 2999 2 18124 2995 2 18125 3000 2 18126 3001 2 18127 2995 2 18128 3001 2 18129 3002 2 18130 2994 2 18131 3002 2 18132 3003 2 18133 2993 2 18134 3003 4523 18135 3004 4523 18136 2993 4523 18137 3004 2 18138 3005 2 18139 2992 2 18140 3005 4524 18141 3006 4524 18142 2992 4524 18143 3006 2 18144 3007 2 18145 2991 2 18146 3007 4525 18147 3008 4525 18148 2991 4525 18149 3008 2 18150 3009 2 18151 2990 2 18152 3009 2 18153 3010 2 18154 2990 2 18155 3010 4665 18156 3011 4665 18157 2989 4665 18158 3011 4527 18159 3012 4527 18160 2988 4527 18161 3012 2 18162 3013 2 18163 2988 2 18164 3013 2 18165 3014 2 18166 2987 2 18167 2988 2 18168 3013 2 18169 2987 2 18170 3014 4528 18171 3015 4528 18172 2987 4528 18173 3015 2 18174 3016 2 18175 2987 2 18176 3016 2 18177 3017 2 18178 2986 2 18179 3017 2 18180 3018 2 18181 2985 2 18182 3018 2 18183 3019 2 18184 2984 2 18185 3011 2 18186 2988 2 18187 2989 2 18188 2992 4666 18189 3006 4666 18190 2991 4666 18191 3001 4530 18192 2994 4530 18193 2995 4530 18194 3002 4531 18195 2993 4531 18196 2994 4531 18197 2992 2 18198 2993 2 18199 3004 2 18200 2990 2 18201 2991 2 18202 3008 2 18203 2989 2 18204 2990 2 18205 3010 2 18206 2986 2 18207 2987 2 18208 3016 2 18209 3048 4 18210 3037 4 18211 3047 4 18212 3037 4 18213 3038 4 18214 3047 4 18215 3038 4 18216 3039 4 18217 3040 4 18218 3041 4 18219 3042 4 18220 3043 4 18221 3041 4 18222 3043 4 18223 3044 4 18224 3044 4 18225 3045 4 18226 3046 4 18227 3041 4 18228 3044 4 18229 3046 4 18230 3047 4 18231 3038 4 18232 3040 4 18233 3040 4 18234 3041 4 18235 3046 4 18236 3037 3 18237 3049 3 18238 3050 3 18239 3048 5 18240 3051 5 18241 3049 5 18242 3047 1 18243 3052 1 18244 3051 1 18245 3046 5 18246 3053 5 18247 3052 5 18248 3045 3 18249 3054 3 18250 3053 3 18251 3044 5 18252 3055 5 18253 3054 5 18254 3043 1 18255 3056 1 18256 3055 1 18257 3042 0 18258 3057 0 18259 3056 0 18260 3041 3 18261 3058 3 18262 3057 3 18263 3040 0 18264 3059 0 18265 3058 0 18266 3039 1 18267 3060 1 18268 3059 1 18269 3038 0 18270 3050 0 18271 3060 0 18272 3060 2 18273 3050 2 18274 3059 2 18275 3050 2 18276 3049 2 18277 3059 2 18278 3049 2 18279 3051 2 18280 3052 2 18281 3053 2 18282 3054 2 18283 3055 2 18284 3053 2 18285 3055 2 18286 3058 2 18287 3055 2 18288 3056 2 18289 3058 2 18290 3056 2 18291 3057 2 18292 3058 2 18293 3059 2 18294 3049 2 18295 3052 2 18296 3052 2 18297 3053 2 18298 3058 2 18299 3067 4 18300 3061 4 18301 3066 4 18302 3061 4667 18303 3062 4667 18304 3066 4667 18305 3062 4 18306 3063 4 18307 3066 4 18308 3063 4668 18309 3064 4668 18310 3066 4668 18311 3061 4669 18312 3068 4670 18313 3069 4671 18314 3067 1 18315 3070 1 18316 3068 1 18317 3066 4672 18318 3071 4673 18319 3070 4674 18320 3065 4675 18321 3072 4676 18322 3071 4677 18323 3064 1 18324 3073 1 18325 3072 1 18326 3063 4678 18327 3074 4679 18328 3073 4680 18329 3062 3 18330 3069 3 18331 3074 3 18332 3074 2 18333 3069 2 18334 3071 2 18335 3069 4681 18336 3068 4681 18337 3071 4681 18338 3068 2 18339 3070 2 18340 3071 2 18341 3071 2 18342 3072 2 18343 3073 2 18344 3076 4 18345 3077 4 18346 3079 4 18347 3077 4 18348 3078 4 18349 3079 4 18350 3085 4 18351 3086 4 18352 3084 4 18353 3086 4 18354 3075 4 18355 3084 4 18356 3075 4682 18357 3076 4682 18358 3083 4682 18359 3076 4683 18360 3079 4683 18361 3080 4683 18362 3080 4 18363 3081 4 18364 3082 4 18365 3076 4297 18366 3080 4297 18367 3083 4297 18368 3083 4 18369 3084 4 18370 3075 4 18371 3075 0 18372 3087 0 18373 3088 0 18374 3086 3 18375 3089 3 18376 3087 3 18377 3085 5 18378 3090 5 18379 3089 5 18380 3084 1 18381 3091 1 18382 3090 1 18383 3083 5 18384 3092 5 18385 3091 5 18386 3082 3 18387 3093 3 18388 3092 3 18389 3081 5 18390 3094 5 18391 3093 5 18392 3080 1 18393 3095 1 18394 3094 1 18395 3079 5 18396 3096 5 18397 3095 5 18398 3078 3 18399 3097 3 18400 3096 3 18401 3077 5 18402 3098 5 18403 3097 5 18404 3076 1 18405 3088 1 18406 3098 1 18407 3087 2 18408 3089 2 18409 3091 2 18410 3089 2 18411 3090 2 18412 3091 2 18413 3097 2 18414 3098 2 18415 3096 2 18416 3098 2 18417 3088 2 18418 3096 2 18419 3088 2 18420 3087 2 18421 3092 2 18422 3087 2 18423 3091 2 18424 3092 2 18425 3092 2 18426 3093 2 18427 3094 2 18428 3095 2 18429 3096 2 18430 3088 2 18431 3092 2 18432 3094 2 18433 3095 2 18434 3100 2184 18435 3101 2184 18436 3102 2184 18437 3101 4 18453 3100 4 18454 3107 4 18455 3100 4688 18456 3105 4688 18457 3109 4688 18458 3110 4689 18459 3104 4689 18460 3105 4689 18461 3109 4690 18462 3111 4690 18463 3112 4690 18464 3110 2190 18465 3108 2190 18466 3107 2190 18467 3115 4692 18471 3113 4692 18472 3114 4692 18473 66 5 18474 70 5 18475 3113 5 18476 3111 4702 18504 3120 4703 18505 3119 4704 18506 3120 4705 18507 3105 4706 18508 3119 4707 18509 3105 4708 18510 3104 4709 18511 3119 4710 18512 3111 4711 18513 3109 4712 18514 3105 4713 18515 3104 4714 18516 3110 4715 18517 3112 4716 18518 3128 5 18540 61 5 18541 3121 5 18542 3128 4 18546 3129 4 18547 3130 4 18548 3130 4 18549 3131 4 18550 3132 4 18551 61 4722 18552 3128 4722 18553 3130 4722 18554 3130 0 18555 3129 0 18556 3127 0 18557 3132 0 18561 3131 0 18562 3125 0 18563</p>
        </triangles>
      </mesh>
    </geometry>
  </library_geometries>
  <library_visual_scenes>
    <visual_scene id="Scene" name="Scene">
      <node id="Tòa_bò_sữa" name="Tòa bò sữa" type="NODE">
        <matrix sid="transform">0.005 0 0 0 0 -8.14603e-10 -0.005 0 0 0.005 -8.14603e-10 0 0 0 0 1</matrix>
        <instance_geometry url="#Tòa_bò_sữa-mesh" name="Tòa bò sữa">
          <bind_material>
            <technique_common>
              <instance_material symbol="Color_H03_003-material" target="#Color_H03_003-material">
                <bind_vertex_input semantic="UVMap" input_semantic="TEXCOORD" input_set="0"/>
              </instance_material>
              <instance_material symbol="Color_K02_003-material" target="#Color_K02_003-material">
                <bind_vertex_input semantic="UVMap" input_semantic="TEXCOORD" input_set="0"/>
              </instance_material>
              <instance_material symbol="Color_M02_003-material" target="#Color_M02_003-material">
                <bind_vertex_input semantic="UVMap" input_semantic="TEXCOORD" input_set="0"/>
              </instance_material>
              <instance_material symbol="Color_G07_003-material" target="#Color_G07_003-material">
                <bind_vertex_input semantic="UVMap" input_semantic="TEXCOORD" input_set="0"/>
              </instance_material>
              <instance_material symbol="Color_M09_003-material" target="#Color_M09_003-material">
                <bind_vertex_input semantic="UVMap" input_semantic="TEXCOORD" input_set="0"/>
              </instance_material>
              <instance_material symbol="Color_H06_003-material" target="#Color_H06_003-material">
                <bind_vertex_input semantic="UVMap" input_semantic="TEXCOORD" input_set="0"/>
              </instance_material>
              <instance_material symbol="Color_D06_003-material" target="#Color_D06_003-material">
                <bind_vertex_input semantic="UVMap" input_semantic="TEXCOORD" input_set="0"/>
              </instance_material>
              <instance_material symbol="Color_M00_003-material" target="#Color_M00_003-material">
                <bind_vertex_input semantic="UVMap" input_semantic="TEXCOORD" input_set="0"/>
              </instance_material>
              <instance_material symbol="Color_H05_003-material" target="#Color_H05_003-material">
                <bind_vertex_input semantic="UVMap" input_semantic="TEXCOORD" input_set="0"/>
              </instance_material>
              <instance_material symbol="Color_H02_003-material" target="#Color_H02_003-material">
                <bind_vertex_input semantic="UVMap" input_semantic="TEXCOORD" input_set="0"/>
              </instance_material>
              <instance_material symbol="Color_E02_003-material" target="#Color_E02_003-material">
                <bind_vertex_input semantic="UVMap" input_semantic="TEXCOORD" input_set="0"/>
              </instance_material>
              <instance_material symbol="Color_E01_003-material" target="#Color_E01_003-material">
                <bind_vertex_input semantic="UVMap" input_semantic="TEXCOORD" input_set="0"/>
              </instance_material>
              <instance_material symbol="Color_M07_003-material" target="#Color_M07_003-material">
                <bind_vertex_input semantic="UVMap" input_semantic="TEXCOORD" input_set="0"/>
              </instance_material>
              <instance_material symbol="Color_D02_003-material" target="#Color_D02_003-material">
                <bind_vertex_input semantic="UVMap" input_semantic="TEXCOORD" input_set="0"/>
              </instance_material>
              <instance_material symbol="Color_B04_003-material" target="#Color_B04_003-material">
                <bind_vertex_input semantic="UVMap" input_semantic="TEXCOORD" input_set="0"/>
              </instance_material>
              <instance_material symbol="Color_M08_003-material" target="#Color_M08_003-material">
                <bind_vertex_input semantic="UVMap" input_semantic="TEXCOORD" input_set="0"/>
              </instance_material>
              <instance_material symbol="Niraj_Pant_Shadow_002-material" target="#Niraj_Pant_Shadow_002-material">
                <bind_vertex_input semantic="UVMap" input_semantic="TEXCOORD" input_set="0"/>
              </instance_material>
              <instance_material symbol="Color_M05_003-material" target="#Color_M05_003-material">
                <bind_vertex_input semantic="UVMap" input_semantic="TEXCOORD" input_set="0"/>
              </instance_material>
              <instance_material symbol="FrontColor_003-material" target="#FrontColor_003-material">
                <bind_vertex_input semantic="UVMap" input_semantic="TEXCOORD" input_set="0"/>
              </instance_material>
            </technique_common>
          </bind_material>
        </instance_geometry>
      </node>
    </visual_scene>
  </library_visual_scenes>
  <scene>
    <instance_visual_scene url="#Scene"/>
  </scene>
</COLLADA>